query_basename,run_id,budget_frac,budget_n,T_true,T_hat,Qerror,n_post,n_comment,oracle_cost,method
query_3_120.graph,1,0.1,856,22.59998838559814,22.08774546090571,0.02266562778496207,414,359,773,8_POSSA
query_3_120.graph,2,0.1,856,22.59998838559814,21.94846939922538,0.0288282885484995,437,351,788,8_POSSA
query_3_120.graph,3,0.1,856,22.59998838559814,26.249881235488775,0.16149976662008067,422,339,761,8_POSSA
query_3_120.graph,4,0.1,856,22.59998838559814,22.323358585100227,0.012240262949612725,412,367,779,8_POSSA
query_3_120.graph,5,0.1,856,22.59998838559814,22.507065788768514,0.0041116214417544665,422,348,770,8_POSSA
query_3_122.graph,1,0.1,862,22.269976162097734,20.412781938822985,0.0833945312629293,420,343,763,8_POSSA
query_3_122.graph,2,0.1,862,22.269976162097734,23.977636164972207,0.07667992055513807,437,353,790,8_POSSA
query_3_122.graph,3,0.1,862,22.269976162097734,22.472774018164976,0.00910633467189754,431,357,788,8_POSSA
query_3_122.graph,4,0.1,862,22.269976162097734,30.05819780802486,0.349718454534417,429,353,782,8_POSSA
query_3_122.graph,5,0.1,862,22.269976162097734,24.765433054663443,0.11205476262757921,411,347,758,8_POSSA
query_3_126.graph,1,0.1,862,22.269976162097734,22.61267048687472,0.015388176542381412,415,342,757,8_POSSA
query_3_126.graph,2,0.1,862,22.269976162097734,20.12894828917001,0.09613965714842718,429,362,791,8_POSSA
query_3_126.graph,3,0.1,862,22.269976162097734,21.23489099542159,0.046478952610546624,438,352,790,8_POSSA
query_3_126.graph,4,0.1,862,22.269976162097734,22.197280115091537,0.00326430735610402,422,363,785,8_POSSA
query_3_126.graph,5,0.1,862,22.269976162097734,23.821581985962737,0.06967254084922418,421,360,781,8_POSSA
query_3_130.graph,1,0.1,861,22.269976162097734,21.005186284757517,0.0567934993793491,419,361,780,8_POSSA
query_3_130.graph,2,0.1,861,22.269976162097734,22.420560061055216,0.006761744954795568,425,353,778,8_POSSA
query_3_130.graph,3,0.1,861,22.269976162097734,22.477094891992245,0.009300357054131703,432,345,777,8_POSSA
query_3_130.graph,4,0.1,861,22.269976162097734,20.066318099365045,0.09895197222901357,422,340,762,8_POSSA
query_3_130.graph,5,0.1,861,22.269976162097734,22.43558938890882,0.0074366144627020505,448,336,784,8_POSSA
query_3_133.graph,1,0.1,856,22.59998838559814,24.601657001032347,0.08856945327944372,438,349,787,8_POSSA
query_3_133.graph,2,0.1,856,22.59998838559814,25.90334672855879,0.1461663734776836,424,353,777,8_POSSA
query_3_133.graph,3,0.1,856,22.59998838559814,21.223624235925737,0.0609010998673563,433,354,787,8_POSSA
query_3_133.graph,4,0.1,856,22.59998838559814,22.539771754580638,0.0026644540691833593,416,374,790,8_POSSA
query_3_133.graph,5,0.1,856,22.59998838559814,21.68924377853758,0.04029845465057556,418,334,752,8_POSSA
query_3_137.graph,1,0.1,866,20.981674311926607,21.167060568295085,0.008835627396193962,420,366,786,8_POSSA
query_3_137.graph,2,0.1,866,20.981674311926607,20.078602359984746,0.04304098607748039,405,363,768,8_POSSA
query_3_137.graph,3,0.1,866,20.981674311926607,20.25810213517576,0.03448591213426404,425,365,790,8_POSSA
query_3_137.graph,4,0.1,866,20.981674311926607,20.015517329665535,0.04604765891880611,420,354,774,8_POSSA
query_3_137.graph,5,0.1,866,20.981674311926607,18.471208823631294,0.11965038876179153,414,391,805,8_POSSA
query_3_17.graph,1,0.1,866,20.981674311926607,19.20231094582893,0.08480559461769138,424,367,791,8_POSSA
query_3_17.graph,2,0.1,866,20.981674311926607,19.124093125107596,0.08853350591583185,410,365,775,8_POSSA
query_3_17.graph,3,0.1,866,20.981674311926607,23.68848901638663,0.1290085178245946,420,361,781,8_POSSA
query_3_17.graph,4,0.1,866,20.981674311926607,27.642197406480086,0.3174447851746245,412,377,789,8_POSSA
query_3_17.graph,5,0.1,866,20.981674311926607,19.522294896129658,0.06955495515281135,426,366,792,8_POSSA
query_3_21.graph,1,0.1,865,22.535027932960887,23.674407649157356,0.05056038623896951,420,365,785,8_POSSA
query_3_21.graph,2,0.1,865,22.535027932960887,22.58899098706216,0.0023946300071962627,408,360,768,8_POSSA
query_3_21.graph,3,0.1,865,22.535027932960887,18.732704029098805,0.16872949592845224,423,378,801,8_POSSA
query_3_21.graph,4,0.1,865,22.535027932960887,23.947395170209305,0.06267430603813973,423,379,802,8_POSSA
query_3_21.graph,5,0.1,865,22.535027932960887,25.59047452665494,0.13558654565610725,412,357,769,8_POSSA
query_3_25.graph,1,0.1,862,22.269976162097734,19.803057759309336,0.11077328439115963,429,367,796,8_POSSA
query_3_25.graph,2,0.1,862,22.269976162097734,22.156224779591987,0.005107835844896203,429,362,791,8_POSSA
query_3_25.graph,3,0.1,862,22.269976162097734,27.884412552459505,0.2521078760702596,419,344,763,8_POSSA
query_3_25.graph,4,0.1,862,22.269976162097734,20.073348214981884,0.0986362953928253,437,364,801,8_POSSA
query_3_25.graph,5,0.1,862,22.269976162097734,20.797752951588432,0.06610798322339223,419,357,776,8_POSSA
query_3_36.graph,1,0.1,862,22.269976162097734,18.666072832299587,0.1618278934636576,429,345,774,8_POSSA
query_3_36.graph,2,0.1,862,22.269976162097734,21.259682912123992,0.045365708639293706,416,343,759,8_POSSA
query_3_36.graph,3,0.1,862,22.269976162097734,24.741350342754846,0.1109733644377785,429,334,763,8_POSSA
query_3_36.graph,4,0.1,862,22.269976162097734,24.10432508161793,0.08236869703714168,427,350,777,8_POSSA
query_3_36.graph,5,0.1,862,22.269976162097734,20.62978838816315,0.07365018094299057,423,350,773,8_POSSA
query_3_39.graph,1,0.1,862,22.269976162097734,24.91049838813412,0.1185687046459622,435,349,784,8_POSSA
query_3_39.graph,2,0.1,862,22.269976162097734,21.211117151818748,0.04754648153064061,423,363,786,8_POSSA
query_3_39.graph,3,0.1,862,22.269976162097734,21.89315026811287,0.0169208036525069,429,360,789,8_POSSA
query_3_39.graph,4,0.1,862,22.269976162097734,21.339995314022964,0.04175940024837323,432,354,786,8_POSSA
query_3_39.graph,5,0.1,862,22.269976162097734,23.46101292587482,0.05348172602915324,440,341,781,8_POSSA
query_3_41.graph,1,0.1,865,22.535027932960887,24.143764081365386,0.07138824736274144,422,350,772,8_POSSA
query_3_41.graph,2,0.1,865,22.535027932960887,24.83097365692612,0.10188342037096233,418,358,776,8_POSSA
query_3_41.graph,3,0.1,865,22.535027932960887,26.891912861754587,0.19333834161443827,417,362,779,8_POSSA
query_3_41.graph,4,0.1,865,22.535027932960887,22.59730101987775,0.002763390713431527,427,351,778,8_POSSA
query_3_41.graph,5,0.1,865,22.535027932960887,22.8812641326979,0.015364356359664901,440,379,819,8_POSSA
query_3_53.graph,1,0.1,862,22.269976162097734,23.118981531078763,0.03812331736690356,420,334,754,8_POSSA
query_3_53.graph,2,0.1,862,22.269976162097734,22.164583748210447,0.004732488850466725,424,350,774,8_POSSA
query_3_53.graph,3,0.1,862,22.269976162097734,22.354667901885882,0.003802956014487749,424,358,782,8_POSSA
query_3_53.graph,4,0.1,862,22.269976162097734,24.046642972300138,0.07977856811657445,433,345,778,8_POSSA
query_3_53.graph,5,0.1,862,22.269976162097734,23.214208949744158,0.04239936229718359,426,342,768,8_POSSA
query_3_62.graph,1,0.1,856,22.59998838559814,25.190571619597552,0.11462763563410774,427,370,797,8_POSSA
query_3_62.graph,2,0.1,856,22.59998838559814,21.07502285680894,0.06747638550827698,427,355,782,8_POSSA
query_3_62.graph,3,0.1,856,22.59998838559814,21.399374995075277,0.05312451360762451,418,348,766,8_POSSA
query_3_62.graph,4,0.1,856,22.59998838559814,23.940503043662165,0.059314838361521786,411,361,772,8_POSSA
query_3_62.graph,5,0.1,856,22.59998838559814,23.71159438844252,0.04918613159787068,407,368,775,8_POSSA
query_3_8.graph,1,0.1,866,20.981674311926607,20.17335851401944,0.038524847249568436,401,369,770,8_POSSA
query_3_8.graph,2,0.1,866,20.981674311926607,19.395455995097077,0.07560017819587814,416,357,773,8_POSSA
query_3_8.graph,3,0.1,866,20.981674311926607,21.648563937347575,0.031784385531229406,425,339,764,8_POSSA
query_3_8.graph,4,0.1,866,20.981674311926607,20.61513024388162,0.01746972441739948,415,376,791,8_POSSA
query_3_8.graph,5,0.1,866,20.981674311926607,21.172304126381245,0.009085538723965355,423,367,790,8_POSSA
query_3_88.graph,1,0.1,865,22.535027932960887,21.931314741573427,0.02678999081711533,428,350,778,8_POSSA
query_3_88.graph,2,0.1,865,22.535027932960887,22.486358250541173,0.002159734727842389,420,360,780,8_POSSA
query_3_88.graph,3,0.1,865,22.535027932960887,21.47167635105733,0.04718661033245247,424,367,791,8_POSSA
query_3_88.graph,4,0.1,865,22.535027932960887,21.24465006063413,0.05726098392979514,428,356,784,8_POSSA
query_3_88.graph,5,0.1,865,22.535027932960887,23.54013044678411,0.044601786907621725,427,353,780,8_POSSA
query_3_96.graph,1,0.1,857,22.59998838559814,22.00313108071257,0.02640962883263775,433,358,791,8_POSSA
query_3_96.graph,2,0.1,857,22.59998838559814,20.06726312911145,0.11206754681788568,421,379,800,8_POSSA
query_3_96.graph,3,0.1,857,22.59998838559814,24.882552370575972,0.10099845831922621,423,366,789,8_POSSA
query_3_96.graph,4,0.1,857,22.59998838559814,23.001628871573185,0.017771712052338462,424,355,779,8_POSSA
query_3_96.graph,5,0.1,857,22.59998838559814,22.182083710589982,0.018491366804173657,444,369,813,8_POSSA
query_4_0.graph,1,0.1,243,20.3687619047619,21.62381624475836,0.06161662382155131,178,211,389,8_POSSA
query_4_0.graph,2,0.1,243,20.3687619047619,16.221161131139528,0.20362557100992612,185,194,379,8_POSSA
query_4_0.graph,3,0.1,243,20.3687619047619,26.093073667966717,0.2810338591010071,180,191,371,8_POSSA
query_4_0.graph,4,0.1,243,20.3687619047619,19.739418039738084,0.030897502163677693,179,206,385,8_POSSA
query_4_0.graph,5,0.1,243,20.3687619047619,33.10006921146816,0.625040803473179,180,202,382,8_POSSA
query_4_102.graph,1,0.1,251,20.190220264317183,18.793439471523673,0.06918105768573934,180,104,284,8_POSSA
query_4_102.graph,2,0.1,251,20.190220264317183,20.25884228951599,0.0033987754616072218,181,102,283,8_POSSA
query_4_102.graph,3,0.1,251,20.190220264317183,22.80365460775778,0.12944060585903583,182,100,282,8_POSSA
query_4_102.graph,4,0.1,251,20.190220264317183,18.910505913131544,0.06338288212968725,182,100,282,8_POSSA
query_4_102.graph,5,0.1,251,20.190220264317183,22.190493596372974,0.09907139723437973,184,99,283,8_POSSA
query_4_103.graph,1,0.1,247,19.442699115044245,23.65845953895096,0.21682999870345532,174,97,271,8_POSSA
query_4_103.graph,2,0.1,247,19.442699115044245,21.220125157254653,0.09141868789375455,172,104,276,8_POSSA
query_4_103.graph,3,0.1,247,19.442699115044245,18.36169482501393,0.055599496944015454,187,95,282,8_POSSA
query_4_103.graph,4,0.1,247,19.442699115044245,19.89688821690739,0.023360393491441922,177,94,271,8_POSSA
query_4_103.graph,5,0.1,247,19.442699115044245,24.418689935942062,0.2559310716816847,183,102,285,8_POSSA
query_4_115.graph,1,0.1,823,19.697104974578806,20.83393597387478,0.05771563896131813,371,334,705,8_POSSA
query_4_115.graph,2,0.1,823,19.697104974578806,20.236786924200533,0.02739904926730316,363,324,687,8_POSSA
query_4_115.graph,3,0.1,823,19.697104974578806,19.673357336971485,0.0012056410136398535,359,344,703,8_POSSA
query_4_115.graph,4,0.1,823,19.697104974578806,20.749545860522723,0.05343124724685188,366,338,704,8_POSSA
query_4_115.graph,5,0.1,823,19.697104974578806,21.77901491818563,0.10569624045227706,375,338,713,8_POSSA
query_4_119.graph,1,0.1,252,22.437651821862346,18.781862746757387,0.16293100116398568,181,102,283,8_POSSA
query_4_119.graph,2,0.1,252,22.437651821862346,22.957913442917086,0.02318699056323789,183,104,287,8_POSSA
query_4_119.graph,3,0.1,252,22.437651821862346,26.55080285770069,0.18331468321612215,180,97,277,8_POSSA
query_4_119.graph,4,0.1,252,22.437651821862346,16.98314525994269,0.24309614059547008,195,92,287,8_POSSA
query_4_119.graph,5,0.1,252,22.437651821862346,22.386429169510574,0.002282888278971444,186,92,278,8_POSSA
query_4_12.graph,1,0.1,814,19.892936968691686,19.393438092506052,0.02510935800841098,351,311,662,8_POSSA
query_4_12.graph,2,0.1,814,19.892936968691686,16.67656867683966,0.16168393319267416,351,326,677,8_POSSA
query_4_12.graph,3,0.1,814,19.892936968691686,20.33317296691241,0.02213026658223401,359,316,675,8_POSSA
query_4_12.graph,4,0.1,814,19.892936968691686,17.244065089222364,0.13315640036653334,361,324,685,8_POSSA
query_4_12.graph,5,0.1,814,19.892936968691686,17.804533031471045,0.1049821823950609,366,325,691,8_POSSA
query_4_120.graph,1,0.1,813,20.16930265995687,21.481733406665253,0.0650707051619597,373,309,682,8_POSSA
query_4_120.graph,2,0.1,813,20.16930265995687,18.896366082054953,0.06311257257441731,371,306,677,8_POSSA
query_4_120.graph,3,0.1,813,20.16930265995687,20.119219679728,0.0024831289942562436,370,343,713,8_POSSA
query_4_120.graph,4,0.1,813,20.16930265995687,19.13503026877945,0.051279531504617344,366,317,683,8_POSSA
query_4_120.graph,5,0.1,813,20.16930265995687,18.89529603699823,0.06316562572527559,369,336,705,8_POSSA
query_4_124.graph,1,0.1,821,21.018560827759195,21.476088163149328,0.021767776544713586,357,317,674,8_POSSA
query_4_124.graph,2,0.1,821,21.018560827759195,20.48361516728274,0.025451107945028945,359,326,685,8_POSSA
query_4_124.graph,3,0.1,821,21.018560827759195,22.1275644741531,0.0527630628700917,369,322,691,8_POSSA
query_4_124.graph,4,0.1,821,21.018560827759195,25.7226446990396,0.22380618301266963,363,327,690,8_POSSA
query_4_124.graph,5,0.1,821,21.018560827759195,20.510100704899834,0.024191005608140324,362,340,702,8_POSSA
query_4_125.graph,1,0.1,243,25.814827586206896,36.14122971786725,0.4000182490925427,178,176,354,8_POSSA
query_4_125.graph,2,0.1,243,25.814827586206896,28.10244925992718,0.08861657766572038,182,194,376,8_POSSA
query_4_125.graph,3,0.1,243,25.814827586206896,19.84014185278042,0.23144395264599044,174,201,375,8_POSSA
query_4_125.graph,4,0.1,243,25.814827586206896,21.7469044986716,0.15758087378080435,163,187,350,8_POSSA
query_4_125.graph,5,0.1,243,25.814827586206896,22.157418710277277,0.14167860946256355,174,197,371,8_POSSA
query_4_136.graph,1,0.1,817,20.9990124671916,19.05637546328353,0.09251087435388713,366,338,704,8_POSSA
query_4_136.graph,2,0.1,817,20.9990124671916,21.054098647049674,0.0026232747822850276,355,321,676,8_POSSA
query_4_136.graph,3,0.1,817,20.9990124671916,20.747222536981994,0.011990560537215676,370,329,699,8_POSSA
query_4_136.graph,4,0.1,817,20.9990124671916,22.91967114098589,0.09146423798714746,362,310,672,8_POSSA
query_4_136.graph,5,0.1,817,20.9990124671916,19.035632075279143,0.0934987011879726,356,335,691,8_POSSA
query_4_140.graph,1,0.1,245,19.657918552036197,20.393537633157447,0.03742100564584206,194,88,282,8_POSSA
query_4_140.graph,2,0.1,245,19.657918552036197,17.260394797427573,0.12196223869084476,178,94,272,8_POSSA
query_4_140.graph,3,0.1,245,19.657918552036197,20.047419591201336,0.019813951214320936,183,100,283,8_POSSA
query_4_140.graph,4,0.1,245,19.657918552036197,23.716067337437647,0.2064383762024032,181,99,280,8_POSSA
query_4_140.graph,5,0.1,245,19.657918552036197,23.96522467155291,0.21911303112355993,179,89,268,8_POSSA
query_4_147.graph,1,0.1,818,19.697104974578806,19.554377444780343,0.007246117131561645,351,323,674,8_POSSA
query_4_147.graph,2,0.1,818,19.697104974578806,18.761498428245012,0.047499698434937176,352,352,704,8_POSSA
query_4_147.graph,3,0.1,818,19.697104974578806,18.20511885459703,0.07574646740763903,361,329,690,8_POSSA
query_4_147.graph,4,0.1,818,19.697104974578806,18.607153935874294,0.055335595769592,362,330,692,8_POSSA
query_4_147.graph,5,0.1,818,19.697104974578806,17.410678135731352,0.11607933459248602,358,325,683,8_POSSA
query_4_15.graph,1,0.1,261,20.62518181818182,19.430751227417208,0.057911275706266925,196,211,407,8_POSSA
query_4_15.graph,2,0.1,261,20.62518181818182,24.70575004982172,0.19784398836391046,192,197,389,8_POSSA
query_4_15.graph,3,0.1,261,20.62518181818182,14.862863054950987,0.2793826892789448,189,210,399,8_POSSA
query_4_15.graph,4,0.1,261,20.62518181818182,17.135356265259578,0.16920217158259607,187,226,413,8_POSSA
query_4_15.graph,5,0.1,261,20.62518181818182,19.59797779740023,0.04980339227245371,189,205,394,8_POSSA
query_4_18.graph,1,0.1,823,19.802462505066885,17.76235146237986,0.10302309837299362,359,333,692,8_POSSA
query_4_18.graph,2,0.1,823,19.802462505066885,20.462744185397913,0.03334341272768884,355,341,696,8_POSSA
query_4_18.graph,3,0.1,823,19.802462505066885,18.0351113513561,0.08924905946715311,368,327,695,8_POSSA
query_4_18.graph,4,0.1,823,19.802462505066885,16.434145246304205,0.1700958786262478,360,332,692,8_POSSA
query_4_18.graph,5,0.1,823,19.802462505066885,17.158537010993793,0.1335149854921622,356,346,702,8_POSSA
query_4_19.graph,1,0.1,3545,20.875310533515734,22.18058688099674,0.0625272781157127,510,748,1258,8_POSSA
query_4_19.graph,2,0.1,3545,20.875310533515734,21.740069747811525,0.04142497487198587,522,741,1263,8_POSSA
query_4_19.graph,3,0.1,3545,20.875310533515734,22.219067718076914,0.06437064408712634,535,741,1276,8_POSSA
query_4_19.graph,4,0.1,3545,20.875310533515734,20.500290924358364,0.017964743976156345,532,746,1278,8_POSSA
query_4_19.graph,5,0.1,3545,20.875310533515734,20.572805182458016,0.014491058735248013,527,751,1278,8_POSSA
query_4_20.graph,1,0.1,811,20.188181262729124,19.59380210268531,0.02944193695848875,345,327,672,8_POSSA
query_4_20.graph,2,0.1,811,20.188181262729124,18.80240128573496,0.0686431312934838,351,347,698,8_POSSA
query_4_20.graph,3,0.1,811,20.188181262729124,18.177860363019736,0.09957909895631799,362,330,692,8_POSSA
query_4_20.graph,4,0.1,811,20.188181262729124,22.383782013163085,0.10875673850261192,370,321,691,8_POSSA
query_4_20.graph,5,0.1,811,20.188181262729124,20.596685548882313,0.020234823575086405,347,330,677,8_POSSA
query_4_25.graph,1,0.1,226,22.72894736842106,23.947977862911802,0.05363338982360562,181,82,263,8_POSSA
query_4_25.graph,2,0.1,226,22.72894736842106,22.579025519269013,0.006596075336086368,175,88,263,8_POSSA
query_4_25.graph,3,0.1,226,22.72894736842106,23.75326978218212,0.04506686548908212,176,91,267,8_POSSA
query_4_25.graph,4,0.1,226,22.72894736842106,22.979294340034212,0.011014455159545841,184,85,269,8_POSSA
query_4_25.graph,5,0.1,226,22.72894736842106,30.451559337821195,0.3397698909774285,173,91,264,8_POSSA
query_4_27.graph,1,0.1,248,19.801098901098904,18.226086362916025,0.0795416732197358,183,194,377,8_POSSA
query_4_27.graph,2,0.1,248,19.801098901098904,46.79481635374959,1.3632434031806493,176,193,369,8_POSSA
query_4_27.graph,3,0.1,248,19.801098901098904,19.95945310219652,0.007997243076687416,187,177,364,8_POSSA
query_4_27.graph,4,0.1,248,19.801098901098904,20.92708634042063,0.05686489648608527,182,178,360,8_POSSA
query_4_27.graph,5,0.1,248,19.801098901098904,15.408548541160803,0.22183366599387708,179,196,375,8_POSSA
query_4_28.graph,1,0.1,254,22.277845528455284,21.869143246472017,0.018345682550910736,186,113,299,8_POSSA
query_4_28.graph,2,0.1,254,22.277845528455284,19.47069022555387,0.12600658799415143,191,109,300,8_POSSA
query_4_28.graph,3,0.1,254,22.277845528455284,22.288246293755257,0.00046686585050105306,193,110,303,8_POSSA
query_4_28.graph,4,0.1,254,22.277845528455284,24.06539359065485,0.08023882111563918,177,99,276,8_POSSA
query_4_28.graph,5,0.1,254,22.277845528455284,19.509398265363835,0.12426907528177882,180,107,287,8_POSSA
query_4_29.graph,1,0.1,823,19.455481965829993,20.03032792906544,0.02954673465530481,361,327,688,8_POSSA
query_4_29.graph,2,0.1,823,19.455481965829993,19.60705146457303,0.0077905805165475045,355,328,683,8_POSSA
query_4_29.graph,3,0.1,823,19.455481965829993,17.52623410240975,0.0991621727392113,362,337,699,8_POSSA
query_4_29.graph,4,0.1,823,19.455481965829993,17.921442537221587,0.07884869834130381,347,339,686,8_POSSA
query_4_29.graph,5,0.1,823,19.455481965829993,17.829491483394463,0.08357492686592322,351,354,705,8_POSSA
query_4_42.graph,1,0.1,225,18.111306122448973,19.227913256585815,0.0616524908025715,161,84,245,8_POSSA
query_4_42.graph,2,0.1,225,18.111306122448973,15.692394982965379,0.1335580726828615,174,89,263,8_POSSA
query_4_42.graph,3,0.1,225,18.111306122448973,18.62356459627198,0.028283905664211708,166,83,249,8_POSSA
query_4_42.graph,4,0.1,225,18.111306122448973,23.975665655580134,0.3237955061596736,171,74,245,8_POSSA
query_4_42.graph,5,0.1,225,18.111306122448973,19.233104647482193,0.06193912893133371,177,93,270,8_POSSA
query_4_51.graph,1,0.1,815,21.20330243455231,21.080730410720307,0.0057807987321948015,372,341,713,8_POSSA
query_4_51.graph,2,0.1,815,21.20330243455231,20.464139537957372,0.034860743927814665,363,323,686,8_POSSA
query_4_51.graph,3,0.1,815,21.20330243455231,20.764511771683296,0.020694449094588816,366,335,701,8_POSSA
query_4_51.graph,4,0.1,815,21.20330243455231,19.10080679083761,0.09915887632147963,370,346,716,8_POSSA
query_4_51.graph,5,0.1,815,21.20330243455231,19.620290260757002,0.07465875557270148,359,321,680,8_POSSA
query_4_57.graph,1,0.1,243,21.629155555555556,20.130065685784338,0.0693087562258606,183,98,281,8_POSSA
query_4_57.graph,2,0.1,243,21.629155555555556,22.303078923052468,0.031158098880277867,183,94,277,8_POSSA
query_4_57.graph,3,0.1,243,21.629155555555556,18.06183643195457,0.1649310401618847,182,107,289,8_POSSA
query_4_57.graph,4,0.1,243,21.629155555555556,21.717599667866065,0.004089115364829447,185,98,283,8_POSSA
query_4_57.graph,5,0.1,243,21.629155555555556,24.841185748409014,0.14850465079892738,176,101,277,8_POSSA
query_4_60.graph,1,0.1,255,20.659876033057852,24.336794352550875,0.17797388104408704,199,102,301,8_POSSA
query_4_60.graph,2,0.1,255,20.659876033057852,23.01752873234413,0.11411746592834335,197,100,297,8_POSSA
query_4_60.graph,3,0.1,255,20.659876033057852,22.636851699078555,0.09569155511181895,190,100,290,8_POSSA
query_4_60.graph,4,0.1,255,20.659876033057852,22.975542454150375,0.11208520406353004,187,102,289,8_POSSA
query_4_60.graph,5,0.1,255,20.659876033057852,20.287294735149654,0.01803405293003844,187,98,285,8_POSSA
query_4_61.graph,1,0.1,3596,20.77187242798354,20.016979302182367,0.036342083671965515,508,762,1270,8_POSSA
query_4_61.graph,2,0.1,3596,20.77187242798354,20.615463513155863,0.007529841874869408,527,768,1295,8_POSSA
query_4_61.graph,3,0.1,3596,20.77187242798354,20.621533983990528,0.007237597116689264,509,767,1276,8_POSSA
query_4_61.graph,4,0.1,3596,20.77187242798354,20.73489535445241,0.001780151195292099,511,748,1259,8_POSSA
query_4_61.graph,5,0.1,3596,20.77187242798354,19.825242115553948,0.04557270008813963,515,745,1260,8_POSSA
query_4_67.graph,1,0.1,243,20.3687619047619,21.276163081947985,0.044548666307201924,180,198,378,8_POSSA
query_4_67.graph,2,0.1,243,20.3687619047619,28.262728734957854,0.3875526095845063,178,213,391,8_POSSA
query_4_67.graph,3,0.1,243,20.3687619047619,21.585731527772865,0.05974686280399084,179,184,363,8_POSSA
query_4_67.graph,4,0.1,243,20.3687619047619,23.800892802364114,0.16849973079609884,182,190,372,8_POSSA
query_4_67.graph,5,0.1,243,20.3687619047619,25.722214401297826,0.26282660289157644,176,195,371,8_POSSA
query_4_77.graph,1,0.1,244,22.010523560209425,22.85777215086381,0.038492886747411977,185,185,370,8_POSSA
query_4_77.graph,2,0.1,244,22.010523560209425,19.806518349858177,0.1001341564784785,190,182,372,8_POSSA
query_4_77.graph,3,0.1,244,22.010523560209425,22.72064705253196,0.03226290780316984,184,186,370,8_POSSA
query_4_77.graph,4,0.1,244,22.010523560209425,27.191743702305455,0.23539740560568168,180,176,356,8_POSSA
query_4_77.graph,5,0.1,244,22.010523560209425,22.160181835881527,0.006799396446100648,175,192,367,8_POSSA
query_4_79.graph,1,0.1,247,19.442699115044245,19.731280363108255,0.014842653602591245,170,103,273,8_POSSA
query_4_79.graph,2,0.1,247,19.442699115044245,16.916101482221293,0.12995097120378404,177,103,280,8_POSSA
query_4_79.graph,3,0.1,247,19.442699115044245,18.938337732260884,0.02594091385146727,181,94,275,8_POSSA
query_4_79.graph,4,0.1,247,19.442699115044245,17.46098030622365,0.10192611617834449,184,96,280,8_POSSA
query_4_79.graph,5,0.1,247,19.442699115044245,18.775737873459665,0.034303942967903234,175,93,268,8_POSSA
query_4_83.graph,1,0.1,254,21.469105691056907,18.54322602815579,0.13628325767290395,194,112,306,8_POSSA
query_4_83.graph,2,0.1,254,21.469105691056907,23.043750485615153,0.07334468501937527,186,104,290,8_POSSA
query_4_83.graph,3,0.1,254,21.469105691056907,22.74745274484124,0.05954356330346994,188,96,284,8_POSSA
query_4_83.graph,4,0.1,254,21.469105691056907,21.576288743346673,0.004992432094384542,182,108,290,8_POSSA
query_4_83.graph,5,0.1,254,21.469105691056907,20.947815779223305,0.02428093276613513,182,111,293,8_POSSA
query_4_87.graph,1,0.1,225,22.862754716981133,21.50332840956979,0.05946030232313345,177,96,273,8_POSSA
query_4_87.graph,2,0.1,225,22.862754716981133,20.382663340934815,0.10847736446230816,166,103,269,8_POSSA
query_4_87.graph,3,0.1,225,22.862754716981133,23.101605863744993,0.010447172692906305,163,104,267,8_POSSA
query_4_87.graph,4,0.1,225,22.862754716981133,30.49380913480601,0.33377668230665886,170,93,263,8_POSSA
query_4_87.graph,5,0.1,225,22.862754716981133,18.874554015522396,0.17444095214372973,155,108,263,8_POSSA
query_4_96.graph,1,0.1,233,19.721355932203387,19.61491011079626,0.005397489998814459,177,90,267,8_POSSA
query_4_96.graph,2,0.1,233,19.721355932203387,22.194442278887955,0.12540143564095493,179,85,264,8_POSSA
query_4_96.graph,3,0.1,233,19.721355932203387,19.183986633920775,0.02724809085794816,181,84,265,8_POSSA
query_4_96.graph,4,0.1,233,19.721355932203387,20.130243094239756,0.020733217505024007,177,85,262,8_POSSA
query_4_96.graph,5,0.1,233,19.721355932203387,18.50008499978029,0.0619263166600456,170,88,258,8_POSSA
query_5_1.graph,1,0.1,231,20.53315058479532,19.315833994069685,0.05928542654467503,155,85,240,8_POSSA
query_5_1.graph,2,0.1,231,20.53315058479532,18.394792293068306,0.10414175276688686,162,88,250,8_POSSA
query_5_1.graph,3,0.1,231,20.53315058479532,23.020274998537506,0.12112726702466636,163,91,254,8_POSSA
query_5_1.graph,4,0.1,231,20.53315058479532,19.836266168947706,0.033939478160923436,164,85,249,8_POSSA
query_5_1.graph,5,0.1,231,20.53315058479532,17.359270757251636,0.15457344524098132,160,91,251,8_POSSA
query_5_101.graph,1,0.1,49,22.061538461538458,19.903886476330378,0.09780151955266753,40,21,61,8_POSSA
query_5_101.graph,2,0.1,49,22.061538461538458,16.878554743421553,0.23493301372217493,44,23,67,8_POSSA
query_5_101.graph,3,0.1,49,22.061538461538458,21.882800605361023,0.008101785670525281,44,20,64,8_POSSA
query_5_101.graph,4,0.1,49,22.061538461538458,16.218306611907035,0.26486057895818865,43,27,70,8_POSSA
query_5_101.graph,5,0.1,49,22.061538461538458,17.568922743419957,0.20364018248096413,43,29,72,8_POSSA
query_5_105.graph,1,0.1,647,17.76774925081035,18.202237426000423,0.024453754330771866,271,235,506,8_POSSA
query_5_105.graph,2,0.1,647,17.76774925081035,16.151522381920053,0.09096407463182682,260,250,510,8_POSSA
query_5_105.graph,3,0.1,647,17.76774925081035,20.872026384938227,0.17471414585537878,255,241,496,8_POSSA
query_5_105.graph,4,0.1,647,17.76774925081035,20.889960516243054,0.17572351012834705,251,228,479,8_POSSA
query_5_105.graph,5,0.1,647,17.76774925081035,17.894277513573183,0.007121231900380498,263,238,501,8_POSSA
query_5_11.graph,1,0.1,46,28.582608695652176,29.352474091470153,0.026934749169171684,43,23,66,8_POSSA
query_5_11.graph,2,0.1,46,28.582608695652176,37.23258022007326,0.30263058269194537,43,22,65,8_POSSA
query_5_11.graph,3,0.1,46,28.582608695652176,14.553440587521047,0.4908288203331548,43,32,75,8_POSSA
query_5_11.graph,4,0.1,46,28.582608695652176,19.20639184007772,0.32803922676941355,42,30,72,8_POSSA
query_5_11.graph,5,0.1,46,28.582608695652176,27.117267200418578,0.05126689137568111,44,24,68,8_POSSA
query_5_113.graph,1,0.1,49,45.062,44.37458001168205,0.015254981765521917,62,5,67,8_POSSA
query_5_113.graph,2,0.1,49,45.062,58.1874194933448,0.2912746769638454,62,4,66,8_POSSA
query_5_113.graph,3,0.1,49,45.062,44.37458001168204,0.015254981765522075,62,5,67,8_POSSA
query_5_113.graph,4,0.1,49,45.062,44.37458001168205,0.015254981765521917,64,5,69,8_POSSA
query_5_113.graph,5,0.1,49,45.062,44.37458001168205,0.015254981765521917,61,5,66,8_POSSA
query_5_115.graph,1,0.1,2108,20.59771329365079,22.15822715781387,0.07576151012083962,402,526,928,8_POSSA
query_5_115.graph,2,0.1,2108,20.59771329365079,16.12074423310894,0.2173527224462275,410,518,928,8_POSSA
query_5_115.graph,3,0.1,2108,20.59771329365079,19.630919166492944,0.04693696399084551,401,555,956,8_POSSA
query_5_115.graph,4,0.1,2108,20.59771329365079,18.554799336445665,0.09918159011538678,411,541,952,8_POSSA
query_5_115.graph,5,0.1,2108,20.59771329365079,21.34138823175005,0.03610473296220187,409,524,933,8_POSSA
query_5_116.graph,1,0.1,48,19.356721311475408,19.937961978634494,0.030027847061811268,37,13,50,8_POSSA
query_5_116.graph,2,0.1,48,19.356721311475408,15.215165877737373,0.21395955271013595,33,16,49,8_POSSA
query_5_116.graph,3,0.1,48,19.356721311475408,48.6004266553088,1.5107778261237146,41,14,55,8_POSSA
query_5_116.graph,4,0.1,48,19.356721311475408,23.595794521804795,0.2189974811393447,36,15,51,8_POSSA
query_5_116.graph,5,0.1,48,19.356721311475408,56.647238727333466,1.9264893478499798,39,10,49,8_POSSA
query_5_117.graph,1,0.1,46,13.97833333333334,15.494573524572676,0.1084707421895315,33,28,61,8_POSSA
query_5_117.graph,2,0.1,46,13.97833333333334,12.927493713435057,0.0751763171502289,33,30,63,8_POSSA
query_5_117.graph,3,0.1,46,13.97833333333334,11.254117902341017,0.19488842954517627,30,25,55,8_POSSA
query_5_117.graph,4,0.1,46,13.97833333333334,18.312490300666827,0.31006249915346257,28,27,55,8_POSSA
query_5_117.graph,5,0.1,46,13.97833333333334,10.964123795131377,0.2156344012067697,30,27,57,8_POSSA
query_5_12.graph,1,0.1,44,20.38186440677966,20.866858789127765,0.023795388521316085,39,23,62,8_POSSA
query_5_12.graph,2,0.1,44,20.38186440677966,33.3083227172201,0.6342137329762968,42,17,59,8_POSSA
query_5_12.graph,3,0.1,44,20.38186440677966,20.67378928974551,0.014322776225944661,40,27,67,8_POSSA
query_5_12.graph,4,0.1,44,20.38186440677966,18.739227190050848,0.08059307941340331,40,22,62,8_POSSA
query_5_12.graph,5,0.1,44,20.38186440677966,30.16195264170294,0.4798426699213105,43,21,64,8_POSSA
query_5_120.graph,1,0.1,42,14.822058823529416,7.113218306935428,0.5200924249711192,32,25,57,8_POSSA
query_5_120.graph,2,0.1,42,14.822058823529416,14.107471362966049,0.04821107978798386,32,21,53,8_POSSA
query_5_120.graph,3,0.1,42,14.822058823529416,8.43705294216567,0.43077725958203655,32,16,48,8_POSSA
query_5_120.graph,4,0.1,42,14.822058823529416,15.407965010420925,0.03952933893106723,31,15,46,8_POSSA
query_5_120.graph,5,0.1,42,14.822058823529416,5.977927121323267,0.5966871274432165,34,23,57,8_POSSA
query_5_130.graph,1,0.1,3306,20.97304551135946,23.196251465411358,0.10600301004676513,395,595,990,8_POSSA
query_5_130.graph,2,0.1,3306,20.97304551135946,23.789678490910422,0.13429775747281975,381,595,976,8_POSSA
query_5_130.graph,3,0.1,3306,20.97304551135946,21.586595765470403,0.029254227945990568,395,598,993,8_POSSA
query_5_130.graph,4,0.1,3306,20.97304551135946,20.42307702308543,0.026222633616856172,398,599,997,8_POSSA
query_5_130.graph,5,0.1,3306,20.97304551135946,20.61637661320657,0.017006061325700657,410,599,1009,8_POSSA
query_5_131.graph,1,0.1,2150,19.95189138576779,18.443638963746555,0.075594458332763,405,578,983,8_POSSA
query_5_131.graph,2,0.1,2150,19.95189138576779,20.83931519655247,0.044478179718725884,410,541,951,8_POSSA
query_5_131.graph,3,0.1,2150,19.95189138576779,18.784666333726854,0.05850197504952084,401,547,948,8_POSSA
query_5_131.graph,4,0.1,2150,19.95189138576779,18.874292263750764,0.05400987310835637,412,552,964,8_POSSA
query_5_131.graph,5,0.1,2150,19.95189138576779,18.688339857899386,0.06332991210897074,404,565,969,8_POSSA
query_5_138.graph,1,0.1,735,23.275619335347432,24.493540474176086,0.05232604646438183,320,287,607,8_POSSA
query_5_138.graph,2,0.1,735,23.275619335347432,19.896442705914957,0.14518095440324982,318,280,598,8_POSSA
query_5_138.graph,3,0.1,735,23.275619335347432,24.00429827178122,0.03130653263980745,324,270,594,8_POSSA
query_5_138.graph,4,0.1,735,23.275619335347432,22.613446627380704,0.028449198211500333,308,278,586,8_POSSA
query_5_138.graph,5,0.1,735,23.275619335347432,23.066937076036435,0.008965701677122835,319,307,626,8_POSSA
query_5_139.graph,1,0.1,3340,18.969745635040198,19.87853683070338,0.04790740019120214,392,601,993,8_POSSA
query_5_139.graph,2,0.1,3340,18.969745635040198,20.991558613452657,0.10658092192221295,404,567,971,8_POSSA
query_5_139.graph,3,0.1,3340,18.969745635040198,19.277202682586896,0.01620775805126113,396,594,990,8_POSSA
query_5_139.graph,4,0.1,3340,18.969745635040198,21.25072343924405,0.12024293040548302,394,584,978,8_POSSA
query_5_139.graph,5,0.1,3340,18.969745635040198,21.1389588271145,0.11435120079140194,417,562,979,8_POSSA
query_5_144.graph,1,0.1,654,17.84031852028513,15.132769936667517,0.15176570869735462,260,250,510,8_POSSA
query_5_144.graph,2,0.1,654,17.84031852028513,17.775753400284792,0.003619056460618991,255,246,501,8_POSSA
query_5_144.graph,3,0.1,654,17.84031852028513,15.200830436128545,0.14795072639288284,266,226,492,8_POSSA
query_5_144.graph,4,0.1,654,17.84031852028513,17.206088888936296,0.035550353578479583,261,243,504,8_POSSA
query_5_144.graph,5,0.1,654,17.84031852028513,14.742842736217915,0.17362222431988905,252,233,485,8_POSSA
query_5_2.graph,1,0.1,48,16.515000000000004,14.597211634824484,0.11612403058889006,42,21,63,8_POSSA
query_5_2.graph,2,0.1,48,16.515000000000004,17.286649608396758,0.046724166418210915,45,22,67,8_POSSA
query_5_2.graph,3,0.1,48,16.515000000000004,18.519918908546714,0.12139987336038204,45,18,63,8_POSSA
query_5_2.graph,4,0.1,48,16.515000000000004,13.911019400460006,0.15767366633605798,44,22,66,8_POSSA
query_5_2.graph,5,0.1,48,16.515000000000004,16.669891547084568,0.009378840271544868,41,19,60,8_POSSA
query_5_33.graph,1,0.1,50,21.88627118644067,32.08848230030262,0.4661466097606699,46,20,66,8_POSSA
query_5_33.graph,2,0.1,50,21.88627118644067,18.77984091053039,0.14193510851838598,44,25,69,8_POSSA
query_5_33.graph,3,0.1,50,21.88627118644067,22.900385255861547,0.046335625688909365,42,23,65,8_POSSA
query_5_33.graph,4,0.1,50,21.88627118644067,23.686430720317695,0.08225062727872479,46,21,67,8_POSSA
query_5_33.graph,5,0.1,50,21.88627118644067,17.461206520589815,0.20218449402163766,45,23,68,8_POSSA
query_5_35.graph,1,0.1,692,17.267463744782713,15.505247013782178,0.10205417292582886,279,265,544,8_POSSA
query_5_35.graph,2,0.1,692,17.267463744782713,17.324701306000144,0.0033147636539688453,280,266,546,8_POSSA
query_5_35.graph,3,0.1,692,17.267463744782713,17.64736487374004,0.022000980258152506,283,264,547,8_POSSA
query_5_35.graph,4,0.1,692,17.267463744782713,17.859659553399784,0.03429547137726001,291,267,558,8_POSSA
query_5_35.graph,5,0.1,692,17.267463744782713,17.535273204208867,0.01550948439124832,274,272,546,8_POSSA
query_5_37.graph,1,0.1,47,17.680204081632645,12.76620297307842,0.27793803091103525,45,21,66,8_POSSA
query_5_37.graph,2,0.1,47,17.680204081632645,19.2729429778669,0.09008600177239452,46,21,67,8_POSSA
query_5_37.graph,3,0.1,47,17.680204081632645,8.845977477527638,0.4996676827550074,43,27,70,8_POSSA
query_5_37.graph,4,0.1,47,17.680204081632645,23.74525707901665,0.34304202425382513,44,18,62,8_POSSA
query_5_37.graph,5,0.1,47,17.680204081632645,17.222404563157923,0.02589333903392634,42,21,63,8_POSSA
query_5_38.graph,1,0.1,728,20.100965707528577,21.395795006939505,0.06441627324034313,320,262,582,8_POSSA
query_5_38.graph,2,0.1,728,20.100965707528577,23.300144232277216,0.15915546403576147,319,280,599,8_POSSA
query_5_38.graph,3,0.1,728,20.100965707528577,19.58558830751591,0.02563943481678788,329,288,617,8_POSSA
query_5_38.graph,4,0.1,728,20.100965707528577,21.715558687945794,0.08032414979010144,319,268,587,8_POSSA
query_5_38.graph,5,0.1,728,20.100965707528577,20.743367881430427,0.03195877169529451,312,268,580,8_POSSA
query_5_45.graph,1,0.1,689,16.730554835825004,17.861025772542842,0.06756924368683637,275,257,532,8_POSSA
query_5_45.graph,2,0.1,689,16.730554835825004,15.556056611298052,0.07020079346155382,269,264,533,8_POSSA
query_5_45.graph,3,0.1,689,16.730554835825004,15.475894253029352,0.07499216822798109,270,268,538,8_POSSA
query_5_45.graph,4,0.1,689,16.730554835825004,15.87048422810407,0.05140717783484808,277,277,554,8_POSSA
query_5_45.graph,5,0.1,689,16.730554835825004,15.824136361882024,0.05417743062543705,263,263,526,8_POSSA
query_5_47.graph,1,0.1,737,21.231083795013852,21.397284189478132,0.007828163463954308,321,284,605,8_POSSA
query_5_47.graph,2,0.1,737,21.231083795013852,21.538615624584462,0.014484980255357226,310,290,600,8_POSSA
query_5_47.graph,3,0.1,737,21.231083795013852,19.837217132645105,0.06565216716332206,314,297,611,8_POSSA
query_5_47.graph,4,0.1,737,21.231083795013852,24.452874409726643,0.15174875883959504,311,299,610,8_POSSA
query_5_47.graph,5,0.1,737,21.231083795013852,17.399638248269063,0.18046396423929184,307,284,591,8_POSSA
query_5_48.graph,1,0.1,693,16.70391085749355,17.491614362096374,0.047156831194980424,295,272,567,8_POSSA
query_5_48.graph,2,0.1,693,16.70391085749355,14.949698888528456,0.1050180394238716,280,271,551,8_POSSA
query_5_48.graph,3,0.1,693,16.70391085749355,17.609503104233916,0.054214384551394275,264,257,521,8_POSSA
query_5_48.graph,4,0.1,693,16.70391085749355,15.802659919671129,0.05395448679721078,268,262,530,8_POSSA
query_5_48.graph,5,0.1,693,16.70391085749355,15.778403973885569,0.05540659858064255,274,283,557,8_POSSA
query_5_5.graph,1,0.1,42,14.124727272727275,11.927416550205061,0.15556482472867925,40,19,59,8_POSSA
query_5_5.graph,2,0.1,42,14.124727272727275,13.220188393819676,0.06403938719964726,40,19,59,8_POSSA
query_5_5.graph,3,0.1,42,14.124727272727275,15.749516126435383,0.11503152042059817,40,21,61,8_POSSA
query_5_5.graph,4,0.1,42,14.124727272727275,16.248281130033753,0.15034299893398584,39,16,55,8_POSSA
query_5_5.graph,5,0.1,42,14.124727272727275,9.555862396706463,0.3234657057657038,40,17,57,8_POSSA
query_5_51.graph,1,0.1,658,18.04723932183657,18.953158525600152,0.050197107026083945,249,240,489,8_POSSA
query_5_51.graph,2,0.1,658,18.04723932183657,19.294421011404165,0.06910650805514305,268,257,525,8_POSSA
query_5_51.graph,3,0.1,658,18.04723932183657,19.985616584847126,0.10740574934722462,257,245,502,8_POSSA
query_5_51.graph,4,0.1,658,18.04723932183657,20.586005865697018,0.14067340154284,258,243,501,8_POSSA
query_5_51.graph,5,0.1,658,18.04723932183657,18.586386836304982,0.029874237541475935,264,265,529,8_POSSA
query_5_55.graph,1,0.1,708,18.481334677419355,16.292698511552434,0.11842414003470293,327,273,600,8_POSSA
query_5_55.graph,2,0.1,708,18.481334677419355,14.572945303479894,0.2114776579807714,305,274,579,8_POSSA
query_5_55.graph,3,0.1,708,18.481334677419355,17.759927973984507,0.03903434010727963,304,267,571,8_POSSA
query_5_55.graph,4,0.1,708,18.481334677419355,19.98033444456023,0.081108848105671,309,271,580,8_POSSA
query_5_55.graph,5,0.1,708,18.481334677419355,20.667518016062264,0.11829142087416476,294,253,547,8_POSSA
query_5_56.graph,1,0.1,47,21.11023255813954,16.009118868998932,0.24164175714747183,44,41,85,8_POSSA
query_5_56.graph,2,0.1,47,21.11023255813954,21.670071207497664,0.026519776502521995,46,41,87,8_POSSA
query_5_56.graph,3,0.1,47,21.11023255813954,31.356150827012403,0.48535316892671143,46,38,84,8_POSSA
query_5_56.graph,4,0.1,47,21.11023255813954,12.715014593756877,0.3976847692824536,43,48,91,8_POSSA
query_5_56.graph,5,0.1,47,21.11023255813954,21.672474905373676,0.02663364061412722,45,35,80,8_POSSA
query_5_59.graph,1,0.1,661,17.87918521168754,16.148033663085783,0.09682496870551513,254,259,513,8_POSSA
query_5_59.graph,2,0.1,661,17.87918521168754,17.911275921360897,0.0017948642118423234,265,256,521,8_POSSA
query_5_59.graph,3,0.1,661,17.87918521168754,15.87402067045731,0.11215077854439703,256,269,525,8_POSSA
query_5_59.graph,4,0.1,661,17.87918521168754,18.927528792237954,0.0586348632858906,257,253,510,8_POSSA
query_5_59.graph,5,0.1,661,17.87918521168754,14.548690920481324,0.18627774430286043,239,268,507,8_POSSA
query_5_61.graph,1,0.1,219,18.071803472770323,18.69328383997715,0.03438950451974758,147,78,225,8_POSSA
query_5_61.graph,2,0.1,219,18.071803472770323,17.447668664207285,0.03453638755553386,153,89,242,8_POSSA
query_5_61.graph,3,0.1,219,18.071803472770323,16.804167044069278,0.0701444341518574,155,88,243,8_POSSA
query_5_61.graph,4,0.1,219,18.071803472770323,18.737234278082276,0.03682149412008548,148,91,239,8_POSSA
query_5_61.graph,5,0.1,219,18.071803472770323,21.205137194443125,0.17338245883394815,154,81,235,8_POSSA
query_5_62.graph,1,0.1,48,22.268571428571438,26.2050428439166,0.17677251672707298,35,8,43,8_POSSA
query_5_62.graph,2,0.1,48,22.268571428571438,22.765568316676955,0.02231831034602656,38,11,49,8_POSSA
query_5_62.graph,3,0.1,48,22.268571428571438,10.264860652361754,0.5390426958780328,39,14,53,8_POSSA
query_5_62.graph,4,0.1,48,22.268571428571438,26.98201918300225,0.2116636789903495,32,9,41,8_POSSA
query_5_62.graph,5,0.1,48,22.268571428571438,31.56140994746422,0.41730734944989384,39,13,52,8_POSSA
query_5_70.graph,1,0.1,50,20.524915254237296,18.26178593623357,0.11026254140252845,45,27,72,8_POSSA
query_5_70.graph,2,0.1,50,20.524915254237296,24.249912336733356,0.18148659988873997,49,24,73,8_POSSA
query_5_70.graph,3,0.1,50,20.524915254237296,22.484993480325958,0.09549750641157997,44,19,63,8_POSSA
query_5_70.graph,4,0.1,50,20.524915254237296,11.238283179145688,0.45245653685095805,43,24,67,8_POSSA
query_5_70.graph,5,0.1,50,20.524915254237296,29.08635062417709,0.41712403017948224,46,18,64,8_POSSA
query_5_75.graph,1,0.1,50,14.399218750000006,10.766368916474827,0.25229492631502515,43,18,61,8_POSSA
query_5_75.graph,2,0.1,50,14.399218750000006,9.427563476757696,0.3452725706554259,40,19,59,8_POSSA
query_5_75.graph,3,0.1,50,14.399218750000006,13.714912668254089,0.047523834009808176,41,20,61,8_POSSA
query_5_75.graph,4,0.1,50,14.399218750000006,10.375260729848515,0.2794566906729915,36,19,55,8_POSSA
query_5_75.graph,5,0.1,50,14.399218750000006,33.92252617390553,1.3558587978188412,42,17,59,8_POSSA
query_5_8.graph,1,0.1,20,12.135813953488391,13.096397988431159,0.07915283133247536,19,5,24,8_POSSA
query_5_8.graph,2,0.1,20,12.135813953488391,9.077199540110431,0.2520320783674154,18,8,26,8_POSSA
query_5_8.graph,3,0.1,20,12.135813953488391,15.709153293230008,0.29444579106409874,19,8,27,8_POSSA
query_5_8.graph,4,0.1,20,12.135813953488391,14.485763215520404,0.1936375484197769,20,5,25,8_POSSA
query_5_8.graph,5,0.1,20,12.135813953488391,10.145909212970716,0.16396961490544973,19,9,28,8_POSSA
query_5_86.graph,1,0.1,679,16.89911904505346,15.741406801421574,0.06850725416782955,266,268,534,8_POSSA
query_5_86.graph,2,0.1,679,16.89911904505346,19.212538882658773,0.13689588382907295,270,259,529,8_POSSA
query_5_86.graph,3,0.1,679,16.89911904505346,17.385938180856574,0.028807367680246627,277,259,536,8_POSSA
query_5_86.graph,4,0.1,679,16.89911904505346,17.94251772055468,0.06174278509545338,268,260,528,8_POSSA
query_5_86.graph,5,0.1,679,16.89911904505346,19.522523682078578,0.15523913584081261,276,247,523,8_POSSA
query_5_88.graph,1,0.1,52,15.256885245901639,24.076728103837965,0.5780893488928577,46,24,70,8_POSSA
query_5_88.graph,2,0.1,52,15.256885245901639,14.372116027822491,0.057991470986308816,47,24,71,8_POSSA
query_5_88.graph,3,0.1,52,15.256885245901639,19.94192638518227,0.30707716966929044,49,26,75,8_POSSA
query_5_88.graph,4,0.1,52,15.256885245901639,14.886204187429854,0.024295985222236544,48,23,71,8_POSSA
query_5_88.graph,5,0.1,52,15.256885245901639,17.741767718285654,0.16286957870719473,46,27,73,8_POSSA
query_5_89.graph,1,0.1,44,29.287142857142857,16.996502586528045,0.4196599282683951,57,7,64,8_POSSA
query_5_89.graph,2,0.1,44,29.287142857142857,25.424392556055388,0.13189235699532847,54,6,60,8_POSSA
query_5_89.graph,3,0.1,44,29.287142857142857,21.468345107307226,0.26697031485707734,56,8,64,8_POSSA
query_5_89.graph,4,0.1,44,29.287142857142857,32.113644013426814,0.09650996582599726,53,6,59,8_POSSA
query_5_89.graph,5,0.1,44,29.287142857142857,32.11364401342681,0.09650996582599701,54,6,60,8_POSSA
query_5_90.graph,1,0.1,224,22.514372549019615,21.907613794846483,0.026949840722945366,151,95,246,8_POSSA
query_5_90.graph,2,0.1,224,22.514372549019615,22.85310708609968,0.015045257705607908,155,90,245,8_POSSA
query_5_90.graph,3,0.1,224,22.514372549019615,15.907109530957584,0.29346867223043016,155,101,256,8_POSSA
query_5_90.graph,4,0.1,224,22.514372549019615,16.63543819292255,0.2611191736877012,144,108,252,8_POSSA
query_5_90.graph,5,0.1,224,22.514372549019615,22.082051776501174,0.019201990709586367,153,101,254,8_POSSA
query_5_92.graph,1,0.1,45,27.33022727272726,21.495706396929993,0.21348234017868983,42,16,58,8_POSSA
query_5_92.graph,2,0.1,45,27.33022727272726,29.606023059035735,0.08327028398258084,42,17,59,8_POSSA
query_5_92.graph,3,0.1,45,27.33022727272726,34.23116411289776,0.2525019924388598,41,15,56,8_POSSA
query_5_92.graph,4,0.1,45,27.33022727272726,19.23815594347724,0.29608503612134507,38,22,60,8_POSSA
query_5_92.graph,5,0.1,45,27.33022727272726,20.769328193156305,0.2400601727201169,39,17,56,8_POSSA
query_5_93.graph,1,0.1,229,19.23829356471439,19.292816692420306,0.0028340937579785837,164,93,257,8_POSSA
query_5_93.graph,2,0.1,229,19.23829356471439,19.755005182789564,0.026858495340922155,161,100,261,8_POSSA
query_5_93.graph,3,0.1,229,19.23829356471439,20.210882171944156,0.05055482722301446,156,95,251,8_POSSA
query_5_93.graph,4,0.1,229,19.23829356471439,18.26871036836587,0.050398606980759736,158,91,249,8_POSSA
query_5_93.graph,5,0.1,229,19.23829356471439,19.585256507033286,0.018035016523257178,166,89,255,8_POSSA
query_5_95.graph,1,0.1,50,24.526097560975618,22.19885765818694,0.094888308138007,46,20,66,8_POSSA
query_5_95.graph,2,0.1,50,24.526097560975618,33.81139291911168,0.37858837244903737,46,16,62,8_POSSA
query_5_95.graph,3,0.1,50,24.526097560975618,28.136070144434697,0.14718903300796782,46,15,61,8_POSSA
query_5_95.graph,4,0.1,50,24.526097560975618,24.47276658258538,0.0021744583808186355,46,19,65,8_POSSA
query_5_95.graph,5,0.1,50,24.526097560975618,41.48833889440182,0.691599684428209,42,15,57,8_POSSA
query_5_97.graph,1,0.1,2817,18.117014297683536,19.222979385706143,0.06104565961313048,282,390,672,8_POSSA
query_5_97.graph,2,0.1,2817,18.117014297683536,19.455880949199546,0.07390106501639178,273,420,693,8_POSSA
query_5_97.graph,3,0.1,2817,18.117014297683536,17.47212181288293,0.03559595826355692,277,392,669,8_POSSA
query_5_97.graph,4,0.1,2817,18.117014297683536,18.952898169720314,0.04613805886015418,285,416,701,8_POSSA
query_5_97.graph,5,0.1,2817,18.117014297683536,16.32870514406551,0.09870882278029014,287,409,696,8_POSSA
query_5_99.graph,1,0.1,731,19.607962433646385,22.379554758942433,0.1413503485981858,325,261,586,8_POSSA
query_5_99.graph,2,0.1,731,19.607962433646385,18.259876693729257,0.06875195444090983,315,260,575,8_POSSA
query_5_99.graph,3,0.1,731,19.607962433646385,20.90425651856292,0.06611059610621005,322,260,582,8_POSSA
query_5_99.graph,4,0.1,731,19.607962433646385,22.114306390204003,0.12782276409591872,324,271,595,8_POSSA
query_5_99.graph,5,0.1,731,19.607962433646385,19.70367110213542,0.004881112395686924,322,263,585,8_POSSA
query_6_0.graph,1,0.1,210,18.02346494987144,17.690618149113796,0.018467414655472088,141,81,222,8_POSSA
query_6_0.graph,2,0.1,210,18.02346494987144,18.52440980663752,0.027794037281918746,140,76,216,8_POSSA
query_6_0.graph,3,0.1,210,18.02346494987144,20.29553443293726,0.12606174724921732,137,87,224,8_POSSA
query_6_0.graph,4,0.1,210,18.02346494987144,19.21867309585915,0.06631400506572602,137,79,216,8_POSSA
query_6_0.graph,5,0.1,210,18.02346494987144,17.483182698745175,0.02997660286903479,132,80,212,8_POSSA
query_6_10.graph,1,0.1,2919,20.599003005292534,21.156510117622602,0.02706476192982869,289,426,715,8_POSSA
query_6_10.graph,2,0.1,2919,20.599003005292534,21.53429139998507,0.04540454673715177,280,433,713,8_POSSA
query_6_10.graph,3,0.1,2919,20.599003005292534,18.42395064848537,0.10559017619679577,281,424,705,8_POSSA
query_6_10.graph,4,0.1,2919,20.599003005292534,20.829882424921436,0.01120828127310734,283,434,717,8_POSSA
query_6_10.graph,5,0.1,2919,20.599003005292534,19.898005775080332,0.03403063876596814,273,420,693,8_POSSA
query_6_101.graph,1,0.1,23,7.994000000000017,6.863049526867776,0.14147491532802578,14,9,23,8_POSSA
query_6_101.graph,2,0.1,23,7.994000000000017,9.183592389476374,0.14881065667705212,12,8,20,8_POSSA
query_6_101.graph,3,0.1,23,7.994000000000017,1.6402266064041293,0.7948177875401393,14,8,22,8_POSSA
query_6_101.graph,4,0.1,23,7.994000000000017,7.067389533379855,0.1159132432599649,11,9,20,8_POSSA
query_6_101.graph,5,0.1,23,7.994000000000017,5.879052472723515,0.26456686605910645,11,9,20,8_POSSA
query_6_106.graph,1,0.1,640,17.743653002381848,17.95032706417559,0.011647774095108716,266,230,496,8_POSSA
query_6_106.graph,2,0.1,640,17.743653002381848,18.034173726775485,0.016373219446674192,242,217,459,8_POSSA
query_6_106.graph,3,0.1,640,17.743653002381848,20.728444982652277,0.16821744540821224,254,223,477,8_POSSA
query_6_106.graph,4,0.1,640,17.743653002381848,16.550587006484793,0.0672390288367847,256,227,483,8_POSSA
query_6_106.graph,5,0.1,640,17.743653002381848,18.788693574868176,0.05889658529424838,242,222,464,8_POSSA
query_6_107.graph,1,0.1,52,19.476104651162792,21.678486303627647,0.11308121885314293,39,14,53,8_POSSA
query_6_107.graph,2,0.1,52,19.476104651162792,17.86855952831897,0.0825393553606649,41,14,55,8_POSSA
query_6_107.graph,3,0.1,52,19.476104651162792,20.172735189011448,0.035768473743904634,42,14,56,8_POSSA
query_6_107.graph,4,0.1,52,19.476104651162792,21.138173235509104,0.08533886083052444,38,14,52,8_POSSA
query_6_107.graph,5,0.1,52,19.476104651162792,15.75365580182377,0.19112902276979596,40,13,53,8_POSSA
query_6_109.graph,1,0.1,50,17.526375617792425,18.990528394006613,0.08353996331836058,48,23,71,8_POSSA
query_6_109.graph,2,0.1,50,17.526375617792425,16.56537905585704,0.054831448491826265,46,22,68,8_POSSA
query_6_109.graph,3,0.1,50,17.526375617792425,13.678513615004322,0.21954693238925171,45,24,69,8_POSSA
query_6_109.graph,4,0.1,50,17.526375617792425,19.092813329307972,0.08937602078579962,47,22,69,8_POSSA
query_6_109.graph,5,0.1,50,17.526375617792425,21.138514565515976,0.20609731449875923,48,19,67,8_POSSA
query_6_110.graph,1,0.1,48,21.91743380855397,12.351119546521465,0.4364705442066374,40,20,60,8_POSSA
query_6_110.graph,2,0.1,48,21.91743380855397,21.82278417395349,0.004318463348731057,45,21,66,8_POSSA
query_6_110.graph,3,0.1,48,21.91743380855397,23.993968685489275,0.09474352221494435,45,15,60,8_POSSA
query_6_110.graph,4,0.1,48,21.91743380855397,10.357516489125503,0.5274302375178997,42,22,64,8_POSSA
query_6_110.graph,5,0.1,48,21.91743380855397,24.121236870491554,0.10055023234871051,46,14,60,8_POSSA
query_6_113.graph,1,0.1,45,21.691432973805856,22.799091515704667,0.05106433232126238,40,19,59,8_POSSA
query_6_113.graph,2,0.1,45,21.691432973805856,30.988648844564818,0.4286123411941523,40,19,59,8_POSSA
query_6_113.graph,3,0.1,45,21.691432973805856,18.408099315985183,0.15136545666602855,37,23,60,8_POSSA
query_6_113.graph,4,0.1,45,21.691432973805856,16.201163361633178,0.2531077416048363,37,25,62,8_POSSA
query_6_113.graph,5,0.1,45,21.691432973805856,27.168661999345616,0.25250655556753454,40,19,59,8_POSSA
query_6_115.graph,1,0.1,44,31.527572815534,33.431925733773035,0.06040277598853844,51,7,58,8_POSSA
query_6_115.graph,2,0.1,44,31.527572815534,32.487941891108136,0.0304612435975709,55,7,62,8_POSSA
query_6_115.graph,3,0.1,44,31.527572815534,30.759893862887836,0.024349446661746203,56,7,63,8_POSSA
query_6_115.graph,4,0.1,44,31.527572815534,31.739975979148056,0.006737060440929416,57,7,64,8_POSSA
query_6_115.graph,5,0.1,44,31.527572815534,31.355094035503964,0.005470728147682039,55,7,62,8_POSSA
query_6_118.graph,1,0.1,2501,16.428220277895154,17.08344612928566,0.03988416519299667,358,589,947,8_POSSA
query_6_118.graph,2,0.1,2501,16.428220277895154,16.88251574315301,0.02765335852412026,345,582,927,8_POSSA
query_6_118.graph,3,0.1,2501,16.428220277895154,17.293449461880293,0.052667249972861686,335,596,931,8_POSSA
query_6_118.graph,4,0.1,2501,16.428220277895154,17.255010143231605,0.050327415346927806,346,587,933,8_POSSA
query_6_118.graph,5,0.1,2501,16.428220277895154,17.1843632850332,0.04602707988737331,334,566,900,8_POSSA
query_6_119.graph,1,0.1,536,15.40272124751501,16.50583346142642,0.07161800802500265,196,189,385,8_POSSA
query_6_119.graph,2,0.1,536,15.40272124751501,13.742207704054799,0.1078065048880963,182,200,382,8_POSSA
query_6_119.graph,3,0.1,536,15.40272124751501,15.04070190471763,0.023503596343781647,189,189,378,8_POSSA
query_6_119.graph,4,0.1,536,15.40272124751501,13.888229254332387,0.09832626123951724,190,192,382,8_POSSA
query_6_119.graph,5,0.1,536,15.40272124751501,14.157813163523631,0.08082390533375564,197,186,383,8_POSSA
query_6_126.graph,1,0.1,46,13.179719101123593,11.300982836256889,0.14254751944649102,45,19,64,8_POSSA
query_6_126.graph,2,0.1,46,13.179719101123593,15.04681820167455,0.14166455948152826,45,19,64,8_POSSA
query_6_126.graph,3,0.1,46,13.179719101123593,16.96616280173044,0.28729320189259927,42,18,60,8_POSSA
query_6_126.graph,4,0.1,46,13.179719101123593,14.742262554535463,0.11855665825826744,45,22,67,8_POSSA
query_6_126.graph,5,0.1,46,13.179719101123593,17.830241441578632,0.35285443527082255,43,19,62,8_POSSA
query_6_127.graph,1,0.1,242,18.24911158525513,18.84942668982922,0.03289557969819917,146,96,242,8_POSSA
query_6_127.graph,2,0.1,242,18.24911158525513,20.65475142567316,0.1318222988105205,149,88,237,8_POSSA
query_6_127.graph,3,0.1,242,18.24911158525513,17.658848423667788,0.03234476148769129,137,96,233,8_POSSA
query_6_127.graph,4,0.1,242,18.24911158525513,19.116152383115754,0.047511397681472584,146,83,229,8_POSSA
query_6_127.graph,5,0.1,242,18.24911158525513,12.182443796974127,0.3324363358697819,147,98,245,8_POSSA
query_6_129.graph,1,0.1,3169,17.66175023029346,17.27413231338277,0.02194674434053818,362,529,891,8_POSSA
query_6_129.graph,2,0.1,3169,17.66175023029346,16.877196037482072,0.04442108978903572,372,546,918,8_POSSA
query_6_129.graph,3,0.1,3169,17.66175023029346,16.5528972578687,0.06278273432509841,361,555,916,8_POSSA
query_6_129.graph,4,0.1,3169,17.66175023029346,17.546825388764937,0.006506990532082392,380,535,915,8_POSSA
query_6_129.graph,5,0.1,3169,17.66175023029346,16.053541503854728,0.09105602250451547,386,559,945,8_POSSA
query_6_130.graph,1,0.1,49,18.51617816091954,20.74788518443024,0.12052741144071319,41,24,65,8_POSSA
query_6_130.graph,2,0.1,49,18.51617816091954,14.934394748405474,0.1934407511844869,41,24,65,8_POSSA
query_6_130.graph,3,0.1,49,18.51617816091954,18.750004423066528,0.012628214100926276,39,24,63,8_POSSA
query_6_130.graph,4,0.1,49,18.51617816091954,18.450447929649435,0.0035498811201134673,45,22,67,8_POSSA
query_6_130.graph,5,0.1,49,18.51617816091954,21.464450025330173,0.15922680365180805,44,24,68,8_POSSA
query_6_132.graph,1,0.1,46,17.296077348066298,15.431512925926977,0.10780273380008785,37,26,63,8_POSSA
query_6_132.graph,2,0.1,46,17.296077348066298,19.484706919639812,0.12653907169409156,32,19,51,8_POSSA
query_6_132.graph,3,0.1,46,17.296077348066298,16.420296758988325,0.0506346364816578,35,22,57,8_POSSA
query_6_132.graph,4,0.1,46,17.296077348066298,13.807775523870308,0.20168167347991087,32,22,54,8_POSSA
query_6_132.graph,5,0.1,46,17.296077348066298,12.575008859707197,0.2729560231116171,33,20,53,8_POSSA
query_6_133.graph,1,0.1,51,18.94899665551839,15.383020490658646,0.1881881257191128,48,20,68,8_POSSA
query_6_133.graph,2,0.1,51,18.94899665551839,12.877526955408932,0.3204111442143985,45,29,74,8_POSSA
query_6_133.graph,3,0.1,51,18.94899665551839,18.06064591412807,0.046881149305159145,46,24,70,8_POSSA
query_6_133.graph,4,0.1,51,18.94899665551839,15.098838742015044,0.20318531811984303,47,23,70,8_POSSA
query_6_133.graph,5,0.1,51,18.94899665551839,18.54078384292492,0.02154271384467144,44,25,69,8_POSSA
query_6_134.graph,1,0.1,495,16.895224192356775,16.125680216829714,0.04554801799405505,176,188,364,8_POSSA
query_6_134.graph,2,0.1,495,16.895224192356775,15.893442691530995,0.0592937678375985,172,195,367,8_POSSA
query_6_134.graph,3,0.1,495,16.895224192356775,16.23479755790936,0.039089545479141084,177,195,372,8_POSSA
query_6_134.graph,4,0.1,495,16.895224192356775,16.42200806713966,0.02800886924194779,180,186,366,8_POSSA
query_6_134.graph,5,0.1,495,16.895224192356775,15.039777684770081,0.10982076866586228,172,202,374,8_POSSA
query_6_136.graph,1,0.1,604,16.610297895272595,20.698906649900955,0.24614903238984093,233,217,450,8_POSSA
query_6_136.graph,2,0.1,604,16.610297895272595,14.409362511335424,0.1325042692078131,238,205,443,8_POSSA
query_6_136.graph,3,0.1,604,16.610297895272595,17.30364724225953,0.04174213800128574,246,215,461,8_POSSA
query_6_136.graph,4,0.1,604,16.610297895272595,14.620614731059222,0.11978612164322776,247,219,466,8_POSSA
query_6_136.graph,5,0.1,604,16.610297895272595,17.1070306603004,0.029905108756007198,249,210,459,8_POSSA
query_6_137.graph,1,0.1,2504,23.583919000430846,23.4960711919412,0.003724902908971158,349,561,910,8_POSSA
query_6_137.graph,2,0.1,2504,23.583919000430846,27.32390621600712,0.15858209212421184,349,571,920,8_POSSA
query_6_137.graph,3,0.1,2504,23.583919000430846,22.785811829199265,0.03384115978421574,352,586,938,8_POSSA
query_6_137.graph,4,0.1,2504,23.583919000430846,25.967795707699953,0.10108060103265942,364,556,920,8_POSSA
query_6_137.graph,5,0.1,2504,23.583919000430846,20.78061509974827,0.11886505803515364,360,587,947,8_POSSA
query_6_14.graph,1,0.1,2917,16.335896780872126,15.041050126892033,0.07926388562250482,293,415,708,8_POSSA
query_6_14.graph,2,0.1,2917,16.335896780872126,17.02584602590287,0.04223516188218155,285,414,699,8_POSSA
query_6_14.graph,3,0.1,2917,16.335896780872126,16.002145182674717,0.020430564827527715,281,402,683,8_POSSA
query_6_14.graph,4,0.1,2917,16.335896780872126,15.566863793494456,0.04707626386805647,288,409,697,8_POSSA
query_6_14.graph,5,0.1,2917,16.335896780872126,16.158882668615046,0.010835898061277391,283,407,690,8_POSSA
query_6_140.graph,1,0.1,46,15.69485436893204,24.351827805499664,0.5515803608668138,36,12,48,8_POSSA
query_6_140.graph,2,0.1,46,15.69485436893204,16.374138444701337,0.04328068676533502,35,12,47,8_POSSA
query_6_140.graph,3,0.1,46,15.69485436893204,9.19840765956232,0.4139220764118356,37,13,50,8_POSSA
query_6_140.graph,4,0.1,46,15.69485436893204,20.4014432851559,0.2998810186821836,35,12,47,8_POSSA
query_6_140.graph,5,0.1,46,15.69485436893204,12.65793067556128,0.19349804859498088,33,13,46,8_POSSA
query_6_141.graph,1,0.1,56,40.064069767441865,41.0757688304016,0.025252029282903612,50,20,70,8_POSSA
query_6_141.graph,2,0.1,56,40.064069767441865,28.53302143570637,0.2878152019669809,49,23,72,8_POSSA
query_6_141.graph,3,0.1,56,40.064069767441865,44.38929232492337,0.10795764340936732,50,20,70,8_POSSA
query_6_141.graph,4,0.1,56,40.064069767441865,32.383261998343016,0.191713118853958,49,20,69,8_POSSA
query_6_141.graph,5,0.1,56,40.064069767441865,35.319037509806094,0.11843610210293287,48,21,69,8_POSSA
query_6_142.graph,1,0.1,2898,16.335896780872126,16.074411543072518,0.01600678807580272,284,425,709,8_POSSA
query_6_142.graph,2,0.1,2898,16.335896780872126,15.914288467852007,0.025808703291623682,295,412,707,8_POSSA
query_6_142.graph,3,0.1,2898,16.335896780872126,16.23224226203975,0.006345199178397426,278,405,683,8_POSSA
query_6_142.graph,4,0.1,2898,16.335896780872126,15.98414054486184,0.021532716613523288,285,407,692,8_POSSA
query_6_142.graph,5,0.1,2898,16.335896780872126,15.766887036158423,0.03483186459527358,277,420,697,8_POSSA
query_6_148.graph,1,0.1,2757,15.513403202625184,16.948504080921797,0.09250716039236086,276,401,677,8_POSSA
query_6_148.graph,2,0.1,2757,15.513403202625184,15.157468017912544,0.02294372034708728,281,384,665,8_POSSA
query_6_148.graph,3,0.1,2757,15.513403202625184,15.262675994424226,0.016161973290201727,276,402,678,8_POSSA
query_6_148.graph,4,0.1,2757,15.513403202625184,17.069779195873053,0.10032460143783914,288,405,693,8_POSSA
query_6_148.graph,5,0.1,2757,15.513403202625184,15.8694350842843,0.022949953469840027,276,386,662,8_POSSA
query_6_15.graph,1,0.1,531,14.796678281068525,14.941807949827616,0.00980826007042245,176,201,377,8_POSSA
query_6_15.graph,2,0.1,531,14.796678281068525,12.199499423627039,0.17552445272561093,182,191,373,8_POSSA
query_6_15.graph,3,0.1,531,14.796678281068525,13.142450593850128,0.11179723285157069,184,214,398,8_POSSA
query_6_15.graph,4,0.1,531,14.796678281068525,13.817458709247012,0.06617833767963766,179,205,384,8_POSSA
query_6_15.graph,5,0.1,531,14.796678281068525,15.849251224266265,0.07113575920241808,188,196,384,8_POSSA
query_6_21.graph,1,0.1,1988,17.903392755547124,19.326121835368575,0.07946700936785503,335,431,766,8_POSSA
query_6_21.graph,2,0.1,1988,17.903392755547124,16.56966030913918,0.07449607259465969,332,422,754,8_POSSA
query_6_21.graph,3,0.1,1988,17.903392755547124,19.263925094078708,0.07599298954719304,326,441,767,8_POSSA
query_6_21.graph,4,0.1,1988,17.903392755547124,18.462840771594973,0.031248156351511173,336,421,757,8_POSSA
query_6_21.graph,5,0.1,1988,17.903392755547124,21.278196869472517,0.1885008143431225,331,409,740,8_POSSA
query_6_23.graph,1,0.1,527,15.756090472026685,15.94088004443459,0.011728136033236122,194,181,375,8_POSSA
query_6_23.graph,2,0.1,527,15.756090472026685,16.75641409572788,0.06348806040922188,184,185,369,8_POSSA
query_6_23.graph,3,0.1,527,15.756090472026685,13.491567452785121,0.14372366186028132,183,194,377,8_POSSA
query_6_23.graph,4,0.1,527,15.756090472026685,15.877593590288216,0.007711501687379062,188,188,376,8_POSSA
query_6_23.graph,5,0.1,527,15.756090472026685,14.675841558913847,0.06856072037861857,187,204,391,8_POSSA
query_6_29.graph,1,0.1,4388,18.36792152402616,17.765877942323037,0.032776902978141446,358,581,939,8_POSSA
query_6_29.graph,2,0.1,4388,18.36792152402616,18.20925591527551,0.008638190692567285,352,570,922,8_POSSA
query_6_29.graph,3,0.1,4388,18.36792152402616,17.14232901819598,0.06672461575072837,359,580,939,8_POSSA
query_6_29.graph,4,0.1,4388,18.36792152402616,17.67063406190525,0.03796224092142495,363,558,921,8_POSSA
query_6_29.graph,5,0.1,4388,18.36792152402616,19.698013508369005,0.07241385382679363,350,555,905,8_POSSA
query_6_37.graph,1,0.1,399,15.091201923076923,15.459865793762498,0.024429059564952702,156,150,306,8_POSSA
query_6_37.graph,2,0.1,399,15.091201923076923,13.880473628730103,0.08022742658392358,160,167,327,8_POSSA
query_6_37.graph,3,0.1,399,15.091201923076923,13.876785179678041,0.08047183713987946,160,162,322,8_POSSA
query_6_37.graph,4,0.1,399,15.091201923076923,17.508004504649453,0.16014646108981165,162,159,321,8_POSSA
query_6_37.graph,5,0.1,399,15.091201923076923,15.770222093615166,0.04499443940909103,160,160,320,8_POSSA
query_6_40.graph,1,0.1,55,39.194415204678364,34.39006692166823,0.12257736868687032,48,41,89,8_POSSA
query_6_40.graph,2,0.1,55,39.194415204678364,47.44620044150286,0.21053472015675176,46,34,80,8_POSSA
query_6_40.graph,3,0.1,55,39.194415204678364,34.03811197582479,0.1315570905172761,47,43,90,8_POSSA
query_6_40.graph,4,0.1,55,39.194415204678364,35.466022404774435,0.09512561369862962,48,38,86,8_POSSA
query_6_40.graph,5,0.1,55,39.194415204678364,42.206034048358376,0.07683795836608211,49,35,84,8_POSSA
query_6_42.graph,1,0.1,53,11.203782383419691,9.616530599240114,0.1416710651688957,45,25,70,8_POSSA
query_6_42.graph,2,0.1,53,11.203782383419691,12.397862501929403,0.10657830343766879,47,27,74,8_POSSA
query_6_42.graph,3,0.1,53,11.203782383419691,10.692408547773864,0.045642963969257516,42,28,70,8_POSSA
query_6_42.graph,4,0.1,53,11.203782383419691,13.169548173297724,0.17545554908199035,45,25,70,8_POSSA
query_6_42.graph,5,0.1,53,11.203782383419691,10.575486083918896,0.056078945306060286,45,28,73,8_POSSA
query_6_51.graph,1,0.1,650,13.681009615384616,14.19904616063833,0.037865373961229465,185,317,502,8_POSSA
query_6_51.graph,2,0.1,650,13.681009615384616,16.86943459003817,0.2330548010921721,186,304,490,8_POSSA
query_6_51.graph,3,0.1,650,13.681009615384616,18.396281451651173,0.3446581771979843,182,308,490,8_POSSA
query_6_51.graph,4,0.1,650,13.681009615384616,11.52761910698616,0.15739997039231063,183,294,477,8_POSSA
query_6_51.graph,5,0.1,650,13.681009615384616,11.471704633163121,0.1614869840992641,182,320,502,8_POSSA
query_6_57.graph,1,0.1,23,8.360597014925368,10.638833287744632,0.27249684068639457,17,3,20,8_POSSA
query_6_57.graph,2,0.1,23,8.360597014925368,13.512422486342668,0.6162030608843176,15,3,18,8_POSSA
query_6_57.graph,3,0.1,23,8.360597014925368,4.4041397098652535,0.4732266485272562,17,7,24,8_POSSA
query_6_57.graph,4,0.1,23,8.360597014925368,4.083134639433954,0.5116216423127765,15,6,21,8_POSSA
query_6_57.graph,5,0.1,23,8.360597014925368,14.94370958014813,0.7873974255032944,15,5,20,8_POSSA
query_6_61.graph,1,0.1,47,27.11224256292905,27.817792761301757,0.026023306509414833,43,38,81,8_POSSA
query_6_61.graph,2,0.1,47,27.11224256292905,30.081832684805324,0.10952949078202166,44,32,76,8_POSSA
query_6_61.graph,3,0.1,47,27.11224256292905,26.228537462482585,0.032594319647123865,45,41,86,8_POSSA
query_6_61.graph,4,0.1,47,27.11224256292905,28.0376594639252,0.03413280546041893,43,31,74,8_POSSA
query_6_61.graph,5,0.1,47,27.11224256292905,47.94851824625155,0.7685190789718086,42,24,66,8_POSSA
query_6_64.graph,1,0.1,521,15.007908186567805,14.186533547816444,0.05472945520059207,173,200,373,8_POSSA
query_6_64.graph,2,0.1,521,15.007908186567805,14.586219445610089,0.02809776923709667,188,198,386,8_POSSA
query_6_64.graph,3,0.1,521,15.007908186567805,17.60314650528677,0.17292471985147956,177,191,368,8_POSSA
query_6_64.graph,4,0.1,521,15.007908186567805,16.038227245191408,0.06865174318868408,179,194,373,8_POSSA
query_6_64.graph,5,0.1,521,15.007908186567805,15.373091170762724,0.024332703775584125,192,208,400,8_POSSA
query_6_71.graph,1,0.1,610,15.6849227153575,15.551185867935505,0.008526458806905664,241,221,462,8_POSSA
query_6_71.graph,2,0.1,610,15.6849227153575,14.54788521370185,0.07249238789951754,242,234,476,8_POSSA
query_6_71.graph,3,0.1,610,15.6849227153575,14.762226229148723,0.058826970521527744,232,230,462,8_POSSA
query_6_71.graph,4,0.1,610,15.6849227153575,15.572921118753907,0.007140717148317791,248,234,482,8_POSSA
query_6_71.graph,5,0.1,610,15.6849227153575,15.200109912117663,0.030909479889572218,235,226,461,8_POSSA
query_6_73.graph,1,0.1,34,14.056890380313197,9.740255308811893,0.30708321362075863,33,10,43,8_POSSA
query_6_73.graph,2,0.1,34,14.056890380313197,11.57153871591204,0.1768066476410683,33,11,44,8_POSSA
query_6_73.graph,3,0.1,34,14.056890380313197,10.163037064090565,0.27700673554913746,27,7,34,8_POSSA
query_6_73.graph,4,0.1,34,14.056890380313197,17.354631026699945,0.23459958477055948,33,9,42,8_POSSA
query_6_73.graph,5,0.1,34,14.056890380313197,9.691469524449111,0.3105538093957037,29,11,40,8_POSSA
query_6_8.graph,1,0.1,541,14.60380970838831,13.29158461814627,0.0898549841750066,197,200,397,8_POSSA
query_6_8.graph,2,0.1,541,14.60380970838831,14.12952930171152,0.03247648498215965,190,206,396,8_POSSA
query_6_8.graph,3,0.1,541,14.60380970838831,13.307185328318475,0.08878672113380554,189,215,404,8_POSSA
query_6_8.graph,4,0.1,541,14.60380970838831,15.849041704217218,0.08526761308822427,196,204,400,8_POSSA
query_6_8.graph,5,0.1,541,14.60380970838831,14.122597771741251,0.0329511234572342,192,199,391,8_POSSA
query_6_80.graph,1,0.1,539,15.377545592472078,15.969107705886653,0.03846921538012987,181,200,381,8_POSSA
query_6_80.graph,2,0.1,539,15.377545592472078,13.138649232277936,0.145595169705767,189,215,404,8_POSSA
query_6_80.graph,3,0.1,539,15.377545592472078,20.01133911573839,0.3013350534648871,193,202,395,8_POSSA
query_6_80.graph,4,0.1,539,15.377545592472078,17.327626452588643,0.1268135313525721,187,205,392,8_POSSA
query_6_80.graph,5,0.1,539,15.377545592472078,16.262488564546363,0.05754773847053327,197,207,404,8_POSSA
query_6_81.graph,1,0.1,2842,17.350302638831938,16.942087755938115,0.02352782492566971,269,402,671,8_POSSA
query_6_81.graph,2,0.1,2842,17.350302638831938,16.463252521540955,0.051125916115472486,290,433,723,8_POSSA
query_6_81.graph,3,0.1,2842,17.350302638831938,18.03069907636843,0.039215248961345865,274,410,684,8_POSSA
query_6_81.graph,4,0.1,2842,17.350302638831938,16.899867920254884,0.02596120240398168,277,433,710,8_POSSA
query_6_81.graph,5,0.1,2842,17.350302638831938,17.9651584506332,0.035437757173476976,283,429,712,8_POSSA
query_6_83.graph,1,0.1,211,19.1862995585453,20.503907131510836,0.06867439804872075,140,80,220,8_POSSA
query_6_83.graph,2,0.1,211,19.1862995585453,20.01832677710156,0.04336569519397952,139,81,220,8_POSSA
query_6_83.graph,3,0.1,211,19.1862995585453,21.70726192171911,0.13139388111195252,134,82,216,8_POSSA
query_6_83.graph,4,0.1,211,19.1862995585453,20.512632599766444,0.06912917403243682,140,77,217,8_POSSA
query_6_83.graph,5,0.1,211,19.1862995585453,21.19930602012049,0.10491895299730289,133,75,208,8_POSSA
query_6_84.graph,1,0.1,659,15.10741509433962,12.985788417067816,0.14043611458499777,148,380,528,8_POSSA
query_6_84.graph,2,0.1,659,15.10741509433962,19.655301277360252,0.30103668659535365,142,389,531,8_POSSA
query_6_84.graph,3,0.1,659,15.10741509433962,15.835726205200142,0.04820885017804288,140,365,505,8_POSSA
query_6_84.graph,4,0.1,659,15.10741509433962,13.939520460517405,0.07730605312220462,152,384,536,8_POSSA
query_6_84.graph,5,0.1,659,15.10741509433962,17.85304326874835,0.18174043390370936,149,369,518,8_POSSA
query_6_88.graph,1,0.1,2774,15.506133334054446,16.173726116087614,0.04305346585450842,277,399,676,8_POSSA
query_6_88.graph,2,0.1,2774,15.506133334054446,15.748369419404183,0.01562195294798216,279,399,678,8_POSSA
query_6_88.graph,3,0.1,2774,15.506133334054446,15.514772299798606,0.0005571321720281386,275,394,669,8_POSSA
query_6_88.graph,4,0.1,2774,15.506133334054446,16.057038292400023,0.03552819690616765,272,399,671,8_POSSA
query_6_88.graph,5,0.1,2774,15.506133334054446,16.1503104851008,0.04154337752478991,269,402,671,8_POSSA
query_6_91.graph,1,0.1,46,32.24543046357616,23.57728343919367,0.2688178417768021,45,26,71,8_POSSA
query_6_91.graph,2,0.1,46,32.24543046357616,31.626017429551226,0.019209327496018846,45,28,73,8_POSSA
query_6_91.graph,3,0.1,46,32.24543046357616,38.40239738443966,0.19094075756930246,45,20,65,8_POSSA
query_6_91.graph,4,0.1,46,32.24543046357616,39.074924667918246,0.2117972719283916,46,24,70,8_POSSA
query_6_91.graph,5,0.1,46,32.24543046357616,17.68535309086558,0.45153924644167415,44,28,72,8_POSSA
query_7_103.graph,1,0.1,6,19.38,20.043574631000954,0.03424017703823298,26,3,29,8_POSSA
query_7_103.graph,2,0.1,6,19.38,20.043574631000954,0.03424017703823298,26,3,29,8_POSSA
query_7_103.graph,3,0.1,6,19.38,20.043574631000954,0.03424017703823298,26,3,29,8_POSSA
query_7_103.graph,4,0.1,6,19.38,20.043574631000954,0.03424017703823298,26,3,29,8_POSSA
query_7_103.graph,5,0.1,6,19.38,20.043574631000954,0.03424017703823298,26,3,29,8_POSSA
query_7_113.graph,1,0.1,48,19.448690702087287,29.411061849853585,0.5122386540240011,32,14,46,8_POSSA
query_7_113.graph,2,0.1,48,19.448690702087287,11.991392927169253,0.3834344372661393,35,17,52,8_POSSA
query_7_113.graph,3,0.1,48,19.448690702087287,13.36699047390373,0.3127048664273761,31,9,40,8_POSSA
query_7_113.graph,4,0.1,48,19.448690702087287,19.16373126453286,0.014651857131125257,33,15,48,8_POSSA
query_7_113.graph,5,0.1,48,19.448690702087287,11.355574740936108,0.4161265190094572,31,15,46,8_POSSA
query_7_118.graph,1,0.1,2580,14.856951668510245,15.499076328389446,0.04322048521166044,259,383,642,8_POSSA
query_7_118.graph,2,0.1,2580,14.856951668510245,13.605725523576368,0.08421822812992578,249,399,648,8_POSSA
query_7_118.graph,3,0.1,2580,14.856951668510245,15.442237360403894,0.03939473621188251,277,388,665,8_POSSA
query_7_118.graph,4,0.1,2580,14.856951668510245,15.077235405215614,0.014826980771046522,256,382,638,8_POSSA
query_7_118.graph,5,0.1,2580,14.856951668510245,14.641352654132454,0.014511658864365777,261,373,634,8_POSSA
query_7_121.graph,1,0.1,186,9.905784860764502,11.532614485087453,0.16423026011463338,93,73,166,8_POSSA
query_7_121.graph,2,0.1,186,9.905784860764502,11.070082553105323,0.11753714710203823,104,73,177,8_POSSA
query_7_121.graph,3,0.1,186,9.905784860764502,11.156914516715704,0.12630293041258747,100,65,165,8_POSSA
query_7_121.graph,4,0.1,186,9.905784860764502,11.23108727576168,0.13379075294139745,103,67,170,8_POSSA
query_7_121.graph,5,0.1,186,9.905784860764502,10.385465233567203,0.0484242671878178,102,71,173,8_POSSA
query_7_125.graph,1,0.1,650,16.191924167786237,15.918285481338339,0.016899701580390347,157,220,377,8_POSSA
query_7_125.graph,2,0.1,650,16.191924167786237,15.305306568467904,0.05475677814019503,160,218,378,8_POSSA
query_7_125.graph,3,0.1,650,16.191924167786237,17.700018463689773,0.09313867087544069,158,192,350,8_POSSA
query_7_125.graph,4,0.1,650,16.191924167786237,17.962321301732175,0.10933827972515678,156,204,360,8_POSSA
query_7_125.graph,5,0.1,650,16.191924167786237,17.28324940013707,0.06739935421152848,152,206,358,8_POSSA
query_7_140.graph,1,0.1,652,11.724374761577781,11.316884748080204,0.03475579907535644,171,270,441,8_POSSA
query_7_140.graph,2,0.1,652,11.724374761577781,12.158390126218134,0.03701820979509064,177,251,428,8_POSSA
query_7_140.graph,3,0.1,652,11.724374761577781,10.915305355910471,0.06900746710338282,188,267,455,8_POSSA
query_7_140.graph,4,0.1,652,11.724374761577781,12.521850941889964,0.06801865315032492,181,272,453,8_POSSA
query_7_140.graph,5,0.1,652,11.724374761577781,11.498851894556267,0.01923538539219849,171,274,445,8_POSSA
query_7_144.graph,1,0.1,43,21.293544986516302,15.999288818739146,0.2486319760814667,38,21,59,8_POSSA
query_7_144.graph,2,0.1,43,21.293544986516302,19.954068273416063,0.06290529425459385,39,19,58,8_POSSA
query_7_144.graph,3,0.1,43,21.293544986516302,20.985710856124477,0.014456687723286784,40,17,57,8_POSSA
query_7_144.graph,4,0.1,43,21.293544986516302,18.58335788748621,0.1272774026469648,39,21,60,8_POSSA
query_7_144.graph,5,0.1,43,21.293544986516302,22.398153768322736,0.05187528814511178,37,17,54,8_POSSA
query_7_146.graph,1,0.1,45,10.159032595205435,7.846641336887999,0.22761923801768005,41,25,66,8_POSSA
query_7_146.graph,2,0.1,45,10.159032595205435,8.87146221740721,0.12674143583375205,43,23,66,8_POSSA
query_7_146.graph,3,0.1,45,10.159032595205435,8.954111581388979,0.11860588127112809,42,23,65,8_POSSA
query_7_146.graph,4,0.1,45,10.159032595205435,16.575853981078183,0.6316370506480284,42,21,63,8_POSSA
query_7_146.graph,5,0.1,45,10.159032595205435,10.625241168841152,0.0458910402409521,37,29,66,8_POSSA
query_7_149.graph,1,0.1,577,6.955371277429468,7.214229293812233,0.03721699475954244,153,247,400,8_POSSA
query_7_149.graph,2,0.1,577,6.955371277429468,6.316097235488733,0.09191084364039807,141,242,383,8_POSSA
query_7_149.graph,3,0.1,577,6.955371277429468,7.105640110206408,0.021604717675470387,160,244,404,8_POSSA
query_7_149.graph,4,0.1,577,6.955371277429468,7.208869794405066,0.03644643928616915,136,221,357,8_POSSA
query_7_149.graph,5,0.1,577,6.955371277429468,6.688073208775368,0.03843045295389136,144,237,381,8_POSSA
query_7_15.graph,1,0.1,345,13.445463308922433,10.351552924956081,0.23010812739440722,112,154,266,8_POSSA
query_7_15.graph,2,0.1,345,13.445463308922433,12.014000102096558,0.10646440170462204,118,169,287,8_POSSA
query_7_15.graph,3,0.1,345,13.445463308922433,14.574383056673371,0.08396287445162155,117,167,284,8_POSSA
query_7_15.graph,4,0.1,345,13.445463308922433,15.430503501310179,0.14763642923858714,114,165,279,8_POSSA
query_7_15.graph,5,0.1,345,13.445463308922433,13.495043089815026,0.0036874728489044795,115,172,287,8_POSSA
query_7_17.graph,1,0.1,46,20.437250505994083,20.42582240692645,0.0005591798693410832,34,28,62,8_POSSA
query_7_17.graph,2,0.1,46,20.437250505994083,17.342713779158817,0.15141648950907866,34,28,62,8_POSSA
query_7_17.graph,3,0.1,46,20.437250505994083,17.13089119435673,0.16178102385482931,37,31,68,8_POSSA
query_7_17.graph,4,0.1,46,20.437250505994083,24.0696149663766,0.17773254084825035,35,22,57,8_POSSA
query_7_17.graph,5,0.1,46,20.437250505994083,19.92035835954965,0.02529166759945686,37,25,62,8_POSSA
query_7_23.graph,1,0.1,645,102.51354212615793,107.54189376031303,0.04905060863048686,131,131,262,8_POSSA
query_7_23.graph,2,0.1,645,102.51354212615793,144.48268999642085,0.40940101180596933,126,111,237,8_POSSA
query_7_23.graph,3,0.1,645,102.51354212615793,112.00156741264199,0.09255387229530763,145,133,278,8_POSSA
query_7_23.graph,4,0.1,645,102.51354212615793,77.35241734351489,0.24544196074776728,137,141,278,8_POSSA
query_7_23.graph,5,0.1,645,102.51354212615793,83.5974012104772,0.18452333734016962,132,130,262,8_POSSA
query_7_32.graph,1,0.1,2,,,,28,0,28,8_POSSA
query_7_32.graph,2,0.1,2,,,,28,0,28,8_POSSA
query_7_32.graph,3,0.1,2,,,,28,0,28,8_POSSA
query_7_32.graph,4,0.1,2,,,,28,0,28,8_POSSA
query_7_32.graph,5,0.1,2,,,,28,0,28,8_POSSA
query_7_33.graph,1,0.1,8,25.67,28.988916443139836,0.12929164172730168,28,4,32,8_POSSA
query_7_33.graph,2,0.1,8,25.67,28.988916443139836,0.12929164172730168,28,4,32,8_POSSA
query_7_33.graph,3,0.1,8,25.67,28.988916443139836,0.12929164172730168,28,4,32,8_POSSA
query_7_33.graph,4,0.1,8,25.67,28.988916443139836,0.12929164172730168,28,4,32,8_POSSA
query_7_33.graph,5,0.1,8,25.67,28.988916443139836,0.12929164172730168,28,4,32,8_POSSA
query_7_35.graph,1,0.1,48,52.68999999999995,39.74501930715833,0.24568192622588025,57,2,59,8_POSSA
query_7_35.graph,2,0.1,48,52.68999999999995,39.74501930715833,0.24568192622588025,61,2,63,8_POSSA
query_7_35.graph,3,0.1,48,52.68999999999995,,,54,1,55,8_POSSA
query_7_35.graph,4,0.1,48,52.68999999999995,39.74501930715833,0.24568192622588025,55,2,57,8_POSSA
query_7_35.graph,5,0.1,48,52.68999999999995,0.0,1.0,54,2,56,8_POSSA
query_7_36.graph,1,0.1,603,13.793126539228334,12.552552534345882,0.08994146478350637,160,196,356,8_POSSA
query_7_36.graph,2,0.1,603,13.793126539228334,14.805973217676474,0.0734312612566523,168,187,355,8_POSSA
query_7_36.graph,3,0.1,603,13.793126539228334,12.87544970841463,0.06653145885407387,173,193,366,8_POSSA
query_7_36.graph,4,0.1,603,13.793126539228334,13.662280976721515,0.009486287400807028,173,198,371,8_POSSA
query_7_36.graph,5,0.1,603,13.793126539228334,12.004465608257664,0.12967770040270635,171,199,370,8_POSSA
query_7_44.graph,1,0.1,670,16.768571769194086,20.608084007621752,0.22897073711914565,168,224,392,8_POSSA
query_7_44.graph,2,0.1,670,16.768571769194086,17.95375528199911,0.07067885858844294,169,238,407,8_POSSA
query_7_44.graph,3,0.1,670,16.768571769194086,13.643024992511974,0.18639314186698497,158,235,393,8_POSSA
query_7_44.graph,4,0.1,670,16.768571769194086,21.143905206806597,0.26092463316706155,160,236,396,8_POSSA
query_7_44.graph,5,0.1,670,16.768571769194086,28.69241365275831,0.7110827354700404,161,222,383,8_POSSA
query_7_53.graph,1,0.1,1,,,,8,0,8,8_POSSA
query_7_53.graph,2,0.1,1,,,,8,0,8,8_POSSA
query_7_53.graph,3,0.1,1,,,,8,0,8,8_POSSA
query_7_53.graph,4,0.1,1,,,,8,0,8,8_POSSA
query_7_53.graph,5,0.1,1,,,,8,0,8,8_POSSA
query_7_55.graph,1,0.1,600,20.559798013614554,20.83775889090257,0.013519630742673296,144,257,401,8_POSSA
query_7_55.graph,2,0.1,600,20.559798013614554,18.881499125225705,0.08163012531920259,141,249,390,8_POSSA
query_7_55.graph,3,0.1,600,20.559798013614554,20.33678481351025,0.010847052094413905,142,251,393,8_POSSA
query_7_55.graph,4,0.1,600,20.559798013614554,20.506771001423875,0.002579160172466905,138,251,389,8_POSSA
query_7_55.graph,5,0.1,600,20.559798013614554,21.710934109936844,0.055989659799187505,143,255,398,8_POSSA
query_7_65.graph,1,0.1,475,12.197054865262432,12.392523117224075,0.016025856579389663,161,162,323,8_POSSA
query_7_65.graph,2,0.1,475,12.197054865262432,11.98012909345269,0.01778509436958853,185,171,356,8_POSSA
query_7_65.graph,3,0.1,475,12.197054865262432,10.582473462565781,0.13237469377095495,173,182,355,8_POSSA
query_7_65.graph,4,0.1,475,12.197054865262432,13.421531521673813,0.10039117392992357,177,156,333,8_POSSA
query_7_65.graph,5,0.1,475,12.197054865262432,14.58559446970821,0.19582920884027577,176,173,349,8_POSSA
query_7_66.graph,1,0.1,1602,14.712509395301257,10.886459343396316,0.2600542129901286,235,274,509,8_POSSA
query_7_66.graph,2,0.1,1602,14.712509395301257,14.338842783115313,0.025397884354472038,230,268,498,8_POSSA
query_7_66.graph,3,0.1,1602,14.712509395301257,16.398194087150916,0.11457492712888372,234,269,503,8_POSSA
query_7_66.graph,4,0.1,1602,14.712509395301257,14.079650011503334,0.04301505384255114,236,287,523,8_POSSA
query_7_66.graph,5,0.1,1602,14.712509395301257,14.659802680260785,0.003582442234993905,235,267,502,8_POSSA
query_7_83.graph,1,0.1,499,16.21311331487706,16.1018170899909,0.006864580708508086,186,172,358,8_POSSA
query_7_83.graph,2,0.1,499,16.21311331487706,16.661166162512757,0.027635213480224467,175,166,341,8_POSSA
query_7_83.graph,3,0.1,499,16.21311331487706,17.310961865456132,0.06771361732059773,174,166,340,8_POSSA
query_7_83.graph,4,0.1,499,16.21311331487706,14.976640803871302,0.07626373090670856,184,173,357,8_POSSA
query_7_83.graph,5,0.1,499,16.21311331487706,17.990498574857273,0.1096264008929917,182,173,355,8_POSSA
query_7_84.graph,1,0.1,2076,21.780816929441077,18.647781894199184,0.14384377984495966,256,395,651,8_POSSA
query_7_84.graph,2,0.1,2076,21.780816929441077,22.59724638977998,0.03748387688963754,256,390,646,8_POSSA
query_7_84.graph,3,0.1,2076,21.780816929441077,21.50849553297854,0.012502809116146655,258,397,655,8_POSSA
query_7_84.graph,4,0.1,2076,21.780816929441077,21.730009576969803,0.0023326651445565406,253,393,646,8_POSSA
query_7_84.graph,5,0.1,2076,21.780816929441077,20.378705975767236,0.06437366230183088,256,379,635,8_POSSA
query_7_86.graph,1,0.1,2,21.23,21.394546912590215,0.007750678878483966,17,1,18,8_POSSA
query_7_86.graph,2,0.1,2,21.23,21.394546912590215,0.007750678878483966,17,1,18,8_POSSA
query_7_86.graph,3,0.1,2,21.23,21.394546912590215,0.007750678878483966,17,1,18,8_POSSA
query_7_86.graph,4,0.1,2,21.23,21.394546912590215,0.007750678878483966,17,1,18,8_POSSA
query_7_86.graph,5,0.1,2,21.23,21.394546912590215,0.007750678878483966,17,1,18,8_POSSA
query_7_87.graph,1,0.1,2744,19.891257486326378,15.355536348110231,0.228025862182624,253,345,598,8_POSSA
query_7_87.graph,2,0.1,2744,19.891257486326378,15.67719747000956,0.21185488243835976,263,361,624,8_POSSA
query_7_87.graph,3,0.1,2744,19.891257486326378,15.931641578029772,0.1990631266534315,262,348,610,8_POSSA
query_7_87.graph,4,0.1,2744,19.891257486326378,17.549063290845755,0.11774993094783932,253,345,598,8_POSSA
query_7_87.graph,5,0.1,2744,19.891257486326378,28.477609397756662,0.4316646103109722,256,353,609,8_POSSA
query_7_90.graph,1,0.1,3496,27.63288376655223,26.70444439784099,0.0335990762511386,224,486,710,8_POSSA
query_7_90.graph,2,0.1,3496,27.63288376655223,28.077102248173514,0.016075719254426184,222,481,703,8_POSSA
query_7_90.graph,3,0.1,3496,27.63288376655223,28.158323739530417,0.019015024903560645,213,472,685,8_POSSA
query_7_90.graph,4,0.1,3496,27.63288376655223,26.020216743929893,0.05836043158746835,220,483,703,8_POSSA
query_7_90.graph,5,0.1,3496,27.63288376655223,29.75672861199542,0.07685932685802284,224,479,703,8_POSSA
query_7_98.graph,1,0.1,667,22.359265254160224,25.025814724088438,0.1192592618593345,184,242,426,8_POSSA
query_7_98.graph,2,0.1,667,22.359265254160224,20.863841976810022,0.06688159294822801,180,254,434,8_POSSA
query_7_98.graph,3,0.1,667,22.359265254160224,20.22083151658316,0.09563971415291389,174,249,423,8_POSSA
query_7_98.graph,4,0.1,667,22.359265254160224,21.127345183993327,0.05509662576849132,176,235,411,8_POSSA
query_7_98.graph,5,0.1,667,22.359265254160224,24.43919179975246,0.09302302745414409,174,225,399,8_POSSA
query_8_1.graph,1,0.1,4,12.588490566037745,12.340325554206574,0.01971364323064202,35,5,40,8_POSSA
query_8_1.graph,2,0.1,4,12.588490566037745,12.340325554206574,0.01971364323064202,35,5,40,8_POSSA
query_8_1.graph,3,0.1,4,12.588490566037745,12.340325554206574,0.01971364323064202,35,5,40,8_POSSA
query_8_1.graph,4,0.1,4,12.588490566037745,12.340325554206574,0.01971364323064202,35,5,40,8_POSSA
query_8_1.graph,5,0.1,4,12.588490566037745,12.340325554206574,0.01971364323064202,35,5,40,8_POSSA
query_8_103.graph,1,0.1,2339,17.925394588211134,17.905397918891282,0.0011155497426540868,198,269,467,8_POSSA
query_8_103.graph,2,0.1,2339,17.925394588211134,15.31376814342295,0.14569422346249236,198,251,449,8_POSSA
query_8_103.graph,3,0.1,2339,17.925394588211134,15.208878297348821,0.15154568997041015,202,262,464,8_POSSA
query_8_103.graph,4,0.1,2339,17.925394588211134,14.359981543569711,0.1989029043180038,202,277,479,8_POSSA
query_8_103.graph,5,0.1,2339,17.925394588211134,15.51883488168212,0.13425421095676854,191,259,450,8_POSSA
query_8_117.graph,1,0.1,39,4.02311063567824,7.3101692836341,0.817044060087527,36,18,54,8_POSSA
query_8_117.graph,2,0.1,39,4.02311063567824,7.881568333377249,0.95907322644348,37,18,55,8_POSSA
query_8_117.graph,3,0.1,39,4.02311063567824,4.465965878978156,0.11007781873372638,37,23,60,8_POSSA
query_8_117.graph,4,0.1,39,4.02311063567824,4.919857814683143,0.2228989605834501,37,21,58,8_POSSA
query_8_117.graph,5,0.1,39,4.02311063567824,6.938726481187488,0.7247167949229705,34,20,54,8_POSSA
query_8_119.graph,1,0.1,2755,16.275655060044656,16.021608837720898,0.015608970661182178,123,194,317,8_POSSA
query_8_119.graph,2,0.1,2755,16.275655060044656,14.682927243525276,0.0978595215150136,123,187,310,8_POSSA
query_8_119.graph,3,0.1,2755,16.275655060044656,18.562653566715266,0.14051652595446043,123,186,309,8_POSSA
query_8_119.graph,4,0.1,2755,16.275655060044656,16.145213549802246,0.008014516758998674,121,190,311,8_POSSA
query_8_119.graph,5,0.1,2755,16.275655060044656,17.24342777303106,0.05946136787834745,118,184,302,8_POSSA
query_8_126.graph,1,0.1,2694,17.190249712072035,15.5297985449841,0.09659261470308167,135,234,369,8_POSSA
query_8_126.graph,2,0.1,2694,17.190249712072035,16.950145354866756,0.0139674734938064,136,245,381,8_POSSA
query_8_126.graph,3,0.1,2694,17.190249712072035,16.445283882177545,0.043336533347234016,132,243,375,8_POSSA
query_8_126.graph,4,0.1,2694,17.190249712072035,17.594707519827047,0.02352832649493028,131,248,379,8_POSSA
query_8_126.graph,5,0.1,2694,17.190249712072035,16.496246073138263,0.04037193470472978,133,244,377,8_POSSA
query_8_130.graph,1,0.1,617,23.926485764655254,24.283779727393778,0.014932989585387696,134,271,405,8_POSSA
query_8_130.graph,2,0.1,617,23.926485764655254,23.74882869696904,0.007425121659473065,133,281,414,8_POSSA
query_8_130.graph,3,0.1,617,23.926485764655254,25.146957378376893,0.05100922992730286,135,286,421,8_POSSA
query_8_130.graph,4,0.1,617,23.926485764655254,29.944220277596518,0.2515093345563851,132,275,407,8_POSSA
query_8_130.graph,5,0.1,617,23.926485764655254,22.36743677170605,0.06515996575026771,129,278,407,8_POSSA
query_8_132.graph,1,0.1,621,13.224040721085345,11.67809348728472,0.11690430076607806,156,238,394,8_POSSA
query_8_132.graph,2,0.1,621,13.224040721085345,12.910634804946902,0.023699708942874494,156,232,388,8_POSSA
query_8_132.graph,3,0.1,621,13.224040721085345,14.63189607328721,0.10646181313984322,161,227,388,8_POSSA
query_8_132.graph,4,0.1,621,13.224040721085345,14.742026320717535,0.11478984613317221,165,228,393,8_POSSA
query_8_132.graph,5,0.1,621,13.224040721085345,11.457312685565904,0.1335997122802597,160,221,381,8_POSSA
query_8_133.graph,1,0.1,566,25.076277782263183,24.558601144437088,0.020644078133169187,153,195,348,8_POSSA
query_8_133.graph,2,0.1,566,25.076277782263183,27.15268403878674,0.082803607239996,172,192,364,8_POSSA
query_8_133.graph,3,0.1,566,25.076277782263183,25.820522965544175,0.029679252628450583,168,197,365,8_POSSA
query_8_133.graph,4,0.1,566,25.076277782263183,27.272400263685977,0.08757768997822091,153,191,344,8_POSSA
query_8_133.graph,5,0.1,566,25.076277782263183,18.876716350579205,0.24722813670811297,157,201,358,8_POSSA
query_8_21.graph,1,0.1,35,16.224877111520296,14.448990471975792,0.10945455101681821,22,8,30,8_POSSA
query_8_21.graph,2,0.1,35,16.224877111520296,5.268372042419598,0.6752904810182601,20,10,30,8_POSSA
query_8_21.graph,3,0.1,35,16.224877111520296,11.930625025542799,0.2646708542974671,19,6,25,8_POSSA
query_8_21.graph,4,0.1,35,16.224877111520296,16.607258855536177,0.023567620351612684,16,4,20,8_POSSA
query_8_21.graph,5,0.1,35,16.224877111520296,21.71723342553373,0.3385145093095126,17,4,21,8_POSSA
query_8_29.graph,1,0.1,590,7.761787191442162,7.842257137767276,0.010367450735294204,143,191,334,8_POSSA
query_8_29.graph,2,0.1,590,7.761787191442162,7.259241154223715,0.0647461756968207,160,212,372,8_POSSA
query_8_29.graph,3,0.1,590,7.761787191442162,7.777645795221433,0.0020431639502763855,148,193,341,8_POSSA
query_8_29.graph,4,0.1,590,7.761787191442162,7.207102893972765,0.07146347661798426,151,203,354,8_POSSA
query_8_29.graph,5,0.1,590,7.761787191442162,8.333057497669321,0.0736003567396204,161,194,355,8_POSSA
query_8_35.graph,1,0.1,535,4.442756108445538,4.9412161022381955,0.11219611917140823,117,281,398,8_POSSA
query_8_35.graph,2,0.1,535,4.442756108445538,5.664874449422119,0.2750811233264354,120,290,410,8_POSSA
query_8_35.graph,3,0.1,535,4.442756108445538,4.311273974157835,0.0295947225277029,123,305,428,8_POSSA
query_8_35.graph,4,0.1,535,4.442756108445538,4.417764861901085,0.005625167336317589,132,277,409,8_POSSA
query_8_35.graph,5,0.1,535,4.442756108445538,4.141473618511606,0.06781432124108809,125,284,409,8_POSSA
query_8_51.graph,1,0.1,349,12.551194850343403,10.93518705106493,0.12875330345415362,126,116,242,8_POSSA
query_8_51.graph,2,0.1,349,12.551194850343403,11.000511703654428,0.12354864737412215,122,103,225,8_POSSA
query_8_51.graph,3,0.1,349,12.551194850343403,15.022590026605526,0.19690517163746402,121,99,220,8_POSSA
query_8_51.graph,4,0.1,349,12.551194850343403,13.06486048112736,0.040925635918233096,117,104,221,8_POSSA
query_8_51.graph,5,0.1,349,12.551194850343403,14.404575238164892,0.14766565334381526,123,107,230,8_POSSA
query_8_53.graph,1,0.1,541,11.442449929192799,10.315089011932294,0.09852443525964673,133,180,313,8_POSSA
query_8_53.graph,2,0.1,541,11.442449929192799,12.553881230277884,0.09713228442883741,135,181,316,8_POSSA
query_8_53.graph,3,0.1,541,11.442449929192799,11.577283102417384,0.011783593029372954,133,195,328,8_POSSA
query_8_53.graph,4,0.1,541,11.442449929192799,10.85815270903149,0.05106399624005416,130,197,327,8_POSSA
query_8_53.graph,5,0.1,541,11.442449929192799,9.658791553693938,0.1558808110619968,135,197,332,8_POSSA
query_8_54.graph,1,0.1,311,7.753216683361395,7.310290170747773,0.057128096724570275,103,138,241,8_POSSA
query_8_54.graph,2,0.1,311,7.753216683361395,7.299378340916141,0.058535490620196834,96,145,241,8_POSSA
query_8_54.graph,3,0.1,311,7.753216683361395,8.02049369931271,0.03447304865410217,104,133,237,8_POSSA
query_8_54.graph,4,0.1,311,7.753216683361395,8.459167857471352,0.09105268212417512,105,138,243,8_POSSA
query_8_54.graph,5,0.1,311,7.753216683361395,11.596538440238396,0.49570673874301346,98,142,240,8_POSSA
query_8_59.graph,1,0.1,5,13.36,13.32626255478647,0.002525257875264118,18,3,21,8_POSSA
query_8_59.graph,2,0.1,5,13.36,13.32626255478647,0.002525257875264118,18,3,21,8_POSSA
query_8_59.graph,3,0.1,5,13.36,13.32626255478647,0.002525257875264118,18,3,21,8_POSSA
query_8_59.graph,4,0.1,5,13.36,13.32626255478647,0.002525257875264118,18,3,21,8_POSSA
query_8_59.graph,5,0.1,5,13.36,13.32626255478647,0.002525257875264118,18,3,21,8_POSSA
query_8_66.graph,1,0.1,46,19.366951219512185,19.638889239633855,0.01404134378402796,13,22,35,8_POSSA
query_8_66.graph,2,0.1,46,19.366951219512185,14.456881174252327,0.2535282910359668,12,26,38,8_POSSA
query_8_66.graph,3,0.1,46,19.366951219512185,16.83315091258396,0.13083114002865992,13,24,37,8_POSSA
query_8_66.graph,4,0.1,46,19.366951219512185,20.006216798129135,0.0330080646856223,13,26,39,8_POSSA
query_8_66.graph,5,0.1,46,19.366951219512185,13.883602734232712,0.2831291524994912,12,28,40,8_POSSA
query_8_85.graph,1,0.1,106,15.26559500959693,14.51530509160738,0.04914907787858064,28,14,42,8_POSSA
query_8_85.graph,2,0.1,106,15.26559500959693,42.05751250574427,1.7550522910704907,29,17,46,8_POSSA
query_8_85.graph,3,0.1,106,15.26559500959693,6.089336710807617,0.6011071493132453,31,13,44,8_POSSA
query_8_85.graph,4,0.1,106,15.26559500959693,37.41469904599194,1.4509165232321874,29,16,45,8_POSSA
query_8_85.graph,5,0.1,106,15.26559500959693,8.62847686447581,0.4347762495303068,30,22,52,8_POSSA
query_8_95.graph,1,0.1,530,4.435028669330381,4.317117446870545,0.026586349548364783,144,217,361,8_POSSA
query_8_95.graph,2,0.1,530,4.435028669330381,4.809346339195488,0.08440028188625508,142,231,373,8_POSSA
query_8_95.graph,3,0.1,530,4.435028669330381,4.7792846390322365,0.07762203930777124,145,217,362,8_POSSA
query_8_95.graph,4,0.1,530,4.435028669330381,4.3340397289682056,0.022770752545647803,145,219,364,8_POSSA
query_8_95.graph,5,0.1,530,4.435028669330381,3.9925620079717343,0.09976635876526417,135,214,349,8_POSSA
query_8_97.graph,1,0.1,42,17.065136072363206,19.56010595756896,0.14620275365083849,37,15,52,8_POSSA
query_8_97.graph,2,0.1,42,17.065136072363206,16.602857296485478,0.02708907646077215,36,12,48,8_POSSA
query_8_97.graph,3,0.1,42,17.065136072363206,18.98492878057548,0.11249794317909696,35,18,53,8_POSSA
query_8_97.graph,4,0.1,42,17.065136072363206,15.337775380154614,0.1012216184438185,37,18,55,8_POSSA
query_8_97.graph,5,0.1,42,17.065136072363206,18.491821521262395,0.08360234825256915,35,14,49,8_POSSA
