query_basename,run_id,budget_frac,budget_n,T_true,T_hat,Qerror,n_product,n_review,oracle_cost,method
query_3_120.graph,1,0.1,857,22.59998838559814,20.89217651888341,0.07556693559201277,521,99,620,Exact_structureO
query_3_120.graph,2,0.1,857,22.59998838559814,20.983955503785683,0.07150591647393396,518,116,634,Exact_structureO
query_3_120.graph,3,0.1,857,22.59998838559814,22.90724173354735,0.013595287869484373,518,110,628,Exact_structureO
query_3_120.graph,4,0.1,857,22.59998838559814,21.372491903917098,0.0543140315268156,505,107,612,Exact_structureO
query_3_120.graph,5,0.1,857,22.59998838559814,23.336821663512662,0.03260325914079089,524,103,627,Exact_structureO
query_3_122.graph,1,0.1,862,22.269976162097734,25.06190047554349,0.12536718913051442,528,108,636,Exact_structureO
query_3_122.graph,2,0.1,862,22.269976162097734,22.994079881656802,0.03251479544874647,521,116,637,Exact_structureO
query_3_122.graph,3,0.1,862,22.269976162097734,25.93704068512094,0.16466405245930832,519,112,631,Exact_structureO
query_3_122.graph,4,0.1,862,22.269976162097734,21.752871529411767,0.023219810785700384,509,116,625,Exact_structureO
query_3_122.graph,5,0.1,862,22.269976162097734,20.753210309592802,0.06810810399906864,524,107,631,Exact_structureO
query_3_126.graph,1,0.1,862,22.269976162097734,20.97843443960828,0.05799475100865119,527,101,628,Exact_structureO
query_3_126.graph,2,0.1,862,22.269976162097734,23.503281035111847,0.05537971231029558,537,98,635,Exact_structureO
query_3_126.graph,3,0.1,862,22.269976162097734,22.36980459208598,0.004482646468124597,520,102,622,Exact_structureO
query_3_126.graph,4,0.1,862,22.269976162097734,20.990989876123997,0.05743096789436626,514,113,627,Exact_structureO
query_3_126.graph,5,0.1,862,22.269976162097734,19.288729456384317,0.1338684282378054,515,123,638,Exact_structureO
query_3_130.graph,1,0.1,862,22.269976162097734,22.386761382170654,0.005244065787177716,507,115,622,Exact_structureO
query_3_130.graph,2,0.1,862,22.269976162097734,21.448611403164314,0.03688215707798275,515,112,627,Exact_structureO
query_3_130.graph,3,0.1,862,22.269976162097734,18.909023761326388,0.15091854505401317,527,113,640,Exact_structureO
query_3_130.graph,4,0.1,862,22.269976162097734,23.005125717391017,0.033010792195838405,516,112,628,Exact_structureO
query_3_130.graph,5,0.1,862,22.269976162097734,23.24840321670839,0.0439348047563645,524,100,624,Exact_structureO
query_3_133.graph,1,0.1,856,22.59998838559814,23.359467335456582,0.033605280538215626,528,112,640,Exact_structureO
query_3_133.graph,2,0.1,856,22.59998838559814,21.154201202665366,0.06397291707698861,516,96,612,Exact_structureO
query_3_133.graph,3,0.1,856,22.59998838559814,22.55355739424584,0.0020544696997229707,511,122,633,Exact_structureO
query_3_133.graph,4,0.1,856,22.59998838559814,20.610089364702862,0.08804867449238797,511,114,625,Exact_structureO
query_3_133.graph,5,0.1,856,22.59998838559814,22.683441638088567,0.003692623689293845,525,107,632,Exact_structureO
query_3_137.graph,1,0.1,866,20.981674311926607,19.397986502690546,0.0754795725875816,501,123,624,Exact_structureO
query_3_137.graph,2,0.1,866,20.981674311926607,20.49947917620137,0.022981728176532795,518,122,640,Exact_structureO
query_3_137.graph,3,0.1,866,20.981674311926607,21.353627330561856,0.01772751845756276,511,96,607,Exact_structureO
query_3_137.graph,4,0.1,866,20.981674311926607,22.40532433445819,0.06785206944720981,517,98,615,Exact_structureO
query_3_137.graph,5,0.1,866,20.981674311926607,22.45267125058161,0.07010865371305681,518,105,623,Exact_structureO
query_3_17.graph,1,0.1,866,20.981674311926607,19.118548,0.08879779012047434,521,87,608,Exact_structureO
query_3_17.graph,2,0.1,866,20.981674311926607,21.072095821604016,0.004309546909038167,514,117,631,Exact_structureO
query_3_17.graph,3,0.1,866,20.981674311926607,19.598785426008977,0.0659093676395289,515,114,629,Exact_structureO
query_3_17.graph,4,0.1,866,20.981674311926607,20.53966971313732,0.021066221513982658,511,112,623,Exact_structureO
query_3_17.graph,5,0.1,866,20.981674311926607,21.89654946117711,0.04360353400064264,521,109,630,Exact_structureO
query_3_21.graph,1,0.1,864,22.535027932960887,21.31379966329967,0.054192445347493304,516,123,639,Exact_structureO
query_3_21.graph,2,0.1,864,22.535027932960887,22.10822823529412,0.018939390664899376,524,117,641,Exact_structureO
query_3_21.graph,3,0.1,864,22.535027932960887,20.23710125536642,0.10197132590341292,509,115,624,Exact_structureO
query_3_21.graph,4,0.1,864,22.535027932960887,21.482513926722124,0.046705688999803804,513,106,619,Exact_structureO
query_3_21.graph,5,0.1,864,22.535027932960887,26.566942682478388,0.17891767259006658,517,110,627,Exact_structureO
query_3_25.graph,1,0.1,862,22.269976162097734,23.32012239840174,0.04715524743539224,508,114,622,Exact_structureO
query_3_25.graph,2,0.1,862,22.269976162097734,20.6531193995381,0.07260253674233545,513,116,629,Exact_structureO
query_3_25.graph,3,0.1,862,22.269976162097734,25.022716967509034,0.12360771225684165,513,114,627,Exact_structureO
query_3_25.graph,4,0.1,862,22.269976162097734,19.36940717016897,0.13024571606256913,515,96,611,Exact_structureO
query_3_25.graph,5,0.1,862,22.269976162097734,19.81202350802,0.11037069084344295,521,107,628,Exact_structureO
query_3_36.graph,1,0.1,862,22.269976162097734,23.744794347184143,0.06622450667892803,511,116,627,Exact_structureO
query_3_36.graph,2,0.1,862,22.269976162097734,25.14524382598267,0.12910959773627795,521,101,622,Exact_structureO
query_3_36.graph,3,0.1,862,22.269976162097734,22.739027830929427,0.02106206425267722,527,95,622,Exact_structureO
query_3_36.graph,4,0.1,862,22.269976162097734,23.64059111811851,0.06154541639579694,535,113,648,Exact_structureO
query_3_36.graph,5,0.1,862,22.269976162097734,22.042103131749457,0.010232297901427694,518,105,623,Exact_structureO
query_3_39.graph,1,0.1,862,22.269976162097734,23.824140290448714,0.0697874176891164,514,99,613,Exact_structureO
query_3_39.graph,2,0.1,862,22.269976162097734,20.391200085056855,0.08436363215504701,524,119,643,Exact_structureO
query_3_39.graph,3,0.1,862,22.269976162097734,25.1488311164853,0.12927067965556327,518,124,642,Exact_structureO
query_3_39.graph,4,0.1,862,22.269976162097734,23.245479882760456,0.04380353681397178,526,99,625,Exact_structureO
query_3_39.graph,5,0.1,862,22.269976162097734,23.481376437658355,0.05439611909519494,541,114,655,Exact_structureO
query_3_41.graph,1,0.1,865,22.535027932960887,20.201193585288472,0.10356474172631618,513,122,635,Exact_structureO
query_3_41.graph,2,0.1,865,22.535027932960887,22.800802818828675,0.01179385650900625,528,98,626,Exact_structureO
query_3_41.graph,3,0.1,865,22.535027932960887,21.5524032433233,0.04360432534456052,533,109,642,Exact_structureO
query_3_41.graph,4,0.1,865,22.535027932960887,23.179557334503055,0.028601224877979718,510,111,621,Exact_structureO
query_3_41.graph,5,0.1,865,22.535027932960887,19.01397177946172,0.15624813796432396,524,104,628,Exact_structureO
query_3_53.graph,1,0.1,862,22.269976162097734,23.080158977353854,0.036380048607102054,504,117,621,Exact_structureO
query_3_53.graph,2,0.1,862,22.269976162097734,24.087297595302097,0.08160410320947462,510,110,620,Exact_structureO
query_3_53.graph,3,0.1,862,22.269976162097734,24.40965371900827,0.09607902322554557,514,111,625,Exact_structureO
query_3_53.graph,4,0.1,862,22.269976162097734,23.607135487638704,0.06004314130415375,527,114,641,Exact_structureO
query_3_53.graph,5,0.1,862,22.269976162097734,20.75186418962203,0.06816854950475641,511,109,620,Exact_structureO
query_3_62.graph,1,0.1,856,22.59998838559814,21.165585627489172,0.06346918120644009,523,105,628,Exact_structureO
query_3_62.graph,2,0.1,856,22.59998838559814,20.645428048255063,0.08648501512454863,518,130,648,Exact_structureO
query_3_62.graph,3,0.1,856,22.59998838559814,20.897926972909307,0.07531249059284803,525,98,623,Exact_structureO
query_3_62.graph,4,0.1,856,22.59998838559814,19.046198156682024,0.15724743607305447,519,116,635,Exact_structureO
query_3_62.graph,5,0.1,856,22.59998838559814,21.441826113116726,0.051246144587377564,522,111,633,Exact_structureO
query_3_8.graph,1,0.1,867,20.981674311926607,19.175618037135273,0.08607779569644346,504,117,621,Exact_structureO
query_3_8.graph,2,0.1,867,20.981674311926607,22.976162205895218,0.09505856702936641,520,119,639,Exact_structureO
query_3_8.graph,3,0.1,867,20.981674311926607,21.4300837215158,0.02137147888785517,514,110,624,Exact_structureO
query_3_8.graph,4,0.1,867,20.981674311926607,23.27395442200968,0.10925153426769536,513,117,630,Exact_structureO
query_3_8.graph,5,0.1,867,20.981674311926607,20.94837635158702,0.0015870020592522913,522,110,632,Exact_structureO
query_3_88.graph,1,0.1,865,22.535027932960887,25.189314288116726,0.11778491524625734,512,128,640,Exact_structureO
query_3_88.graph,2,0.1,865,22.535027932960887,22.231490159325215,0.013469598286661166,521,113,634,Exact_structureO
query_3_88.graph,3,0.1,865,22.535027932960887,22.05572612948299,0.021269190564296745,521,113,634,Exact_structureO
query_3_88.graph,4,0.1,865,22.535027932960887,24.131429036458336,0.07084087529185934,535,113,648,Exact_structureO
query_3_88.graph,5,0.1,865,22.535027932960887,19.82886510973991,0.120086952244812,512,113,625,Exact_structureO
query_3_96.graph,1,0.1,856,22.59998838559814,22.560048957264964,0.0017672322503771174,524,98,622,Exact_structureO
query_3_96.graph,2,0.1,856,22.59998838559814,25.14226428179917,0.11249014171268765,516,112,628,Exact_structureO
query_3_96.graph,3,0.1,856,22.59998838559814,20.291845444059977,0.10213027113806088,519,114,633,Exact_structureO
query_3_96.graph,4,0.1,856,22.59998838559814,23.783909409686522,0.05238591294333741,516,112,628,Exact_structureO
query_3_96.graph,5,0.1,856,22.59998838559814,23.60846342130274,0.044622812122649166,525,111,636,Exact_structureO
query_4_0.graph,1,0.1,243,20.3687619047619,21.63524014336917,0.062177477675321405,233,61,294,Exact_structureO
query_4_0.graph,2,0.1,243,20.3687619047619,16.115940594059403,0.20879135072555657,245,61,306,Exact_structureO
query_4_0.graph,3,0.1,243,20.3687619047619,20.17318007662835,0.009602047932418895,233,63,296,Exact_structureO
query_4_0.graph,4,0.1,243,20.3687619047619,20.09952843273232,0.01321795960345715,231,80,311,Exact_structureO
query_4_0.graph,5,0.1,243,20.3687619047619,24.599420011806377,0.20770325299228984,235,62,297,Exact_structureO
query_4_102.graph,1,0.1,251,20.190220264317183,17.850986683779876,0.11585973555085523,216,25,241,Exact_structureO
query_4_102.graph,2,0.1,251,20.190220264317183,17.92571548821549,0.11215849784976457,211,22,233,Exact_structureO
query_4_102.graph,3,0.1,251,20.190220264317183,28.66266294968804,0.4196310181095188,213,28,241,Exact_structureO
query_4_102.graph,4,0.1,251,20.190220264317183,16.328584175084185,0.19126270237169182,216,23,239,Exact_structureO
query_4_102.graph,5,0.1,251,20.190220264317183,19.567091393078968,0.030862906054546155,210,27,237,Exact_structureO
query_4_103.graph,1,0.1,247,19.442699115044245,27.195989010989013,0.39877641731057173,219,28,247,Exact_structureO
query_4_103.graph,2,0.1,247,19.442699115044245,19.86508021390374,0.02172440649110642,203,30,233,Exact_structureO
query_4_103.graph,3,0.1,247,19.442699115044245,21.522492647058826,0.1069704118604238,210,19,229,Exact_structureO
query_4_103.graph,4,0.1,247,19.442699115044245,19.64541984732824,0.01042657354745239,207,28,235,Exact_structureO
query_4_103.graph,5,0.1,247,19.442699115044245,21.09323211528564,0.08489217420251373,208,35,243,Exact_structureO
query_4_115.graph,1,0.1,817,19.697104974578806,20.037676020408156,0.01729041126951868,438,126,564,Exact_structureO
query_4_115.graph,2,0.1,817,19.697104974578806,20.497026531188258,0.04061112319002384,443,119,562,Exact_structureO
query_4_115.graph,3,0.1,817,19.697104974578806,19.687028470859424,0.0005115728292247614,440,128,568,Exact_structureO
query_4_115.graph,4,0.1,817,19.697104974578806,23.13463617463618,0.17451961618186387,435,119,554,Exact_structureO
query_4_115.graph,5,0.1,817,19.697104974578806,17.508263074397114,0.11112505634744925,450,130,580,Exact_structureO
query_4_119.graph,1,0.1,252,22.437651821862346,20.843211206896562,0.07106093933645163,198,25,223,Exact_structureO
query_4_119.graph,2,0.1,252,22.437651821862346,25.026364066193853,0.11537358119663707,199,34,233,Exact_structureO
query_4_119.graph,3,0.1,252,22.437651821862346,27.28524835055396,0.2160474084889895,209,37,246,Exact_structureO
query_4_119.graph,4,0.1,252,22.437651821862346,19.641385767790265,0.1246238276746728,212,30,242,Exact_structureO
query_4_119.graph,5,0.1,252,22.437651821862346,23.582027235354573,0.051002458839172905,202,39,241,Exact_structureO
query_4_12.graph,1,0.1,812,19.892936968691686,19.559526560364468,0.016760240524159548,423,144,567,Exact_structureO
query_4_12.graph,2,0.1,812,19.892936968691686,19.332903769721792,0.028152363818942205,447,131,578,Exact_structureO
query_4_12.graph,3,0.1,812,19.892936968691686,18.16910048391687,0.08665570536355986,436,120,556,Exact_structureO
query_4_12.graph,4,0.1,812,19.892936968691686,17.802449494949496,0.10508691989686009,440,119,559,Exact_structureO
query_4_12.graph,5,0.1,812,19.892936968691686,20.248196286918407,0.01785856551930181,424,124,548,Exact_structureO
query_4_120.graph,1,0.1,813,20.16930265995687,21.526352421425948,0.06728292912988494,440,127,567,Exact_structureO
query_4_120.graph,2,0.1,813,20.16930265995687,18.603005153766123,0.07765749429207565,446,124,570,Exact_structureO
query_4_120.graph,3,0.1,813,20.16930265995687,20.451836437830682,0.014008108393094864,430,140,570,Exact_structureO
query_4_120.graph,4,0.1,813,20.16930265995687,21.00059280169373,0.041215611454295024,440,122,562,Exact_structureO
query_4_120.graph,5,0.1,813,20.16930265995687,21.28311014395716,0.05522290496495885,439,125,564,Exact_structureO
query_4_124.graph,1,0.1,820,21.018560827759195,18.044320067342404,0.14150544296490147,442,114,556,Exact_structureO
query_4_124.graph,2,0.1,820,21.018560827759195,19.570710149488587,0.06888438700134185,441,118,559,Exact_structureO
query_4_124.graph,3,0.1,820,21.018560827759195,16.287177449498643,0.22510501156729146,451,116,567,Exact_structureO
query_4_124.graph,4,0.1,820,21.018560827759195,19.721199216375055,0.06172456915654833,440,133,573,Exact_structureO
query_4_124.graph,5,0.1,820,21.018560827759195,22.340534583729028,0.06289554107928753,443,116,559,Exact_structureO
query_4_125.graph,1,0.1,243,25.814827586206896,31.417420289855077,0.21703002605532407,224,45,269,Exact_structureO
query_4_125.graph,2,0.1,243,25.814827586206896,25.463690515260907,0.013602146664485339,225,61,286,Exact_structureO
query_4_125.graph,3,0.1,243,25.814827586206896,25.902219606164394,0.003385341996403362,227,54,281,Exact_structureO
query_4_125.graph,4,0.1,243,25.814827586206896,38.73281015281016,0.5004094070922814,234,41,275,Exact_structureO
query_4_125.graph,5,0.1,243,25.814827586206896,33.34662613981763,0.2917624969006202,221,60,281,Exact_structureO
query_4_136.graph,1,0.1,813,20.9990124671916,17.95046910188953,0.14517555861567527,449,107,556,Exact_structureO
query_4_136.graph,2,0.1,813,20.9990124671916,22.64315438586277,0.07829615422343972,426,116,542,Exact_structureO
query_4_136.graph,3,0.1,813,20.9990124671916,17.440351893095773,0.1694679966334513,440,132,572,Exact_structureO
query_4_136.graph,4,0.1,813,20.9990124671916,22.15601333197293,0.05509787027313786,422,119,541,Exact_structureO
query_4_136.graph,5,0.1,813,20.9990124671916,19.926054929434464,0.05109561887414957,443,113,556,Exact_structureO
query_4_140.graph,1,0.1,245,19.657918552036197,15.84128312412831,0.1941525710265268,214,30,244,Exact_structureO
query_4_140.graph,2,0.1,245,19.657918552036197,18.400007575757574,0.06399003907503355,201,29,230,Exact_structureO
query_4_140.graph,3,0.1,245,19.657918552036197,25.331751576904413,0.28862837181103856,215,24,239,Exact_structureO
query_4_140.graph,4,0.1,245,19.657918552036197,15.22551843317972,0.2254765735814569,205,29,234,Exact_structureO
query_4_140.graph,5,0.1,245,19.657918552036197,12.89370083261556,0.3440963345898078,204,31,235,Exact_structureO
query_4_147.graph,1,0.1,821,19.697104974578806,18.58447120116996,0.05648717285331101,443,128,571,Exact_structureO
query_4_147.graph,2,0.1,821,19.697104974578806,20.339032676414504,0.03258995180581986,448,144,592,Exact_structureO
query_4_147.graph,3,0.1,821,19.697104974578806,19.156223693475912,0.027459937985859287,434,124,558,Exact_structureO
query_4_147.graph,4,0.1,821,19.697104974578806,18.355326533738435,0.06812059145605806,449,134,583,Exact_structureO
query_4_147.graph,5,0.1,821,19.697104974578806,17.845298261269296,0.09401415668441951,445,145,590,Exact_structureO
query_4_15.graph,1,0.1,261,20.62518181818182,16.91285338593031,0.179990094874168,236,70,306,Exact_structureO
query_4_15.graph,2,0.1,261,20.62518181818182,17.76846081208688,0.1385064641503737,230,83,313,Exact_structureO
query_4_15.graph,3,0.1,261,20.62518181818182,17.18815067120818,0.1666424653742337,253,77,330,Exact_structureO
query_4_15.graph,4,0.1,261,20.62518181818182,16.918351293103452,0.17972353202775967,251,64,315,Exact_structureO
query_4_15.graph,5,0.1,261,20.62518181818182,19.311014135789243,0.06371665927493017,245,69,314,Exact_structureO
query_4_18.graph,1,0.1,822,19.802462505066885,20.521029019765628,0.03628672517445154,433,134,567,Exact_structureO
query_4_18.graph,2,0.1,822,19.802462505066885,18.688348191533564,0.05626140250225197,441,125,566,Exact_structureO
query_4_18.graph,3,0.1,822,19.802462505066885,23.73627790928282,0.19865283942385364,439,131,570,Exact_structureO
query_4_18.graph,4,0.1,822,19.802462505066885,21.37803878298431,0.07956466411762068,430,105,535,Exact_structureO
query_4_18.graph,5,0.1,822,19.802462505066885,18.470802723563878,0.0672471810595411,456,131,587,Exact_structureO
query_4_19.graph,1,0.1,3549,20.875310533515734,21.276238036557835,0.019205822227094747,636,461,1097,Exact_structureO
query_4_19.graph,2,0.1,3549,20.875310533515734,17.5396498989096,0.15978974919921124,631,451,1082,Exact_structureO
query_4_19.graph,3,0.1,3549,20.875310533515734,22.22376361537035,0.06459559390456233,632,479,1111,Exact_structureO
query_4_19.graph,4,0.1,3549,20.875310533515734,20.55798599990094,0.015200949135837923,637,438,1075,Exact_structureO
query_4_19.graph,5,0.1,3549,20.875310533515734,19.87140929786698,0.0480903617714798,637,469,1106,Exact_structureO
query_4_20.graph,1,0.1,814,20.188181262729124,18.62710982221662,0.07732600674606142,433,120,553,Exact_structureO
query_4_20.graph,2,0.1,814,20.188181262729124,19.449844343970845,0.036572730804699895,442,117,559,Exact_structureO
query_4_20.graph,3,0.1,814,20.188181262729124,25.668150729772417,0.27144443552031433,445,138,583,Exact_structureO
query_4_20.graph,4,0.1,814,20.188181262729124,21.116283843737275,0.04597257023452572,455,118,573,Exact_structureO
query_4_20.graph,5,0.1,814,20.188181262729124,19.345011193877976,0.0417655289437977,430,122,552,Exact_structureO
query_4_25.graph,1,0.1,226,22.72894736842106,22.63425787106447,0.004166030912991123,201,29,230,Exact_structureO
query_4_25.graph,2,0.1,226,22.72894736842106,20.72919557195572,0.08798259611634003,202,32,234,Exact_structureO
query_4_25.graph,3,0.1,226,22.72894736842106,19.879432098765427,0.12536943411707077,210,29,239,Exact_structureO
query_4_25.graph,4,0.1,226,22.72894736842106,32.96071428571429,0.45016457433963475,206,20,226,Exact_structureO
query_4_25.graph,5,0.1,226,22.72894736842106,19.270222768474422,0.15217266967462337,206,29,235,Exact_structureO
query_4_27.graph,1,0.1,248,19.801098901098904,15.696221419975931,0.20730553903223845,241,62,303,Exact_structureO
query_4_27.graph,2,0.1,248,19.801098901098904,19.66080160580161,0.007085328748573061,234,61,295,Exact_structureO
query_4_27.graph,3,0.1,248,19.801098901098904,21.244559261465163,0.07289799255970342,238,58,296,Exact_structureO
query_4_27.graph,4,0.1,248,19.801098901098904,20.09275278688525,0.01472917676150589,227,67,294,Exact_structureO
query_4_27.graph,5,0.1,248,19.801098901098904,18.00261150614092,0.09082765577511324,218,78,296,Exact_structureO
query_4_28.graph,1,0.1,254,22.277845528455284,15.604967203339296,0.29952978696224386,222,28,250,Exact_structureO
query_4_28.graph,2,0.1,254,22.277845528455284,27.203111888111895,0.22108360314131875,220,28,248,Exact_structureO
query_4_28.graph,3,0.1,254,22.277845528455284,26.294320000000006,0.1802900763637362,221,28,249,Exact_structureO
query_4_28.graph,4,0.1,254,22.277845528455284,22.374135338345862,0.004322222710790778,215,35,250,Exact_structureO
query_4_28.graph,5,0.1,254,22.277845528455284,28.00853817235396,0.2572372914866886,208,33,241,Exact_structureO
query_4_29.graph,1,0.1,827,19.455481965829993,18.745899462622837,0.036472111277089284,432,116,548,Exact_structureO
query_4_29.graph,2,0.1,827,19.455481965829993,16.653921836982974,0.14399849532216413,433,124,557,Exact_structureO
query_4_29.graph,3,0.1,827,19.455481965829993,17.507701532000933,0.10011473564365976,454,123,577,Exact_structureO
query_4_29.graph,4,0.1,827,19.455481965829993,17.377287522603982,0.10681793680958303,443,111,554,Exact_structureO
query_4_29.graph,5,0.1,827,19.455481965829993,19.986723151161495,0.027305475457484473,448,107,555,Exact_structureO
query_4_42.graph,1,0.1,225,18.111306122448973,18.952933034044147,0.04646969721040589,196,24,220,Exact_structureO
query_4_42.graph,2,0.1,225,18.111306122448973,16.082976837289102,0.11199243563365953,197,26,223,Exact_structureO
query_4_42.graph,3,0.1,225,18.111306122448973,16.509340386624864,0.08845114344561113,186,32,218,Exact_structureO
query_4_42.graph,4,0.1,225,18.111306122448973,17.5919017320608,0.028678461226182318,197,24,221,Exact_structureO
query_4_42.graph,5,0.1,225,18.111306122448973,20.852107843137247,0.151330980888841,197,25,222,Exact_structureO
query_4_51.graph,1,0.1,815,21.20330243455231,21.820073949579832,0.02908846473002475,438,131,569,Exact_structureO
query_4_51.graph,2,0.1,815,21.20330243455231,22.705679472272976,0.0708558038238626,445,118,563,Exact_structureO
query_4_51.graph,3,0.1,815,21.20330243455231,19.95328039215687,0.05895412029582894,457,120,577,Exact_structureO
query_4_51.graph,4,0.1,815,21.20330243455231,23.823046252160708,0.12355357500062523,428,98,526,Exact_structureO
query_4_51.graph,5,0.1,815,21.20330243455231,24.064417383949458,0.1349372324536934,434,129,563,Exact_structureO
query_4_57.graph,1,0.1,243,21.629155555555556,18.20250666666667,0.15842730799579147,203,34,237,Exact_structureO
query_4_57.graph,2,0.1,243,21.629155555555556,15.149972014925375,0.29955785948221963,210,26,236,Exact_structureO
query_4_57.graph,3,0.1,243,21.629155555555556,17.79110194552529,0.17744814864232838,210,33,243,Exact_structureO
query_4_57.graph,4,0.1,243,21.629155555555556,18.677184942716863,0.13648108476803036,209,30,239,Exact_structureO
query_4_57.graph,5,0.1,243,21.629155555555556,20.03244954491492,0.07382193015069033,208,24,232,Exact_structureO
query_4_60.graph,1,0.1,255,20.659876033057852,17.62950643776824,0.14667898250893283,219,33,252,Exact_structureO
query_4_60.graph,2,0.1,255,20.659876033057852,22.73918609967993,0.10064484720503529,217,33,250,Exact_structureO
query_4_60.graph,3,0.1,255,20.659876033057852,19.50103734439834,0.0560912701898721,218,32,250,Exact_structureO
query_4_60.graph,4,0.1,255,20.659876033057852,17.420432684824906,0.15679877957880847,218,29,247,Exact_structureO
query_4_60.graph,5,0.1,255,20.659876033057852,33.22774058577406,0.6083223603378053,213,31,244,Exact_structureO
query_4_61.graph,1,0.1,3591,20.77187242798354,21.07860834664908,0.014766888239324628,639,450,1089,Exact_structureO
query_4_61.graph,2,0.1,3591,20.77187242798354,20.307912087912094,0.022335990252203015,629,481,1110,Exact_structureO
query_4_61.graph,3,0.1,3591,20.77187242798354,19.75640041489568,0.04888687895655622,657,447,1104,Exact_structureO
query_4_61.graph,4,0.1,3591,20.77187242798354,19.957583908297746,0.0392014982043119,635,465,1100,Exact_structureO
query_4_61.graph,5,0.1,3591,20.77187242798354,20.906334324924646,0.006473267992921189,634,451,1085,Exact_structureO
query_4_67.graph,1,0.1,243,20.3687619047619,24.840390879478832,0.21953366609246558,233,56,289,Exact_structureO
query_4_67.graph,2,0.1,243,20.3687619047619,19.96962071041541,0.019595751386989217,233,68,301,Exact_structureO
query_4_67.graph,3,0.1,243,20.3687619047619,14.319647540983604,0.2969799731599841,227,38,265,Exact_structureO
query_4_67.graph,4,0.1,243,20.3687619047619,23.868484615384617,0.17181813636912982,236,63,299,Exact_structureO
query_4_67.graph,5,0.1,243,20.3687619047619,19.591289483463406,0.038169841885025584,237,57,294,Exact_structureO
query_4_77.graph,1,0.1,244,22.010523560209425,24.838950599239983,0.1285033966272289,232,80,312,Exact_structureO
query_4_77.graph,2,0.1,244,22.010523560209425,22.446280677966108,0.019797671625787404,235,62,297,Exact_structureO
query_4_77.graph,3,0.1,244,22.010523560209425,22.590600000000002,0.026354504389856415,237,54,291,Exact_structureO
query_4_77.graph,4,0.1,244,22.010523560209425,21.084387691346453,0.042076957702961576,242,57,299,Exact_structureO
query_4_77.graph,5,0.1,244,22.010523560209425,23.281979212413997,0.05776580682992508,230,61,291,Exact_structureO
query_4_79.graph,1,0.1,247,19.442699115044245,26.771577946768065,0.37694760322927223,215,24,239,Exact_structureO
query_4_79.graph,2,0.1,247,19.442699115044245,22.288170731707318,0.14635167678243408,204,29,233,Exact_structureO
query_4_79.graph,3,0.1,247,19.442699115044245,20.7008068247542,0.06470849043466724,197,31,228,Exact_structureO
query_4_79.graph,4,0.1,247,19.442699115044245,18.14678923076923,0.06665277678819168,212,29,241,Exact_structureO
query_4_79.graph,5,0.1,247,19.442699115044245,14.66438320209974,0.24576402096595584,204,37,241,Exact_structureO
query_4_83.graph,1,0.1,254,21.469105691056907,21.97748609566185,0.02367962652569694,215,30,245,Exact_structureO
query_4_83.graph,2,0.1,254,21.469105691056907,21.26537234042553,0.009489605834687576,217,30,247,Exact_structureO
query_4_83.graph,3,0.1,254,21.469105691056907,17.49638818458418,0.1850434556353033,225,34,259,Exact_structureO
query_4_83.graph,4,0.1,254,21.469105691056907,17.33958333333333,0.19234719960616503,205,39,244,Exact_structureO
query_4_83.graph,5,0.1,254,21.469105691056907,20.391473125414738,0.05019457173249018,207,37,244,Exact_structureO
query_4_87.graph,1,0.1,225,22.862754716981133,30.84022550965181,0.3489286786051845,205,27,232,Exact_structureO
query_4_87.graph,2,0.1,225,22.862754716981133,25.18170212765958,0.10142904647251746,206,31,237,Exact_structureO
query_4_87.graph,3,0.1,225,22.862754716981133,26.68922510460251,0.16736698770508596,197,30,227,Exact_structureO
query_4_87.graph,4,0.1,225,22.862754716981133,25.91990147783251,0.13371734065714774,199,33,232,Exact_structureO
query_4_87.graph,5,0.1,225,22.862754716981133,18.948770397609742,0.17119478242332317,197,25,222,Exact_structureO
query_4_96.graph,1,0.1,233,19.721355932203387,25.869096045197747,0.31173009270400087,199,30,229,Exact_structureO
query_4_96.graph,2,0.1,233,19.721355932203387,24.620390991554594,0.2484126890763873,197,30,227,Exact_structureO
query_4_96.graph,3,0.1,233,19.721355932203387,20.85657622739018,0.057562994100880636,196,29,225,Exact_structureO
query_4_96.graph,4,0.1,233,19.721355932203387,14.681993749999997,0.2555281796813229,201,29,230,Exact_structureO
query_4_96.graph,5,0.1,233,19.721355932203387,24.026390977443608,0.21829305550996342,205,27,232,Exact_structureO
query_5_1.graph,1,0.1,230,20.53315058479532,22.267722915536268,0.08447667704854754,186,29,215,Exact_structureO
query_5_1.graph,2,0.1,230,20.53315058479532,26.10592426710098,0.2714037312146471,185,26,211,Exact_structureO
query_5_1.graph,3,0.1,230,20.53315058479532,20.76271757679181,0.011180310154959136,184,31,215,Exact_structureO
query_5_1.graph,4,0.1,230,20.53315058479532,13.751729983660129,0.3302669297207996,187,25,212,Exact_structureO
query_5_1.graph,5,0.1,230,20.53315058479532,18.947987987987986,0.07720016420573747,182,32,214,Exact_structureO
query_5_101.graph,1,0.1,49,22.061538461538458,33.95655555555556,0.5391744150007753,49,7,56,Exact_structureO
query_5_101.graph,2,0.1,49,22.061538461538458,23.521320754716985,0.06616865345648835,50,6,56,Exact_structureO
query_5_101.graph,3,0.1,49,22.061538461538458,25.732045454545453,0.16637583998985686,53,9,62,Exact_structureO
query_5_101.graph,4,0.1,49,22.061538461538458,29.743999999999996,0.34822873082287314,47,7,54,Exact_structureO
query_5_101.graph,5,0.1,49,22.061538461538458,20.919684210526313,0.05175768920208467,51,9,60,Exact_structureO
query_5_105.graph,1,0.1,650,17.76774925081035,14.90650911854104,0.16103559836870251,310,106,416,Exact_structureO
query_5_105.graph,2,0.1,650,17.76774925081035,16.228580703503614,0.08662709753383865,305,121,426,Exact_structureO
query_5_105.graph,3,0.1,650,17.76774925081035,14.901391603787918,0.1613236210484963,311,126,437,Exact_structureO
query_5_105.graph,4,0.1,650,17.76774925081035,18.694605669291352,0.05216510011467714,308,108,416,Exact_structureO
query_5_105.graph,5,0.1,650,17.76774925081035,17.519137845849816,0.013992284641747527,311,122,433,Exact_structureO
query_5_11.graph,1,0.1,46,28.582608695652176,28.63143678160919,0.0017083145375894238,53,7,60,Exact_structureO
query_5_11.graph,2,0.1,46,28.582608695652176,36.968303030303026,0.29338449908270386,49,10,59,Exact_structureO
query_5_11.graph,3,0.1,46,28.582608695652176,28.38,0.007088530574992513,52,9,61,Exact_structureO
query_5_11.graph,4,0.1,46,28.582608695652176,31.139999999999997,0.08947368421052612,50,9,59,Exact_structureO
query_5_11.graph,5,0.1,46,28.582608695652176,11.805490196078434,0.586969463781862,51,7,58,Exact_structureO
query_5_113.graph,1,0.1,49,45.062,,,62,0,62,Exact_structureO
query_5_113.graph,2,0.1,49,45.062,0.0,1.0,68,1,69,Exact_structureO
query_5_113.graph,3,0.1,49,45.062,,,74,1,75,Exact_structureO
query_5_113.graph,4,0.1,49,45.062,33.19138461538462,0.26342850704840837,64,1,65,Exact_structureO
query_5_113.graph,5,0.1,49,45.062,,,67,1,68,Exact_structureO
query_5_115.graph,1,0.1,2111,20.59771329365079,20.651707000026207,0.0026213446903379655,517,279,796,Exact_structureO
query_5_115.graph,2,0.1,2111,20.59771329365079,22.16399637516993,0.07604160030725073,501,278,779,Exact_structureO
query_5_115.graph,3,0.1,2111,20.59771329365079,21.830980913642055,0.059874006517578626,493,290,783,Exact_structureO
query_5_115.graph,4,0.1,2111,20.59771329365079,18.336663926112617,0.10977186327936404,506,281,787,Exact_structureO
query_5_115.graph,5,0.1,2111,20.59771329365079,18.881319900346373,0.08332931762058722,496,291,787,Exact_structureO
query_5_116.graph,1,0.1,48,19.356721311475408,20.9,0.07972831057962673,41,1,42,Exact_structureO
query_5_116.graph,2,0.1,48,19.356721311475408,17.354387755102046,0.10344383866219645,41,6,47,Exact_structureO
query_5_116.graph,3,0.1,48,19.356721311475408,22.296758241758237,0.15188713434334888,44,9,53,Exact_structureO
query_5_116.graph,4,0.1,48,19.356721311475408,25.87240740740741,0.3366110402214271,38,6,44,Exact_structureO
query_5_116.graph,5,0.1,48,19.356721311475408,41.484375,1.1431509155120434,37,3,40,Exact_structureO
query_5_117.graph,1,0.1,46,13.97833333333334,10.269827586206896,0.2653038569543181,41,5,46,Exact_structureO
query_5_117.graph,2,0.1,46,13.97833333333334,20.562,0.47099081912483537,36,11,47,Exact_structureO
query_5_117.graph,3,0.1,46,13.97833333333334,13.629999999999995,0.02491951830213509,37,12,49,Exact_structureO
query_5_117.graph,4,0.1,46,13.97833333333334,14.349135802469139,0.026526944256763888,40,4,44,Exact_structureO
query_5_117.graph,5,0.1,46,13.97833333333334,10.837037037037035,0.22472609726693482,38,7,45,Exact_structureO
query_5_12.graph,1,0.1,44,20.38186440677966,34.89857142857143,0.7122364633611756,47,7,54,Exact_structureO
query_5_12.graph,2,0.1,44,20.38186440677966,23.442515723270443,0.1501654242912495,49,7,56,Exact_structureO
query_5_12.graph,3,0.1,44,20.38186440677966,33.142857142857146,0.6260954582659658,50,7,57,Exact_structureO
query_5_12.graph,4,0.1,44,20.38186440677966,12.07440329218107,0.40759083412581537,46,8,54,Exact_structureO
query_5_12.graph,5,0.1,44,20.38186440677966,28.603869565217394,0.4033980893182095,48,7,55,Exact_structureO
query_5_120.graph,1,0.1,42,14.822058823529416,0.0,1.0,39,3,42,Exact_structureO
query_5_120.graph,2,0.1,42,14.822058823529416,0.0,1.0,34,5,39,Exact_structureO
query_5_120.graph,3,0.1,42,14.822058823529416,,,39,3,42,Exact_structureO
query_5_120.graph,4,0.1,42,14.822058823529416,18.745348837209303,0.2646926490031077,38,4,42,Exact_structureO
query_5_120.graph,5,0.1,42,14.822058823529416,23.63605263157895,0.5946538138182043,41,6,47,Exact_structureO
query_5_130.graph,1,0.1,3294,20.97304551135946,23.140856142611696,0.1033617473474753,476,380,856,Exact_structureO
query_5_130.graph,2,0.1,3294,20.97304551135946,21.616006568575926,0.030656542316099298,463,368,831,Exact_structureO
query_5_130.graph,3,0.1,3294,20.97304551135946,17.527921173628435,0.16426438095817172,481,389,870,Exact_structureO
query_5_130.graph,4,0.1,3294,20.97304551135946,21.983282622930172,0.04816835547434192,472,390,862,Exact_structureO
query_5_130.graph,5,0.1,3294,20.97304551135946,21.523821922372154,0.026261155572965423,489,396,885,Exact_structureO
query_5_131.graph,1,0.1,2152,19.95189138576779,21.656274327870783,0.0854246301340019,527,254,781,Exact_structureO
query_5_131.graph,2,0.1,2152,19.95189138576779,21.607016093167715,0.08295577975031321,528,291,819,Exact_structureO
query_5_131.graph,3,0.1,2152,19.95189138576779,19.4913092251951,0.023084636522291667,516,302,818,Exact_structureO
query_5_131.graph,4,0.1,2152,19.95189138576779,19.74816428692126,0.010210916594697158,514,292,806,Exact_structureO
query_5_131.graph,5,0.1,2152,19.95189138576779,22.288773574528516,0.11712584754885369,510,286,796,Exact_structureO
query_5_138.graph,1,0.1,736,23.275619335347432,14.342103448275864,0.3838143148141591,380,104,484,Exact_structureO
query_5_138.graph,2,0.1,736,23.275619335347432,22.151196873473378,0.04830902437755779,390,102,492,Exact_structureO
query_5_138.graph,3,0.1,736,23.275619335347432,28.767742793652783,0.23596035745286303,389,107,496,Exact_structureO
query_5_138.graph,4,0.1,736,23.275619335347432,19.45818052529654,0.1640101925989807,374,115,489,Exact_structureO
query_5_138.graph,5,0.1,736,23.275619335347432,28.071541218637993,0.20604916304019683,399,112,511,Exact_structureO
query_5_139.graph,1,0.1,3344,18.969745635040198,18.389159918415146,0.030605877790612853,474,386,860,Exact_structureO
query_5_139.graph,2,0.1,3344,18.969745635040198,18.193605801464045,0.0409146146979692,476,405,881,Exact_structureO
query_5_139.graph,3,0.1,3344,18.969745635040198,18.26820019870839,0.036982332279455604,486,384,870,Exact_structureO
query_5_139.graph,4,0.1,3344,18.969745635040198,18.77287633372153,0.01037806753481279,486,405,891,Exact_structureO
query_5_139.graph,5,0.1,3344,18.969745635040198,19.9619648638391,0.05230535231669697,483,405,888,Exact_structureO
query_5_144.graph,1,0.1,655,17.84031852028513,17.847546535097557,0.0004051505472958836,319,105,424,Exact_structureO
query_5_144.graph,2,0.1,655,17.84031852028513,16.44261476787793,0.07834522409552029,311,115,426,Exact_structureO
query_5_144.graph,3,0.1,655,17.84031852028513,16.38681267496864,0.08147308825589633,315,127,442,Exact_structureO
query_5_144.graph,4,0.1,655,17.84031852028513,17.597814085449013,0.013593055222662125,313,125,438,Exact_structureO
query_5_144.graph,5,0.1,655,17.84031852028513,15.598421461449949,0.12566463184421614,314,137,451,Exact_structureO
query_5_2.graph,1,0.1,48,16.515000000000004,14.587148936170212,0.11673333719829193,49,7,56,Exact_structureO
query_5_2.graph,2,0.1,48,16.515000000000004,22.722916666666674,0.37589565041881123,49,5,54,Exact_structureO
query_5_2.graph,3,0.1,48,16.515000000000004,18.2866091954023,0.10727273359989674,49,7,56,Exact_structureO
query_5_2.graph,4,0.1,48,16.515000000000004,20.402499999999996,0.2353920678171354,49,7,56,Exact_structureO
query_5_2.graph,5,0.1,48,16.515000000000004,15.916218181818184,0.03625684639308627,46,5,51,Exact_structureO
query_5_33.graph,1,0.1,50,21.88627118644067,36.651964285714286,0.6746554940076541,55,3,58,Exact_structureO
query_5_33.graph,2,0.1,50,21.88627118644067,17.211590296495956,0.21358964485649096,52,7,59,Exact_structureO
query_5_33.graph,3,0.1,50,21.88627118644067,25.395714285714288,0.16034906400354956,50,8,58,Exact_structureO
query_5_33.graph,4,0.1,50,21.88627118644067,25.92457142857143,0.18451293999466803,50,9,59,Exact_structureO
query_5_33.graph,5,0.1,50,21.88627118644067,4.780928571428571,0.7815558195956867,52,5,57,Exact_structureO
query_5_35.graph,1,0.1,691,17.267463744782713,18.75178862297958,0.08596079309246256,315,119,434,Exact_structureO
query_5_35.graph,2,0.1,691,17.267463744782713,16.787163317947332,0.027815343001979756,329,123,452,Exact_structureO
query_5_35.graph,3,0.1,691,17.267463744782713,15.589932005113768,0.09714986314511902,330,135,465,Exact_structureO
query_5_35.graph,4,0.1,691,17.267463744782713,15.94135824186135,0.07679793179366252,324,136,460,Exact_structureO
query_5_35.graph,5,0.1,691,17.267463744782713,18.125091461302176,0.049667266090458226,318,117,435,Exact_structureO
query_5_37.graph,1,0.1,47,17.680204081632645,1.23444,0.9301795389747556,49,11,60,Exact_structureO
query_5_37.graph,2,0.1,47,17.680204081632645,10.9221,0.3822412937333346,46,11,57,Exact_structureO
query_5_37.graph,3,0.1,47,17.680204081632645,26.75869387755101,0.5134833146722382,51,7,58,Exact_structureO
query_5_37.graph,4,0.1,47,17.680204081632645,2.188723404255319,0.8762048563382191,48,9,57,Exact_structureO
query_5_37.graph,5,0.1,47,17.680204081632645,12.041666666666666,0.31891811819206667,49,3,52,Exact_structureO
query_5_38.graph,1,0.1,726,20.100965707528577,21.77897423426553,0.08347900051928724,372,100,472,Exact_structureO
query_5_38.graph,2,0.1,726,20.100965707528577,19.69072932330827,0.020408789815837512,391,104,495,Exact_structureO
query_5_38.graph,3,0.1,726,20.100965707528577,20.483211966604824,0.019016313178081848,376,111,487,Exact_structureO
query_5_38.graph,4,0.1,726,20.100965707528577,17.050256575415997,0.15176928195892464,389,95,484,Exact_structureO
query_5_38.graph,5,0.1,726,20.100965707528577,19.80902637734936,0.014523646994227545,395,110,505,Exact_structureO
query_5_45.graph,1,0.1,683,16.730554835825004,15.813549965279975,0.05481018887559265,325,120,445,Exact_structureO
query_5_45.graph,2,0.1,683,16.730554835825004,15.286613507356067,0.08630564512881761,325,109,434,Exact_structureO
query_5_45.graph,3,0.1,683,16.730554835825004,15.480166877409893,0.07473678970512472,325,120,445,Exact_structureO
query_5_45.graph,4,0.1,683,16.730554835825004,16.35997181153033,0.022150073797979977,324,125,449,Exact_structureO
query_5_45.graph,5,0.1,683,16.730554835825004,18.795441176470593,0.12342007547915057,332,117,449,Exact_structureO
query_5_47.graph,1,0.1,739,21.231083795013852,9.375838877544295,0.5583909437658466,395,103,498,Exact_structureO
query_5_47.graph,2,0.1,739,21.231083795013852,16.328788401457953,0.23090179667168992,392,109,501,Exact_structureO
query_5_47.graph,3,0.1,739,21.231083795013852,18.047586206896547,0.1499451285131734,388,113,501,Exact_structureO
query_5_47.graph,4,0.1,739,21.231083795013852,28.652932435109967,0.34957464780197167,398,121,519,Exact_structureO
query_5_47.graph,5,0.1,739,21.231083795013852,18.318301858691765,0.137194217895092,402,120,522,Exact_structureO
query_5_48.graph,1,0.1,687,16.70391085749355,19.43230484326967,0.16333863423080547,328,117,445,Exact_structureO
query_5_48.graph,2,0.1,687,16.70391085749355,16.722126388597776,0.0010904949900432124,324,122,446,Exact_structureO
query_5_48.graph,3,0.1,687,16.70391085749355,16.969073732031628,0.015874298947130862,332,122,454,Exact_structureO
query_5_48.graph,4,0.1,687,16.70391085749355,16.158324034134992,0.0326622207226281,319,126,445,Exact_structureO
query_5_48.graph,5,0.1,687,16.70391085749355,18.18923682053078,0.08892085067437348,331,141,472,Exact_structureO
query_5_5.graph,1,0.1,42,14.124727272727275,25.241029900332226,0.7870100719798576,42,7,49,Exact_structureO
query_5_5.graph,2,0.1,42,14.124727272727275,22.635918367346942,0.6025738359602523,44,3,47,Exact_structureO
query_5_5.graph,3,0.1,42,14.124727272727275,29.615,1.096677651056818,43,6,49,Exact_structureO
query_5_5.graph,4,0.1,42,14.124727272727275,6.65,0.5291944494503514,43,5,48,Exact_structureO
query_5_5.graph,5,0.1,42,14.124727272727275,27.703888888888883,0.9613751369473114,44,3,47,Exact_structureO
query_5_51.graph,1,0.1,662,18.04723932183657,17.294714964908316,0.04169747757584869,310,136,446,Exact_structureO
query_5_51.graph,2,0.1,662,18.04723932183657,19.27039800995026,0.06777539025781668,297,118,415,Exact_structureO
query_5_51.graph,3,0.1,662,18.04723932183657,19.685145679839263,0.0907566153910797,299,129,428,Exact_structureO
query_5_51.graph,4,0.1,662,18.04723932183657,19.904972640300773,0.10293725734641339,307,132,439,Exact_structureO
query_5_51.graph,5,0.1,662,18.04723932183657,17.47400345936932,0.03176307756797203,299,116,415,Exact_structureO
query_5_55.graph,1,0.1,711,18.481334677419355,21.602374541003673,0.16887524186213837,374,98,472,Exact_structureO
query_5_55.graph,2,0.1,711,18.481334677419355,16.870507428130423,0.08715968177650357,383,81,464,Exact_structureO
query_5_55.graph,3,0.1,711,18.481334677419355,13.601787929735055,0.26402566875465816,386,103,489,Exact_structureO
query_5_55.graph,4,0.1,711,18.481334677419355,11.072716938234176,0.40087027633545796,389,96,485,Exact_structureO
query_5_55.graph,5,0.1,711,18.481334677419355,16.662661844484628,0.09840592493337595,386,97,483,Exact_structureO
query_5_56.graph,1,0.1,47,21.11023255813954,17.183333333333334,0.18601875720654243,54,15,69,Exact_structureO
query_5_56.graph,2,0.1,47,21.11023255813954,61.050833333333344,1.8920019315369303,56,10,66,Exact_structureO
query_5_56.graph,3,0.1,47,21.11023255813954,23.43958333333333,0.11034226026542074,49,19,68,Exact_structureO
query_5_56.graph,4,0.1,47,21.11023255813954,8.99062724014337,0.5741104596843096,52,18,70,Exact_structureO
query_5_56.graph,5,0.1,47,21.11023255813954,27.160655737704914,0.2866109202208904,53,10,63,Exact_structureO
query_5_59.graph,1,0.1,656,17.87918521168754,17.361850169061707,0.028935045780925827,312,133,445,Exact_structureO
query_5_59.graph,2,0.1,656,17.87918521168754,18.740429003878543,0.04817019243293108,311,127,438,Exact_structureO
query_5_59.graph,3,0.1,656,17.87918521168754,17.783991363355952,0.005324283361042573,305,126,431,Exact_structureO
query_5_59.graph,4,0.1,656,17.87918521168754,16.85229991749176,0.057434680721608546,307,101,408,Exact_structureO
query_5_59.graph,5,0.1,656,17.87918521168754,17.471684405082794,0.022791911475829624,310,117,427,Exact_structureO
query_5_61.graph,1,0.1,219,18.071803472770323,25.48389184952978,0.4101465793343545,182,22,204,Exact_structureO
query_5_61.graph,2,0.1,219,18.071803472770323,15.086848484848487,0.1651719482463062,174,22,196,Exact_structureO
query_5_61.graph,3,0.1,219,18.071803472770323,22.918599656357394,0.2681965964763825,166,19,185,Exact_structureO
query_5_61.graph,4,0.1,219,18.071803472770323,18.84717314487633,0.04290494157233912,178,23,201,Exact_structureO
query_5_61.graph,5,0.1,219,18.071803472770323,20.542712418300656,0.1367273027981614,172,25,197,Exact_structureO
query_5_62.graph,1,0.1,48,22.268571428571438,3.6935483870967745,0.8341362669381741,36,1,37,Exact_structureO
query_5_62.graph,2,0.1,48,22.268571428571438,36.36277777777777,0.6329191971031839,38,4,42,Exact_structureO
query_5_62.graph,3,0.1,48,22.268571428571438,36.73329545454545,0.6495577892084811,43,2,45,Exact_structureO
query_5_62.graph,4,0.1,48,22.268571428571438,33.68555555555556,0.5126949505317476,38,3,41,Exact_structureO
query_5_62.graph,5,0.1,48,22.268571428571438,16.485,0.2597190146266362,38,4,42,Exact_structureO
query_5_70.graph,1,0.1,50,20.524915254237296,21.6466875,0.05465417186222568,53,9,62,Exact_structureO
query_5_70.graph,2,0.1,50,20.524915254237296,25.387924528301895,0.2369320025845489,55,6,61,Exact_structureO
query_5_70.graph,3,0.1,50,20.524915254237296,10.793197278911565,0.47414168851764943,52,8,60,Exact_structureO
query_5_70.graph,4,0.1,50,20.524915254237296,19.032,0.07273673171094283,55,5,60,Exact_structureO
query_5_70.graph,5,0.1,50,20.524915254237296,12.545092592592594,0.3887871186214665,49,10,59,Exact_structureO
query_5_75.graph,1,0.1,50,14.399218750000006,27.34929577464788,0.8993596978758218,48,6,54,Exact_structureO
query_5_75.graph,2,0.1,50,14.399218750000006,19.456,0.3511844175573755,39,6,45,Exact_structureO
query_5_75.graph,3,0.1,50,14.399218750000006,11.573333333333334,0.19625269021395145,46,4,50,Exact_structureO
query_5_75.graph,4,0.1,50,14.399218750000006,13.726848484848487,0.0466949128855702,43,7,50,Exact_structureO
query_5_75.graph,5,0.1,50,14.399218750000006,12.521464788732395,0.13040665565745438,42,9,51,Exact_structureO
query_5_8.graph,1,0.1,20,12.135813953488391,9.180769230769233,0.2434978596445723,22,2,24,Exact_structureO
query_5_8.graph,2,0.1,20,12.135813953488391,,,22,0,22,Exact_structureO
query_5_8.graph,3,0.1,20,12.135813953488391,7.403846153846155,0.38991762874562286,21,1,22,Exact_structureO
query_5_8.graph,4,0.1,20,12.135813953488391,7.0,0.4231948489958617,18,2,20,Exact_structureO
query_5_8.graph,5,0.1,20,12.135813953488391,4.705555555555556,0.6122587596027737,20,3,23,Exact_structureO
query_5_86.graph,1,0.1,679,16.89911904505346,13.824978284798625,0.18191130271697012,339,146,485,Exact_structureO
query_5_86.graph,2,0.1,679,16.89911904505346,16.197559654516184,0.04151455402301756,329,116,445,Exact_structureO
query_5_86.graph,3,0.1,679,16.89911904505346,19.692082837512924,0.16527274498826564,330,127,457,Exact_structureO
query_5_86.graph,4,0.1,679,16.89911904505346,15.995606834795327,0.053465047961929156,338,155,493,Exact_structureO
query_5_86.graph,5,0.1,679,16.89911904505346,18.02924965347297,0.06687511966786873,325,131,456,Exact_structureO
query_5_88.graph,1,0.1,52,15.256885245901639,22.200000000000003,0.45508074827812245,55,6,61,Exact_structureO
query_5_88.graph,2,0.1,52,15.256885245901639,29.973962264150952,0.9646187135216652,51,10,61,Exact_structureO
query_5_88.graph,3,0.1,52,15.256885245901639,21.01768421052631,0.37758683189756287,57,6,63,Exact_structureO
query_5_88.graph,4,0.1,52,15.256885245901639,13.705806451612904,0.10166418435279188,53,9,62,Exact_structureO
query_5_88.graph,5,0.1,52,15.256885245901639,34.97557603686636,1.292445376179363,50,10,60,Exact_structureO
query_5_89.graph,1,0.1,44,29.287142857142857,25.83630769230769,0.11782764818226506,59,1,60,Exact_structureO
query_5_89.graph,2,0.1,44,29.287142857142857,24.990433333333335,0.14670975399574,58,3,61,Exact_structureO
query_5_89.graph,3,0.1,44,29.287142857142857,26.64369230769231,0.09025976218796078,61,1,62,Exact_structureO
query_5_89.graph,4,0.1,44,29.287142857142857,,,59,0,59,Exact_structureO
query_5_89.graph,5,0.1,44,29.287142857142857,,,59,1,60,Exact_structureO
query_5_90.graph,1,0.1,224,22.514372549019615,19.273549939831526,0.14394461147571314,177,29,206,Exact_structureO
query_5_90.graph,2,0.1,224,22.514372549019615,20.73655026300409,0.07896388327699319,182,33,215,Exact_structureO
query_5_90.graph,3,0.1,224,22.514372549019615,20.229786184210525,0.10147235326389642,178,28,206,Exact_structureO
query_5_90.graph,4,0.1,224,22.514372549019615,26.874541626174278,0.19366158517904267,175,25,200,Exact_structureO
query_5_90.graph,5,0.1,224,22.514372549019615,16.024639445589056,0.28824845503914137,182,26,208,Exact_structureO
query_5_92.graph,1,0.1,45,27.33022727272726,63.276428571428575,1.3152543862879582,45,4,49,Exact_structureO
query_5_92.graph,2,0.1,45,27.33022727272726,39.59939622641509,0.4489230488738449,43,5,48,Exact_structureO
query_5_92.graph,3,0.1,45,27.33022727272726,19.096,0.3012864543919899,46,6,52,Exact_structureO
query_5_92.graph,4,0.1,45,27.33022727272726,56.42823529411764,1.0646822556952238,46,6,52,Exact_structureO
query_5_92.graph,5,0.1,45,27.33022727272726,25.804673913043477,0.05581927089227421,43,5,48,Exact_structureO
query_5_93.graph,1,0.1,229,19.23829356471439,17.513375394321773,0.08966066374807521,192,28,220,Exact_structureO
query_5_93.graph,2,0.1,229,19.23829356471439,24.749396856342145,0.28646528721943704,189,31,220,Exact_structureO
query_5_93.graph,3,0.1,229,19.23829356471439,22.70552961415581,0.18022575847375555,184,31,215,Exact_structureO
query_5_93.graph,4,0.1,229,19.23829356471439,19.880877742946705,0.03340130849291649,180,27,207,Exact_structureO
query_5_93.graph,5,0.1,229,19.23829356471439,20.730578703703696,0.07756847736882222,185,28,213,Exact_structureO
query_5_95.graph,1,0.1,50,24.526097560975618,30.542454545454547,0.24530429146020266,52,4,56,Exact_structureO
query_5_95.graph,2,0.1,50,24.526097560975618,15.936129032258068,0.350237884659864,49,9,58,Exact_structureO
query_5_95.graph,3,0.1,50,24.526097560975618,12.848730158730158,0.4761200746761177,51,5,56,Exact_structureO
query_5_95.graph,4,0.1,50,24.526097560975618,2.1924,0.9106095050568335,50,4,54,Exact_structureO
query_5_95.graph,5,0.1,50,24.526097560975618,35.46947368421053,0.4461931253444625,50,3,53,Exact_structureO
query_5_97.graph,1,0.1,2820,18.117014297683536,15.052373840734173,0.16915814088313721,339,280,619,Exact_structureO
query_5_97.graph,2,0.1,2820,18.117014297683536,18.701720395337325,0.0322738663251235,341,286,627,Exact_structureO
query_5_97.graph,3,0.1,2820,18.117014297683536,20.867829254410942,0.1518359985551885,344,294,638,Exact_structureO
query_5_97.graph,4,0.1,2820,18.117014297683536,16.723842036063115,0.07689855727489016,325,281,606,Exact_structureO
query_5_97.graph,5,0.1,2820,18.117014297683536,16.371692572206367,0.09633605718908815,342,283,625,Exact_structureO
query_5_99.graph,1,0.1,733,19.607962433646385,7.4255007424517405,0.6213017661789317,392,99,491,Exact_structureO
query_5_99.graph,2,0.1,733,19.607962433646385,22.671405049799695,0.15623462287425538,395,105,500,Exact_structureO
query_5_99.graph,3,0.1,733,19.607962433646385,18.463649047105353,0.05835962764685034,386,109,495,Exact_structureO
query_5_99.graph,4,0.1,733,19.607962433646385,24.121716666666664,0.23020006532014153,382,86,468,Exact_structureO
query_5_99.graph,5,0.1,733,19.607962433646385,20.49044605413649,0.045006390820894464,374,100,474,Exact_structureO
query_6_0.graph,1,0.1,208,18.02346494987144,13.02198484538194,0.2774982567669473,153,39,192,Exact_structureO
query_6_0.graph,2,0.1,208,18.02346494987144,16.420000000000005,0.08896541005467826,156,31,187,Exact_structureO
query_6_0.graph,3,0.1,208,18.02346494987144,16.558328291994368,0.08129051000748455,156,25,181,Exact_structureO
query_6_0.graph,4,0.1,208,18.02346494987144,15.488963434720546,0.14062232329910412,156,31,187,Exact_structureO
query_6_0.graph,5,0.1,208,18.02346494987144,16.865265991539545,0.06426061590006064,156,30,186,Exact_structureO
query_6_10.graph,1,0.1,2927,20.599003005292534,24.03370532915361,0.16674119242463292,337,290,627,Exact_structureO
query_6_10.graph,2,0.1,2927,20.599003005292534,17.75660297110297,0.1379872624640746,344,263,607,Exact_structureO
query_6_10.graph,3,0.1,2927,20.599003005292534,26.74243304408193,0.29823919328576026,345,307,652,Exact_structureO
query_6_10.graph,4,0.1,2927,20.599003005292534,22.273731562999433,0.08130143761213146,336,278,614,Exact_structureO
query_6_10.graph,5,0.1,2927,20.599003005292534,16.966865965324477,0.1763258658215083,348,294,642,Exact_structureO
query_6_101.graph,1,0.1,23,7.994000000000017,7.028965517241379,0.12071985023250384,15,3,18,Exact_structureO
query_6_101.graph,2,0.1,23,7.994000000000017,12.942758620689656,0.6190591219276493,19,3,22,Exact_structureO
query_6_101.graph,3,0.1,23,7.994000000000017,6.085333333333334,0.23876240513718777,15,2,17,Exact_structureO
query_6_101.graph,4,0.1,23,7.994000000000017,8.270370370370372,0.03457222546539344,15,2,17,Exact_structureO
query_6_101.graph,5,0.1,23,7.994000000000017,8.25,0.03202401801350798,15,3,18,Exact_structureO
query_6_106.graph,1,0.1,641,17.743653002381848,17.02206574627161,0.0406673448817655,299,112,411,Exact_structureO
query_6_106.graph,2,0.1,641,17.743653002381848,18.418070579209818,0.03800894757902664,307,102,409,Exact_structureO
query_6_106.graph,3,0.1,641,17.743653002381848,15.805485763964363,0.10923157921073591,314,111,425,Exact_structureO
query_6_106.graph,4,0.1,641,17.743653002381848,15.477374612743871,0.1277233267204763,304,107,411,Exact_structureO
query_6_106.graph,5,0.1,641,17.743653002381848,18.76449071125265,0.0575325559361292,309,89,398,Exact_structureO
query_6_107.graph,1,0.1,52,19.476104651162792,10.174931506849315,0.4775684517467493,46,1,47,Exact_structureO
query_6_107.graph,2,0.1,52,19.476104651162792,13.92430769230769,0.28505684572421114,46,2,48,Exact_structureO
query_6_107.graph,3,0.1,52,19.476104651162792,9.414999999999997,0.516587111815612,44,2,46,Exact_structureO
query_6_107.graph,4,0.1,52,19.476104651162792,45.27473684210526,1.3246299839224884,41,3,44,Exact_structureO
query_6_107.graph,5,0.1,52,19.476104651162792,16.5,0.15280800265083339,45,4,49,Exact_structureO
query_6_109.graph,1,0.1,50,17.526375617792425,15.056800000000006,0.14090623592965537,49,7,56,Exact_structureO
query_6_109.graph,2,0.1,50,17.526375617792425,17.672465450525156,0.008335427467640441,51,5,56,Exact_structureO
query_6_109.graph,3,0.1,50,17.526375617792425,18.33015258735073,0.04586099186088014,53,7,60,Exact_structureO
query_6_109.graph,4,0.1,50,17.526375617792425,12.679829237817573,0.27652872936574147,49,7,56,Exact_structureO
query_6_109.graph,5,0.1,50,17.526375617792425,15.253823119777165,0.12966471491733925,54,3,57,Exact_structureO
query_6_110.graph,1,0.1,48,21.91743380855397,32.940587668593444,0.5029399863289352,52,5,57,Exact_structureO
query_6_110.graph,2,0.1,48,21.91743380855397,11.56738007380074,0.472229268497382,50,8,58,Exact_structureO
query_6_110.graph,3,0.1,48,21.91743380855397,51.84530769230768,1.3654825717814378,47,5,52,Exact_structureO
query_6_110.graph,4,0.1,48,21.91743380855397,13.994901098901101,0.3614717297132135,48,6,54,Exact_structureO
query_6_110.graph,5,0.1,48,21.91743380855397,32.76659663865545,0.4950015099791132,46,5,51,Exact_structureO
query_6_113.graph,1,0.1,45,21.691432973805856,32.76109523809524,0.510324157821057,47,5,52,Exact_structureO
query_6_113.graph,2,0.1,45,21.691432973805856,28.541006772009023,0.31577322745226544,44,7,51,Exact_structureO
query_6_113.graph,3,0.1,45,21.691432973805856,12.08838493393808,0.44271155582317806,43,11,54,Exact_structureO
query_6_113.graph,4,0.1,45,21.691432973805856,14.62150662251656,0.32593173350173776,46,10,56,Exact_structureO
query_6_113.graph,5,0.1,45,21.691432973805856,43.04781345565749,0.9845536948914889,49,5,54,Exact_structureO
query_6_115.graph,1,0.1,44,31.527572815534,25.228341584158414,0.1998007036010042,56,1,57,Exact_structureO
query_6_115.graph,2,0.1,44,31.527572815534,56.328288288288284,0.7866357368472934,59,1,60,Exact_structureO
query_6_115.graph,3,0.1,44,31.527572815534,18.81624678663239,0.40318124402645394,60,2,62,Exact_structureO
query_6_115.graph,4,0.1,44,31.527572815534,31.696786516853926,0.0053671655065229825,61,1,62,Exact_structureO
query_6_115.graph,5,0.1,44,31.527572815534,23.800408163265306,0.24509227835202813,59,1,60,Exact_structureO
query_6_118.graph,1,0.1,2504,16.428220277895154,16.43102819247228,0.00017092019279191055,435,353,788,Exact_structureO
query_6_118.graph,2,0.1,2504,16.428220277895154,14.871101737689969,0.09478315446624196,424,339,763,Exact_structureO
query_6_118.graph,3,0.1,2504,16.428220277895154,15.15995509756451,0.07720040021846719,448,386,834,Exact_structureO
query_6_118.graph,4,0.1,2504,16.428220277895154,16.097108274481993,0.020155074488420716,436,351,787,Exact_structureO
query_6_118.graph,5,0.1,2504,16.428220277895154,16.80609338983051,0.02300146367307978,428,366,794,Exact_structureO
query_6_119.graph,1,0.1,536,15.40272124751501,17.188171160021422,0.1159178228194233,219,108,327,Exact_structureO
query_6_119.graph,2,0.1,536,15.40272124751501,14.445904183535768,0.06212000130390011,225,112,337,Exact_structureO
query_6_119.graph,3,0.1,536,15.40272124751501,15.014675351444952,0.02519333368658244,229,113,342,Exact_structureO
query_6_119.graph,4,0.1,536,15.40272124751501,15.856224489795924,0.029443059768031497,236,91,327,Exact_structureO
query_6_119.graph,5,0.1,536,15.40272124751501,15.726945348187607,0.021049793439903035,236,120,356,Exact_structureO
query_6_126.graph,1,0.1,46,13.179719101123593,3.161077586206897,0.760155921233753,48,11,59,Exact_structureO
query_6_126.graph,2,0.1,46,13.179719101123593,9.963333333333333,0.24404054009892048,49,6,55,Exact_structureO
query_6_126.graph,3,0.1,46,13.179719101123593,24.748363636363635,0.8777610847756077,49,4,53,Exact_structureO
query_6_126.graph,4,0.1,46,13.179719101123593,22.593387755102036,0.7142541189042422,51,8,59,Exact_structureO
query_6_126.graph,5,0.1,46,13.179719101123593,9.3879,0.28770105584422767,51,6,57,Exact_structureO
query_6_127.graph,1,0.1,240,18.24911158525513,16.6249721340388,0.08899827499156714,164,39,203,Exact_structureO
query_6_127.graph,2,0.1,240,18.24911158525513,21.587703962703976,0.1829454744605954,160,33,193,Exact_structureO
query_6_127.graph,3,0.1,240,18.24911158525513,17.905704819277123,0.018817725146437876,160,34,194,Exact_structureO
query_6_127.graph,4,0.1,240,18.24911158525513,20.969411605022067,0.14906479184251795,167,38,205,Exact_structureO
query_6_127.graph,5,0.1,240,18.24911158525513,17.825005382260088,0.023239827375361635,162,33,195,Exact_structureO
query_6_129.graph,1,0.1,3166,17.66175023029346,17.439487101024277,0.012584433953094729,460,335,795,Exact_structureO
query_6_129.graph,2,0.1,3166,17.66175023029346,18.417214058262296,0.04277400699920797,460,305,765,Exact_structureO
query_6_129.graph,3,0.1,3166,17.66175023029346,17.135043118529648,0.029821909204694994,463,344,807,Exact_structureO
query_6_129.graph,4,0.1,3166,17.66175023029346,18.036878320028183,0.021239576193943826,453,322,775,Exact_structureO
query_6_129.graph,5,0.1,3166,17.66175023029346,17.789659197985067,0.00724214565509011,458,319,777,Exact_structureO
query_6_130.graph,1,0.1,49,18.51617816091954,19.247830860534123,0.039514239561532,49,5,54,Exact_structureO
query_6_130.graph,2,0.1,49,18.51617816091954,67.30715073529412,2.6350455342535732,52,4,56,Exact_structureO
query_6_130.graph,3,0.1,49,18.51617816091954,19.099551569506723,0.031506145788684214,47,7,54,Exact_structureO
query_6_130.graph,4,0.1,49,18.51617816091954,14.687769808743175,0.20676018122663395,45,8,53,Exact_structureO
query_6_130.graph,5,0.1,49,18.51617816091954,10.185887884267633,0.4498925320471324,48,7,55,Exact_structureO
query_6_132.graph,1,0.1,46,17.296077348066298,20.594691729323312,0.1907145946954151,38,5,43,Exact_structureO
query_6_132.graph,2,0.1,46,17.296077348066298,22.861323529411766,0.32176348829566626,42,4,46,Exact_structureO
query_6_132.graph,3,0.1,46,17.296077348066298,9.072341137123745,0.47546828367196026,34,12,46,Exact_structureO
query_6_132.graph,4,0.1,46,17.296077348066298,17.9964406779661,0.0404926108854446,36,4,40,Exact_structureO
query_6_132.graph,5,0.1,46,17.296077348066298,6.365524691358026,0.631967147043911,38,7,45,Exact_structureO
query_6_133.graph,1,0.1,51,18.94899665551839,24.952295081967215,0.3168135250422626,53,6,59,Exact_structureO
query_6_133.graph,2,0.1,51,18.94899665551839,23.128874999999997,0.22058573445704474,53,3,56,Exact_structureO
query_6_133.graph,3,0.1,51,18.94899665551839,7.132719298245614,0.6235832731455784,56,5,61,Exact_structureO
query_6_133.graph,4,0.1,51,18.94899665551839,26.34593984962406,0.3903606786458273,53,8,61,Exact_structureO
query_6_133.graph,5,0.1,51,18.94899665551839,19.799999999999997,0.0449102060627456,49,5,54,Exact_structureO
query_6_134.graph,1,0.1,494,16.895224192356775,14.83267052544539,0.12207909427117648,214,102,316,Exact_structureO
query_6_134.graph,2,0.1,494,16.895224192356775,19.450034536891685,0.1512149418940934,198,117,315,Exact_structureO
query_6_134.graph,3,0.1,494,16.895224192356775,16.68555363537566,0.012410048815804951,208,98,306,Exact_structureO
query_6_134.graph,4,0.1,494,16.895224192356775,15.288063558822376,0.09512514395999916,212,103,315,Exact_structureO
query_6_134.graph,5,0.1,494,16.895224192356775,15.206069975589916,0.09997820671305534,226,114,340,Exact_structureO
query_6_136.graph,1,0.1,606,16.610297895272595,18.0612143928036,0.08735042000324059,294,76,370,Exact_structureO
query_6_136.graph,2,0.1,606,16.610297895272595,10.271041041275799,0.3816461868393698,293,89,382,Exact_structureO
query_6_136.graph,3,0.1,606,16.610297895272595,28.494212484994,0.7154546333033347,289,96,385,Exact_structureO
query_6_136.graph,4,0.1,606,16.610297895272595,14.795634611219405,0.1092492919449479,281,88,369,Exact_structureO
query_6_136.graph,5,0.1,606,16.610297895272595,12.791563636363632,0.22990161181852137,292,71,363,Exact_structureO
query_6_137.graph,1,0.1,2511,23.583919000430846,22.4643256714876,0.04747274314005202,460,365,825,Exact_structureO
query_6_137.graph,2,0.1,2511,23.583919000430846,17.98447549624313,0.23742633716158118,437,381,818,Exact_structureO
query_6_137.graph,3,0.1,2511,23.583919000430846,19.9783521199765,0.15288243147326272,450,321,771,Exact_structureO
query_6_137.graph,4,0.1,2511,23.583919000430846,19.70634259259259,0.16441611793898278,452,364,816,Exact_structureO
query_6_137.graph,5,0.1,2511,23.583919000430846,27.758306760826883,0.17700144578684215,441,354,795,Exact_structureO
query_6_14.graph,1,0.1,2902,16.335896780872126,15.842000000000004,0.030233833348557327,329,276,605,Exact_structureO
query_6_14.graph,2,0.1,2902,16.335896780872126,15.215080982810445,0.06861060724710602,315,269,584,Exact_structureO
query_6_14.graph,3,0.1,2902,16.335896780872126,16.51308718698591,0.010846689868979707,334,311,645,Exact_structureO
query_6_14.graph,4,0.1,2902,16.335896780872126,15.245043748196483,0.06677644008824382,338,299,637,Exact_structureO
query_6_14.graph,5,0.1,2902,16.335896780872126,16.09713300050872,0.014615896731361417,327,298,625,Exact_structureO
query_6_140.graph,1,0.1,46,15.69485436893204,7.126,0.5459658412564876,38,1,39,Exact_structureO
query_6_140.graph,2,0.1,46,15.69485436893204,10.911029411764707,0.30480212461460704,38,2,40,Exact_structureO
query_6_140.graph,3,0.1,46,15.69485436893204,15.586666666666666,0.006893195675617826,35,1,36,Exact_structureO
query_6_140.graph,4,0.1,46,15.69485436893204,7.368589743589744,0.5305091993605329,36,4,40,Exact_structureO
query_6_140.graph,5,0.1,46,15.69485436893204,25.365000000000002,0.6161347791929827,39,5,44,Exact_structureO
query_6_141.graph,1,0.1,56,40.064069767441865,31.28213516160626,0.21919726719755914,53,3,56,Exact_structureO
query_6_141.graph,2,0.1,56,40.064069767441865,,,56,1,57,Exact_structureO
query_6_141.graph,3,0.1,56,40.064069767441865,42.03128689492325,0.049101779696880565,53,4,57,Exact_structureO
query_6_141.graph,4,0.1,56,40.064069767441865,42.716817769718936,0.06621264433881432,52,4,56,Exact_structureO
query_6_141.graph,5,0.1,56,40.064069767441865,56.03699481865287,0.3986845356432419,57,5,62,Exact_structureO
query_6_142.graph,1,0.1,2893,16.335896780872126,16.48648255095808,0.00921809020379439,335,289,624,Exact_structureO
query_6_142.graph,2,0.1,2893,16.335896780872126,16.01464809384162,0.01966520059104813,329,283,612,Exact_structureO
query_6_142.graph,3,0.1,2893,16.335896780872126,16.402674693489022,0.004087802066372437,346,289,635,Exact_structureO
query_6_142.graph,4,0.1,2893,16.335896780872126,16.6015294989224,0.01626067559151731,333,281,614,Exact_structureO
query_6_142.graph,5,0.1,2893,16.335896780872126,17.09516094058319,0.046478266231462485,340,291,631,Exact_structureO
query_6_148.graph,1,0.1,2746,15.513403202625184,15.081617418902681,0.027833079439941098,320,299,619,Exact_structureO
query_6_148.graph,2,0.1,2746,15.513403202625184,15.958439837031028,0.028687234425166887,315,280,595,Exact_structureO
query_6_148.graph,3,0.1,2746,15.513403202625184,15.80713513713754,0.018934074662782525,324,292,616,Exact_structureO
query_6_148.graph,4,0.1,2746,15.513403202625184,15.026307152450688,0.031398400712750775,324,278,602,Exact_structureO
query_6_148.graph,5,0.1,2746,15.513403202625184,16.246211339461205,0.047237097319304776,314,280,594,Exact_structureO
query_6_15.graph,1,0.1,530,14.796678281068525,13.289550585284287,0.10185581298422354,226,83,309,Exact_structureO
query_6_15.graph,2,0.1,530,14.796678281068525,14.112638232720924,0.046229297910923006,224,120,344,Exact_structureO
query_6_15.graph,3,0.1,530,14.796678281068525,13.806692506459955,0.06690594711890156,227,109,336,Exact_structureO
query_6_15.graph,4,0.1,530,14.796678281068525,13.975853416592335,0.05547359001015702,220,91,311,Exact_structureO
query_6_15.graph,5,0.1,530,14.796678281068525,13.233000000000004,0.10567765625269793,219,105,324,Exact_structureO
query_6_21.graph,1,0.1,1997,17.903392755547124,16.523676093538622,0.07706453636174714,411,238,649,Exact_structureO
query_6_21.graph,2,0.1,1997,17.903392755547124,27.089464285714282,0.513091102652651,412,234,646,Exact_structureO
query_6_21.graph,3,0.1,1997,17.903392755547124,21.444177911164466,0.19777174103049705,398,238,636,Exact_structureO
query_6_21.graph,4,0.1,1997,17.903392755547124,14.520446921838225,0.1889555728291074,394,221,615,Exact_structureO
query_6_21.graph,5,0.1,1997,17.903392755547124,17.11386277844987,0.044099461363412674,411,236,647,Exact_structureO
query_6_23.graph,1,0.1,523,15.756090472026685,13.569614512471658,0.13877020847505858,222,104,326,Exact_structureO
query_6_23.graph,2,0.1,523,15.756090472026685,15.220864419861082,0.033969470606673775,226,89,315,Exact_structureO
query_6_23.graph,3,0.1,523,15.756090472026685,19.374501091107494,0.22965155128456033,216,102,318,Exact_structureO
query_6_23.graph,4,0.1,523,15.756090472026685,16.2800463445719,0.03325418024702544,230,90,320,Exact_structureO
query_6_23.graph,5,0.1,523,15.756090472026685,15.424349875067213,0.0210547532427821,224,98,322,Exact_structureO
query_6_29.graph,1,0.1,4384,18.36792152402616,16.496695952496385,0.10187464973008063,435,428,863,Exact_structureO
query_6_29.graph,2,0.1,4384,18.36792152402616,16.920800075454775,0.0787852586738503,437,430,867,Exact_structureO
query_6_29.graph,3,0.1,4384,18.36792152402616,16.926802675585293,0.07845846066773587,429,408,837,Exact_structureO
query_6_29.graph,4,0.1,4384,18.36792152402616,18.58794116821827,0.011978472572648646,433,415,848,Exact_structureO
query_6_29.graph,5,0.1,4384,18.36792152402616,18.63621276595744,0.014606510681153642,430,429,859,Exact_structureO
query_6_37.graph,1,0.1,399,15.091201923076923,15.559789380530981,0.03105037357809857,195,56,251,Exact_structureO
query_6_37.graph,2,0.1,399,15.091201923076923,14.02783076509241,0.07046298654041887,196,57,253,Exact_structureO
query_6_37.graph,3,0.1,399,15.091201923076923,16.059717948717946,0.06417752744796311,200,59,259,Exact_structureO
query_6_37.graph,4,0.1,399,15.091201923076923,13.362071099407503,0.1145787348471758,197,53,250,Exact_structureO
query_6_37.graph,5,0.1,399,15.091201923076923,17.050030444964875,0.12979937130736963,203,58,261,Exact_structureO
query_6_40.graph,1,0.1,55,39.194415204678364,65.80228128460686,0.6788688118186925,63,5,68,Exact_structureO
query_6_40.graph,2,0.1,55,39.194415204678364,40.53329586877279,0.034159985730176486,60,12,72,Exact_structureO
query_6_40.graph,3,0.1,55,39.194415204678364,30.71150096525098,0.21643170832192535,52,8,60,Exact_structureO
query_6_40.graph,4,0.1,55,39.194415204678364,12.730927335640143,0.6751851693880985,56,16,72,Exact_structureO
query_6_40.graph,5,0.1,55,39.194415204678364,33.172495974235105,0.1536422778346356,59,8,67,Exact_structureO
query_6_42.graph,1,0.1,53,11.203782383419691,19.64114285714286,0.7530814313396065,53,6,59,Exact_structureO
query_6_42.graph,2,0.1,53,11.203782383419691,7.4112994350282495,0.3385002331001966,53,7,60,Exact_structureO
query_6_42.graph,3,0.1,53,11.203782383419691,24.857904761904763,1.218706496717716,52,6,58,Exact_structureO
query_6_42.graph,4,0.1,53,11.203782383419691,4.989090909090909,0.5546958394627345,47,12,59,Exact_structureO
query_6_42.graph,5,0.1,53,11.203782383419691,14.273049180327869,0.27394916215530385,54,6,60,Exact_structureO
query_6_51.graph,1,0.1,650,13.681009615384616,32.6105668684645,1.383637449665495,267,95,362,Exact_structureO
query_6_51.graph,2,0.1,650,13.681009615384616,22.68592592592592,0.6582055391887938,257,97,354,Exact_structureO
query_6_51.graph,3,0.1,650,13.681009615384616,13.174307992202728,0.03703685893269822,265,120,385,Exact_structureO
query_6_51.graph,4,0.1,650,13.681009615384616,20.517420178799494,0.49970073522404185,263,126,389,Exact_structureO
query_6_51.graph,5,0.1,650,13.681009615384616,12.61896898395722,0.07762881989594582,261,108,369,Exact_structureO
query_6_57.graph,1,0.1,23,8.360597014925368,6.519999999999999,0.2201513853184801,18,2,20,Exact_structureO
query_6_57.graph,2,0.1,23,8.360597014925368,7.7,0.07901313910311279,16,1,17,Exact_structureO
query_6_57.graph,3,0.1,23,8.360597014925368,10.854999999999999,0.29835225649814406,17,2,19,Exact_structureO
query_6_57.graph,4,0.1,23,8.360597014925368,8.406363636363636,0.0054740853262710346,20,3,23,Exact_structureO
query_6_57.graph,5,0.1,23,8.360597014925368,3.5149999999999997,0.5795754784347327,15,1,16,Exact_structureO
query_6_61.graph,1,0.1,47,27.11224256292905,13.56319039451115,0.49973926490845544,53,16,69,Exact_structureO
query_6_61.graph,2,0.1,47,27.11224256292905,38.19012987012988,0.408593545203368,52,13,65,Exact_structureO
query_6_61.graph,3,0.1,47,27.11224256292905,57.33385416666667,1.1146850554169965,57,7,64,Exact_structureO
query_6_61.graph,4,0.1,47,27.11224256292905,35.44333333333333,0.30728150764612494,54,6,60,Exact_structureO
query_6_61.graph,5,0.1,47,27.11224256292905,21.518384401114208,0.2063222232108311,55,12,67,Exact_structureO
query_6_64.graph,1,0.1,521,15.007908186567805,13.760386144174907,0.08312431198835825,227,107,334,Exact_structureO
query_6_64.graph,2,0.1,521,15.007908186567805,17.09685306454375,0.13918960937178226,223,99,322,Exact_structureO
query_6_64.graph,3,0.1,521,15.007908186567805,13.44898589894243,0.1038733891656282,226,95,321,Exact_structureO
query_6_64.graph,4,0.1,521,15.007908186567805,18.70212005208335,0.2461510171565345,218,98,316,Exact_structureO
query_6_64.graph,5,0.1,521,15.007908186567805,13.771576932054883,0.08237865258393896,218,110,328,Exact_structureO
query_6_71.graph,1,0.1,609,15.6849227153575,16.580161775246893,0.05707640873568616,286,94,380,Exact_structureO
query_6_71.graph,2,0.1,609,15.6849227153575,15.395046973365623,0.01848117120194999,295,95,390,Exact_structureO
query_6_71.graph,3,0.1,609,15.6849227153575,15.824518739661388,0.008900013524912424,279,106,385,Exact_structureO
query_6_71.graph,4,0.1,609,15.6849227153575,16.212395673768746,0.03362929916733251,293,87,380,Exact_structureO
query_6_71.graph,5,0.1,609,15.6849227153575,15.89281111929308,0.013254027941880254,281,100,381,Exact_structureO
query_6_73.graph,1,0.1,34,14.056890380313197,8.510613107822412,0.39455933157580836,33,4,37,Exact_structureO
query_6_73.graph,2,0.1,34,14.056890380313197,6.387738693467335,0.5455795328379724,33,4,37,Exact_structureO
query_6_73.graph,3,0.1,34,14.056890380313197,25.04263593380615,0.7815203260657556,34,1,35,Exact_structureO
query_6_73.graph,4,0.1,34,14.056890380313197,,,33,0,33,Exact_structureO
query_6_73.graph,5,0.1,34,14.056890380313197,10.985692047377324,0.21848348033197404,33,3,36,Exact_structureO
query_6_8.graph,1,0.1,545,14.60380970838831,13.409535823396086,0.08177824203681887,226,103,329,Exact_structureO
query_6_8.graph,2,0.1,545,14.60380970838831,14.688287143956906,0.005784616292286583,230,125,355,Exact_structureO
query_6_8.graph,3,0.1,545,14.60380970838831,13.407662170841377,0.08190654092540493,235,121,356,Exact_structureO
query_6_8.graph,4,0.1,545,14.60380970838831,17.148023368740525,0.17421574994166344,229,119,348,Exact_structureO
query_6_8.graph,5,0.1,545,14.60380970838831,13.144913541311059,0.09989832764249679,235,110,345,Exact_structureO
query_6_80.graph,1,0.1,539,15.377545592472078,16.95820864996386,0.10279033464648486,239,114,353,Exact_structureO
query_6_80.graph,2,0.1,539,15.377545592472078,15.811201617909143,0.02820060085852432,223,123,346,Exact_structureO
query_6_80.graph,3,0.1,539,15.377545592472078,14.39308573947543,0.06401930965358874,221,105,326,Exact_structureO
query_6_80.graph,4,0.1,539,15.377545592472078,16.212281327543437,0.05428276769213385,231,112,343,Exact_structureO
query_6_80.graph,5,0.1,539,15.377545592472078,15.04139097999982,0.021860095322157224,226,122,348,Exact_structureO
query_6_81.graph,1,0.1,2838,17.350302638831938,17.22076024793278,0.007466289989041851,333,271,604,Exact_structureO
query_6_81.graph,2,0.1,2838,17.350302638831938,14.302059555408096,0.17568817944428985,321,267,588,Exact_structureO
query_6_81.graph,3,0.1,2838,17.350302638831938,20.423597955356552,0.17713208700153923,314,267,581,Exact_structureO
query_6_81.graph,4,0.1,2838,17.350302638831938,15.751570598150575,0.09214433165581903,322,261,583,Exact_structureO
query_6_81.graph,5,0.1,2838,17.350302638831938,18.37245247311829,0.058912507497054595,331,275,606,Exact_structureO
query_6_83.graph,1,0.1,211,19.1862995585453,22.089232308924068,0.15130237811208586,150,30,180,Exact_structureO
query_6_83.graph,2,0.1,211,19.1862995585453,18.975691591966417,0.01097699772362213,158,28,186,Exact_structureO
query_6_83.graph,3,0.1,211,19.1862995585453,20.790803149606305,0.08362756904555789,157,26,183,Exact_structureO
query_6_83.graph,4,0.1,211,19.1862995585453,14.269533638145004,0.25626441958738416,156,31,187,Exact_structureO
query_6_83.graph,5,0.1,211,19.1862995585453,21.051017536021455,0.09719007939942413,157,29,186,Exact_structureO
query_6_84.graph,1,0.1,658,15.10741509433962,18.994132944228273,0.25727219551575775,247,178,425,Exact_structureO
query_6_84.graph,2,0.1,658,15.10741509433962,20.418878107091373,0.3515798685336864,233,179,412,Exact_structureO
query_6_84.graph,3,0.1,658,15.10741509433962,18.282919110690635,0.21019505961286514,237,167,404,Exact_structureO
query_6_84.graph,4,0.1,658,15.10741509433962,19.230706205381658,0.272931609100152,225,176,401,Exact_structureO
query_6_84.graph,5,0.1,658,15.10741509433962,15.717004729374676,0.04035035982187672,236,155,391,Exact_structureO
query_6_88.graph,1,0.1,2783,15.506133334054446,14.113855610105272,0.0897888399354509,321,289,610,Exact_structureO
query_6_88.graph,2,0.1,2783,15.506133334054446,15.164187580923057,0.022052290262486694,319,275,594,Exact_structureO
query_6_88.graph,3,0.1,2783,15.506133334054446,16.196496521546756,0.04452194319625378,310,264,574,Exact_structureO
query_6_88.graph,4,0.1,2783,15.506133334054446,15.43318806305033,0.004704285035645478,303,266,569,Exact_structureO
query_6_88.graph,5,0.1,2783,15.506133334054446,14.637845517392735,0.0559964110946205,323,274,597,Exact_structureO
query_6_91.graph,1,0.1,46,32.24543046357616,,,51,0,51,Exact_structureO
query_6_91.graph,2,0.1,46,32.24543046357616,18.79316341829086,0.41718367073687335,49,12,61,Exact_structureO
query_6_91.graph,3,0.1,46,32.24543046357616,53.51880341880343,0.6597329497355376,52,4,56,Exact_structureO
query_6_91.graph,4,0.1,46,32.24543046357616,41.00994727592265,0.2718064757189928,51,4,55,Exact_structureO
query_6_91.graph,5,0.1,46,32.24543046357616,23.89444444444445,0.2589819983505828,51,6,57,Exact_structureO
query_7_103.graph,1,0.1,6,19.38,19.25278846153848,0.006564062872111444,26,3,29,Exact_structureO
query_7_103.graph,2,0.1,6,19.38,19.508387096774218,0.006624721195780129,26,3,29,Exact_structureO
query_7_103.graph,3,0.1,6,19.38,19.459904761904784,0.004123052729865091,26,3,29,Exact_structureO
query_7_103.graph,4,0.1,6,19.38,19.627032967032992,0.012746799124509451,26,3,29,Exact_structureO
query_7_103.graph,5,0.1,6,19.38,19.7326046511628,0.018194254445964893,26,3,29,Exact_structureO
query_7_113.graph,1,0.1,48,19.448690702087287,,,36,0,36,Exact_structureO
query_7_113.graph,2,0.1,48,19.448690702087287,,,38,0,38,Exact_structureO
query_7_113.graph,3,0.1,48,19.448690702087287,30.17859154929577,0.5517029918140928,35,4,39,Exact_structureO
query_7_113.graph,4,0.1,48,19.448690702087287,7.0763855421686745,0.6361510576437304,37,2,39,Exact_structureO
query_7_113.graph,5,0.1,48,19.448690702087287,,,42,1,43,Exact_structureO
query_7_118.graph,1,0.1,2576,14.856951668510245,16.415418441640657,0.10489815191588928,314,269,583,Exact_structureO
query_7_118.graph,2,0.1,2576,14.856951668510245,14.407417616178298,0.03025748904364733,305,259,564,Exact_structureO
query_7_118.graph,3,0.1,2576,14.856951668510245,14.33440916903929,0.035171582376383397,296,267,563,Exact_structureO
query_7_118.graph,4,0.1,2576,14.856951668510245,14.734831721593071,0.008219717586886315,298,261,559,Exact_structureO
query_7_118.graph,5,0.1,2576,14.856951668510245,14.214880030657742,0.04321691637547647,315,254,569,Exact_structureO
query_7_121.graph,1,0.1,189,9.905784860764502,9.379139519017565,0.05316543304235377,114,38,152,Exact_structureO
query_7_121.graph,2,0.1,189,9.905784860764502,10.94290971428571,0.1046989075675489,122,21,143,Exact_structureO
query_7_121.graph,3,0.1,189,9.905784860764502,12.331348600228907,0.24486335747828933,129,26,155,Exact_structureO
query_7_121.graph,4,0.1,189,9.905784860764502,9.425338364837593,0.04850160816937321,117,31,148,Exact_structureO
query_7_121.graph,5,0.1,189,9.905784860764502,11.99560024375382,0.21096918743579818,117,27,144,Exact_structureO
query_7_125.graph,1,0.1,649,16.191924167786237,14.862966956865854,0.08207531094817855,206,87,293,Exact_structureO
query_7_125.graph,2,0.1,649,16.191924167786237,13.666267942583739,0.15598246379063954,203,105,308,Exact_structureO
query_7_125.graph,3,0.1,649,16.191924167786237,15.663871292106593,0.03261211392838673,204,89,293,Exact_structureO
query_7_125.graph,4,0.1,649,16.191924167786237,17.418862731556715,0.07577472269858247,198,98,296,Exact_structureO
query_7_125.graph,5,0.1,649,16.191924167786237,14.621228070175446,0.0970049069730504,203,79,282,Exact_structureO
query_7_140.graph,1,0.1,651,11.724374761577781,11.997644322845412,0.02330781528437393,237,97,334,Exact_structureO
query_7_140.graph,2,0.1,651,11.724374761577781,16.23189894736842,0.3844575320606734,232,124,356,Exact_structureO
query_7_140.graph,3,0.1,651,11.724374761577781,16.32097304964539,0.39205487555133645,234,106,340,Exact_structureO
query_7_140.graph,4,0.1,651,11.724374761577781,12.958849529780563,0.10529130920041106,227,126,353,Exact_structureO
query_7_140.graph,5,0.1,651,11.724374761577781,12.418874885983584,0.059235578743334356,229,112,341,Exact_structureO
query_7_144.graph,1,0.1,43,21.293544986516302,17.07429682436814,0.19814681701989564,44,8,52,Exact_structureO
query_7_144.graph,2,0.1,43,21.293544986516302,56.49476398254669,1.6531403774393052,45,5,50,Exact_structureO
query_7_144.graph,3,0.1,43,21.293544986516302,21.675903328050765,0.017956537616286225,44,7,51,Exact_structureO
query_7_144.graph,4,0.1,43,21.293544986516302,78.38259536275253,2.6810496050510464,42,3,45,Exact_structureO
query_7_144.graph,5,0.1,43,21.293544986516302,15.209253151699851,0.28573409635028846,40,8,48,Exact_structureO
query_7_146.graph,1,0.1,44,10.159032595205435,8.307015873015873,0.18230246874723322,46,10,56,Exact_structureO
query_7_146.graph,2,0.1,44,10.159032595205435,9.512553571428572,0.06363588439335935,45,9,54,Exact_structureO
query_7_146.graph,3,0.1,44,10.159032595205435,17.06387878787879,0.6796755624085804,43,6,49,Exact_structureO
query_7_146.graph,4,0.1,44,10.159032595205435,5.704971751412429,0.43843356166561614,50,4,54,Exact_structureO
query_7_146.graph,5,0.1,44,10.159032595205435,37.69049180327869,2.7100473347301546,47,5,52,Exact_structureO
query_7_149.graph,1,0.1,577,6.955371277429468,9.771214129487412,0.4048443626863595,204,102,306,Exact_structureO
query_7_149.graph,2,0.1,577,6.955371277429468,6.894681309904158,0.008725625865904894,187,110,297,Exact_structureO
query_7_149.graph,3,0.1,577,6.955371277429468,8.693442028985508,0.2498889968959914,193,102,295,Exact_structureO
query_7_149.graph,4,0.1,577,6.955371277429468,5.777479721254355,0.16934991809817984,198,109,307,Exact_structureO
query_7_149.graph,5,0.1,577,6.955371277429468,5.727179863147605,0.17658171868803124,187,107,294,Exact_structureO
query_7_15.graph,1,0.1,343,13.445463308922433,10.539212893553225,0.21615100562883652,150,79,229,Exact_structureO
query_7_15.graph,2,0.1,343,13.445463308922433,1.439126819126819,0.8929656207405057,156,72,228,Exact_structureO
query_7_15.graph,3,0.1,343,13.445463308922433,6.554562097971301,0.5125075315462219,146,80,226,Exact_structureO
query_7_15.graph,4,0.1,343,13.445463308922433,19.368266051518646,0.4405056639934327,150,92,242,Exact_structureO
query_7_15.graph,5,0.1,343,13.445463308922433,9.301727272727273,0.30818841574952416,149,88,237,Exact_structureO
query_7_17.graph,1,0.1,46,20.437250505994083,13.052777777777777,0.3613241774401355,44,10,54,Exact_structureO
query_7_17.graph,2,0.1,46,20.437250505994083,17.752540322580643,0.1313635698024074,42,12,54,Exact_structureO
query_7_17.graph,3,0.1,46,20.437250505994083,19.21625,0.05974387335693587,40,8,48,Exact_structureO
query_7_17.graph,4,0.1,46,20.437250505994083,16.241709677419355,0.20528890749488096,43,5,48,Exact_structureO
query_7_17.graph,5,0.1,46,20.437250505994083,18.190677966101696,0.10992538058059646,45,9,54,Exact_structureO
query_7_23.graph,1,0.1,645,102.51354212615793,83.98850598646538,0.18070818504051664,174,57,231,Exact_structureO
query_7_23.graph,2,0.1,645,102.51354212615793,148.87915852742307,0.4522877215988251,167,39,206,Exact_structureO
query_7_23.graph,3,0.1,645,102.51354212615793,120.42761581920905,0.1747483632065433,166,48,214,Exact_structureO
query_7_23.graph,4,0.1,645,102.51354212615793,136.96998200629778,0.3361159820010527,162,53,215,Exact_structureO
query_7_23.graph,5,0.1,645,102.51354212615793,129.11836363636368,0.25952494625017075,175,49,224,Exact_structureO
query_7_32.graph,1,0.1,2,,,,26,0,26,Exact_structureO
query_7_32.graph,2,0.1,2,,,,26,0,26,Exact_structureO
query_7_32.graph,3,0.1,2,,,,26,0,26,Exact_structureO
query_7_32.graph,4,0.1,2,,,,26,0,26,Exact_structureO
query_7_32.graph,5,0.1,2,,,,26,0,26,Exact_structureO
query_7_33.graph,1,0.1,8,25.67,25.67000000000004,1.5223938631400665e-15,28,6,34,Exact_structureO
query_7_33.graph,2,0.1,8,25.67,25.670000000000034,1.2455949789327817e-15,28,6,34,Exact_structureO
query_7_33.graph,3,0.1,8,25.67,25.67000000000004,1.5223938631400665e-15,28,6,34,Exact_structureO
query_7_33.graph,4,0.1,8,25.67,25.67000000000004,1.5223938631400665e-15,28,6,34,Exact_structureO
query_7_33.graph,5,0.1,8,25.67,25.67000000000004,1.5223938631400665e-15,28,6,34,Exact_structureO
query_7_35.graph,1,0.1,49,52.68999999999995,,,57,0,57,Exact_structureO
query_7_35.graph,2,0.1,49,52.68999999999995,,,53,0,53,Exact_structureO
query_7_35.graph,3,0.1,49,52.68999999999995,,,59,0,59,Exact_structureO
query_7_35.graph,4,0.1,49,52.68999999999995,,,62,0,62,Exact_structureO
query_7_35.graph,5,0.1,49,52.68999999999995,,,58,0,58,Exact_structureO
query_7_36.graph,1,0.1,603,13.793126539228334,12.451785252263907,0.09724708050416171,216,90,306,Exact_structureO
query_7_36.graph,2,0.1,603,13.793126539228334,12.215953929539294,0.11434482277846744,211,90,301,Exact_structureO
query_7_36.graph,3,0.1,603,13.793126539228334,17.80889423076923,0.2911426702365018,210,64,274,Exact_structureO
query_7_36.graph,4,0.1,603,13.793126539228334,14.908682640888525,0.08087768197351734,211,70,281,Exact_structureO
query_7_36.graph,5,0.1,603,13.793126539228334,12.452358886642827,0.09720549208131293,216,82,298,Exact_structureO
query_7_44.graph,1,0.1,669,16.768571769194086,17.904777553083925,0.0677580535497476,219,115,334,Exact_structureO
query_7_44.graph,2,0.1,669,16.768571769194086,17.12963709677419,0.021532264795706964,203,98,301,Exact_structureO
query_7_44.graph,3,0.1,669,16.768571769194086,36.889704020848846,1.1999311884521815,209,112,321,Exact_structureO
query_7_44.graph,4,0.1,669,16.768571769194086,1.0957173601147778,0.9346564886266734,215,109,324,Exact_structureO
query_7_44.graph,5,0.1,669,16.768571769194086,14.379453879453878,0.14247593191742833,223,105,328,Exact_structureO
query_7_53.graph,1,0.1,1,,,,7,0,7,Exact_structureO
query_7_53.graph,2,0.1,1,,,,7,0,7,Exact_structureO
query_7_53.graph,3,0.1,1,,,,7,0,7,Exact_structureO
query_7_53.graph,4,0.1,1,,,,7,0,7,Exact_structureO
query_7_53.graph,5,0.1,1,,,,7,0,7,Exact_structureO
query_7_55.graph,1,0.1,599,20.559798013614554,19.153342803030302,0.0684080266573099,210,93,303,Exact_structureO
query_7_55.graph,2,0.1,599,20.559798013614554,15.523095035460996,0.24497823251076148,207,101,308,Exact_structureO
query_7_55.graph,3,0.1,599,20.559798013614554,13.74711431742508,0.3313594662592581,204,85,289,Exact_structureO
query_7_55.graph,4,0.1,599,20.559798013614554,0.0,1.0,203,86,289,Exact_structureO
query_7_55.graph,5,0.1,599,20.559798013614554,25.1320842217484,0.22238964629448746,206,89,295,Exact_structureO
query_7_65.graph,1,0.1,477,12.197054865262432,12.03229044038668,0.013508541750107737,202,95,297,Exact_structureO
query_7_65.graph,2,0.1,477,12.197054865262432,12.348580759046778,0.012423154233395779,203,88,291,Exact_structureO
query_7_65.graph,3,0.1,477,12.197054865262432,14.076386447797493,0.15408076812767743,201,82,283,Exact_structureO
query_7_65.graph,4,0.1,477,12.197054865262432,12.317430094657812,0.009869204551847373,211,98,309,Exact_structureO
query_7_65.graph,5,0.1,477,12.197054865262432,9.909493718151467,0.18755028753916703,206,91,297,Exact_structureO
query_7_66.graph,1,0.1,1617,14.712509395301257,14.964611562087759,0.017135225542626725,275,184,459,Exact_structureO
query_7_66.graph,2,0.1,1617,14.712509395301257,13.441890171394247,0.08636318861504405,280,223,503,Exact_structureO
query_7_66.graph,3,0.1,1617,14.712509395301257,14.018914728682182,0.04714319277448273,274,192,466,Exact_structureO
query_7_66.graph,4,0.1,1617,14.712509395301257,14.056397379279346,0.0445955206140058,270,201,471,Exact_structureO
query_7_66.graph,5,0.1,1617,14.712509395301257,14.101283166681226,0.04154466190623058,285,196,481,Exact_structureO
query_7_83.graph,1,0.1,500,16.21311331487706,19.293791903491478,0.19001153749956248,209,81,290,Exact_structureO
query_7_83.graph,2,0.1,500,16.21311331487706,16.27614045608775,0.0038874175481679986,222,92,314,Exact_structureO
query_7_83.graph,3,0.1,500,16.21311331487706,15.292280088604482,0.05679558320409852,209,73,282,Exact_structureO
query_7_83.graph,4,0.1,500,16.21311331487706,14.435685632681883,0.10962901743024388,212,83,295,Exact_structureO
query_7_83.graph,5,0.1,500,16.21311331487706,17.814975115346805,0.09880038271242365,219,87,306,Exact_structureO
query_7_84.graph,1,0.1,2072,21.780816929441077,23.86562638405571,0.09571768870600075,304,281,585,Exact_structureO
query_7_84.graph,2,0.1,2072,21.780816929441077,23.97022544038213,0.10052003641707466,316,278,594,Exact_structureO
query_7_84.graph,3,0.1,2072,21.780816929441077,29.231702171361512,0.3420847466859286,315,250,565,Exact_structureO
query_7_84.graph,4,0.1,2072,21.780816929441077,17.82911353050243,0.18143044917645582,300,270,570,Exact_structureO
query_7_84.graph,5,0.1,2072,21.780816929441077,25.241951941845603,0.15890749293825238,312,287,599,Exact_structureO
query_7_86.graph,1,0.1,2,21.23,22.13406754772361,0.042584434654903906,17,1,18,Exact_structureO
query_7_86.graph,2,0.1,2,21.23,22.190483619344455,0.04524180967237187,17,1,18,Exact_structureO
query_7_86.graph,3,0.1,2,21.23,21.80725075528669,0.027190332326269016,17,1,18,Exact_structureO
query_7_86.graph,4,0.1,2,21.23,21.005173978819666,0.010590015128607353,17,1,18,Exact_structureO
query_7_86.graph,5,0.1,2,21.23,21.29216691068783,0.0029282576866617354,17,1,18,Exact_structureO
query_7_87.graph,1,0.1,2735,19.891257486326378,26.158786359587733,0.3150896255588553,301,250,551,Exact_structureO
query_7_87.graph,2,0.1,2735,19.891257486326378,19.406964134012952,0.024347045562420472,318,258,576,Exact_structureO
query_7_87.graph,3,0.1,2735,19.891257486326378,17.082153588975185,0.1412230422979655,304,262,566,Exact_structureO
query_7_87.graph,4,0.1,2735,19.891257486326378,11.72193628622017,0.4106990825352269,301,238,539,Exact_structureO
query_7_87.graph,5,0.1,2735,19.891257486326378,17.92029113852422,0.09908706622278841,301,232,533,Exact_structureO
query_7_90.graph,1,0.1,3519,27.63288376655223,24.880081303644495,0.09962052770763719,264,364,628,Exact_structureO
query_7_90.graph,2,0.1,3519,27.63288376655223,20.940225959711128,0.24219903587992936,265,354,619,Exact_structureO
query_7_90.graph,3,0.1,3519,27.63288376655223,26.519281039808796,0.04029990992439869,275,378,653,Exact_structureO
query_7_90.graph,4,0.1,3519,27.63288376655223,30.388199411943074,0.09971147668365944,269,383,652,Exact_structureO
query_7_90.graph,5,0.1,3519,27.63288376655223,28.095029626137705,0.01672448896357582,265,355,620,Exact_structureO
query_7_98.graph,1,0.1,669,22.359265254160224,21.44930479477066,0.04069724335956223,233,112,345,Exact_structureO
query_7_98.graph,2,0.1,669,22.359265254160224,22.37575436782798,0.0007374622323373558,233,101,334,Exact_structureO
query_7_98.graph,3,0.1,669,22.359265254160224,20.792156650315484,0.07008766102245512,237,112,349,Exact_structureO
query_7_98.graph,4,0.1,669,22.359265254160224,20.78151751606889,0.07056348767085593,227,127,354,Exact_structureO
query_7_98.graph,5,0.1,669,22.359265254160224,22.66987409840879,0.013891728584004955,238,114,352,Exact_structureO
query_8_1.graph,1,0.1,4,12.588490566037745,12.398487486398324,0.015093396515069645,35,5,40,Exact_structureO
query_8_1.graph,2,0.1,4,12.588490566037745,12.539564498346248,0.0038865714229069995,35,5,40,Exact_structureO
query_8_1.graph,3,0.1,4,12.588490566037745,12.607431295569322,0.0015046068813585123,35,5,40,Exact_structureO
query_8_1.graph,4,0.1,4,12.588490566037745,12.752133479212338,0.012999407062835817,35,5,40,Exact_structureO
query_8_1.graph,5,0.1,4,12.588490566037745,12.627150715071535,0.0030710710574062302,35,5,40,Exact_structureO
query_8_103.graph,1,0.1,2352,17.925394588211134,22.34419756595437,0.24651077866086807,235,187,422,Exact_structureO
query_8_103.graph,2,0.1,2352,17.925394588211134,22.349210188545634,0.24679041672220028,228,186,414,Exact_structureO
query_8_103.graph,3,0.1,2352,17.925394588211134,16.407121997721408,0.08469953523300612,231,194,425,Exact_structureO
query_8_103.graph,4,0.1,2352,17.925394588211134,20.981541488441014,0.17049258721700855,234,200,434,Exact_structureO
query_8_103.graph,5,0.1,2352,17.925394588211134,21.21266839263587,0.18338641240213777,231,191,422,Exact_structureO
query_8_117.graph,1,0.1,40,4.02311063567824,6.955055449178235,0.7287755866066831,42,7,49,Exact_structureO
query_8_117.graph,2,0.1,40,4.02311063567824,3.1509646799117,0.21678398501698384,42,6,48,Exact_structureO
query_8_117.graph,3,0.1,40,4.02311063567824,4.826345885634587,0.1996552724235318,41,10,51,Exact_structureO
query_8_117.graph,4,0.1,40,4.02311063567824,5.3004606718274845,0.3175030845091093,43,6,49,Exact_structureO
query_8_117.graph,5,0.1,40,4.02311063567824,5.249643191389797,0.3048716942642024,41,9,50,Exact_structureO
query_8_119.graph,1,0.1,2753,16.275655060044656,16.753318255765137,0.029348323859056443,142,128,270,Exact_structureO
query_8_119.graph,2,0.1,2753,16.275655060044656,17.209698741033293,0.05738900692738534,155,124,279,Exact_structureO
query_8_119.graph,3,0.1,2753,16.275655060044656,14.796526761207689,0.09087980135853953,149,128,277,Exact_structureO
query_8_119.graph,4,0.1,2753,16.275655060044656,18.185810055553244,0.1173627106535242,152,120,272,Exact_structureO
query_8_119.graph,5,0.1,2753,16.275655060044656,16.854025127966526,0.03553590106131701,148,135,283,Exact_structureO
query_8_126.graph,1,0.1,2702,17.190249712072035,16.048541608042775,0.06641602787349173,169,164,333,Exact_structureO
query_8_126.graph,2,0.1,2702,17.190249712072035,17.96363540644667,0.0449897882420822,168,162,330,Exact_structureO
query_8_126.graph,3,0.1,2702,17.190249712072035,18.52582192227564,0.07769358982991882,168,186,354,Exact_structureO
query_8_126.graph,4,0.1,2702,17.190249712072035,15.539114644544293,0.0960506737937736,163,177,340,Exact_structureO
query_8_126.graph,5,0.1,2702,17.190249712072035,17.874413445263595,0.03979952267424594,167,180,347,Exact_structureO
query_8_130.graph,1,0.1,622,23.926485764655254,24.681754073176208,0.03156620307511491,191,132,323,Exact_structureO
query_8_130.graph,2,0.1,622,23.926485764655254,18.41915141714189,0.2301773190465322,179,160,339,Exact_structureO
query_8_130.graph,3,0.1,622,23.926485764655254,26.858983178345845,0.12256281355043548,191,146,337,Exact_structureO
query_8_130.graph,4,0.1,622,23.926485764655254,32.46361533779673,0.35680666425960134,188,147,335,Exact_structureO
query_8_130.graph,5,0.1,622,23.926485764655254,19.84750524109014,0.1704797170669617,184,153,337,Exact_structureO
query_8_132.graph,1,0.1,620,13.224040721085345,11.085540400296516,0.16171307740901408,199,95,294,Exact_structureO
query_8_132.graph,2,0.1,620,13.224040721085345,15.071413750949883,0.1396980748039407,204,105,309,Exact_structureO
query_8_132.graph,3,0.1,620,13.224040721085345,14.422627379619268,0.0906369455307871,204,131,335,Exact_structureO
query_8_132.graph,4,0.1,620,13.224040721085345,14.408146997929611,0.08954194121288842,203,99,302,Exact_structureO
query_8_132.graph,5,0.1,620,13.224040721085345,14.133326981707322,0.06876009230462721,202,123,325,Exact_structureO
query_8_133.graph,1,0.1,566,25.076277782263183,28.331887688582597,0.12982827573485226,198,81,279,Exact_structureO
query_8_133.graph,2,0.1,566,25.076277782263183,16.134485099962273,0.35658373064544574,206,92,298,Exact_structureO
query_8_133.graph,3,0.1,566,25.076277782263183,22.61011864506628,0.09834629998162064,208,97,305,Exact_structureO
query_8_133.graph,4,0.1,566,25.076277782263183,23.817814098465465,0.05018542603192279,200,99,299,Exact_structureO
query_8_133.graph,5,0.1,566,25.076277782263183,24.576772893772905,0.019919419174865966,206,96,302,Exact_structureO
query_8_21.graph,1,0.1,35,16.224877111520296,,,21,2,23,Exact_structureO
query_8_21.graph,2,0.1,35,16.224877111520296,,,22,0,22,Exact_structureO
query_8_21.graph,3,0.1,35,16.224877111520296,,,22,0,22,Exact_structureO
query_8_21.graph,4,0.1,35,16.224877111520296,18.88416666666667,0.16390198439519602,20,2,22,Exact_structureO
query_8_21.graph,5,0.1,35,16.224877111520296,17.773333333333333,0.09543716178371377,20,2,22,Exact_structureO
query_8_29.graph,1,0.1,591,7.761787191442162,7.656014300610752,0.013627388669974164,184,113,297,Exact_structureO
query_8_29.graph,2,0.1,591,7.761787191442162,7.0652439124712085,0.0897400639557516,192,109,301,Exact_structureO
query_8_29.graph,3,0.1,591,7.761787191442162,8.561592152217152,0.10304391772771397,196,125,321,Exact_structureO
query_8_29.graph,4,0.1,591,7.761787191442162,8.533552061350616,0.09943133596336823,195,106,301,Exact_structureO
query_8_29.graph,5,0.1,591,7.761787191442162,9.048335986594054,0.16575419596280483,197,126,323,Exact_structureO
query_8_35.graph,1,0.1,536,4.442756108445538,5.0675912481229135,0.14064133263799553,181,152,333,Exact_structureO
query_8_35.graph,2,0.1,536,4.442756108445538,4.015045160069986,0.09627153459144129,174,172,346,Exact_structureO
query_8_35.graph,3,0.1,536,4.442756108445538,4.767585903083701,0.07311447819984346,173,176,349,Exact_structureO
query_8_35.graph,4,0.1,536,4.442756108445538,3.686050175554423,0.1703235366561404,177,181,358,Exact_structureO
query_8_35.graph,5,0.1,536,4.442756108445538,4.873118719254551,0.09686838536801676,172,171,343,Exact_structureO
query_8_51.graph,1,0.1,354,12.551194850343403,2.910262478485371,0.7681286512410612,141,52,193,Exact_structureO
query_8_51.graph,2,0.1,354,12.551194850343403,12.029782135076253,0.04154287472103775,147,57,204,Exact_structureO
query_8_51.graph,3,0.1,354,12.551194850343403,11.968791208791208,0.04640224683757984,151,60,211,Exact_structureO
query_8_51.graph,4,0.1,354,12.551194850343403,9.265398550724637,0.26179151377997023,152,59,211,Exact_structureO
query_8_51.graph,5,0.1,354,12.551194850343403,17.130979133226322,0.36488831043505116,140,45,185,Exact_structureO
query_8_53.graph,1,0.1,544,11.442449929192799,8.659807583474812,0.24318588789440188,173,86,259,Exact_structureO
query_8_53.graph,2,0.1,544,11.442449929192799,11.642278260869563,0.017463771562324953,171,90,261,Exact_structureO
query_8_53.graph,3,0.1,544,11.442449929192799,11.993260869565216,0.04813750060353319,174,84,258,Exact_structureO
query_8_53.graph,4,0.1,544,11.442449929192799,15.44930777404538,0.35017482004705985,176,94,270,Exact_structureO
query_8_53.graph,5,0.1,544,11.442449929192799,11.073233724653148,0.0322672335753622,174,85,259,Exact_structureO
query_8_54.graph,1,0.1,308,7.753216683361395,12.999613899613903,0.6766736221253061,118,71,189,Exact_structureO
query_8_54.graph,2,0.1,308,7.753216683361395,4.92575,0.3646830468996452,127,87,214,Exact_structureO
query_8_54.graph,3,0.1,308,7.753216683361395,5.416100403406544,0.3014382772211647,122,78,200,Exact_structureO
query_8_54.graph,4,0.1,308,7.753216683361395,10.198176718092565,0.3153478271770887,121,66,187,Exact_structureO
query_8_54.graph,5,0.1,308,7.753216683361395,4.621182065217391,0.4039658307068126,130,70,200,Exact_structureO
query_8_59.graph,1,0.1,5,13.36,13.35999999999995,3.722903555629268e-15,18,3,21,Exact_structureO
query_8_59.graph,2,0.1,5,13.36,13.359999999999955,3.324021031811846e-15,17,3,20,Exact_structureO
query_8_59.graph,3,0.1,5,13.36,13.35999999999997,2.2603343016320552e-15,18,3,21,Exact_structureO
query_8_59.graph,4,0.1,5,13.36,13.359999999999928,5.3184336508989536e-15,18,3,21,Exact_structureO
query_8_59.graph,5,0.1,5,13.36,13.359999999999951,3.589942714356794e-15,18,3,21,Exact_structureO
query_8_66.graph,1,0.1,46,19.366951219512185,16.475002499999867,0.14932390166804788,18,6,24,Exact_structureO
query_8_66.graph,2,0.1,46,19.366951219512185,35.401836999999745,0.8279509561800532,20,4,24,Exact_structureO
query_8_66.graph,3,0.1,46,19.366951219512185,12.889667999999913,0.3344503296412713,17,9,26,Exact_structureO
query_8_66.graph,4,0.1,46,19.366951219512185,36.28636274999982,0.873622871184874,19,5,24,Exact_structureO
query_8_66.graph,5,0.1,46,19.366951219512185,22.482235937499834,0.1608557114993403,18,11,29,Exact_structureO
query_8_85.graph,1,0.1,105,15.26559500959693,0.0,1.0,33,6,39,Exact_structureO
query_8_85.graph,2,0.1,105,15.26559500959693,0.0,1.0,34,2,36,Exact_structureO
query_8_85.graph,3,0.1,105,15.26559500959693,0.0,1.0,32,4,36,Exact_structureO
query_8_85.graph,4,0.1,105,15.26559500959693,0.0,1.0,35,3,38,Exact_structureO
query_8_85.graph,5,0.1,105,15.26559500959693,0.0,1.0,40,8,48,Exact_structureO
query_8_95.graph,1,0.1,530,4.435028669330381,4.1738745380878495,0.05888442910155121,170,114,284,Exact_structureO
query_8_95.graph,2,0.1,530,4.435028669330381,4.854820696856345,0.09465373480648678,184,126,310,Exact_structureO
query_8_95.graph,3,0.1,530,4.435028669330381,4.4901037737845515,0.012418207087370564,183,121,304,Exact_structureO
query_8_95.graph,4,0.1,530,4.435028669330381,4.475537263011377,0.009133783950738713,183,121,304,Exact_structureO
query_8_95.graph,5,0.1,530,4.435028669330381,3.7473292267040503,0.1550608787226087,175,122,297,Exact_structureO
query_8_97.graph,1,0.1,42,17.065136072363206,9.536603508771933,0.4411645199702595,40,5,45,Exact_structureO
query_8_97.graph,2,0.1,42,17.065136072363206,15.09805223068554,0.11526915656203508,37,6,43,Exact_structureO
query_8_97.graph,3,0.1,42,17.065136072363206,11.160527912621362,0.3460041651413662,38,8,46,Exact_structureO
query_8_97.graph,4,0.1,42,17.065136072363206,18.416518751789305,0.07918968086135847,39,5,44,Exact_structureO
query_8_97.graph,5,0.1,42,17.065136072363206,16.285132616487456,0.045707426683749504,37,4,41,Exact_structureO
