query_basename,T_hat_double_truncation,total_instances,accepted_instances,budget_limit_B,budget_used,total_oracle_calls
46.graph,nan,1,1,500,0,0
query_3_103.graph,9421.8616,11020,8291,1102,1102,1102
query_3_101.graph,895.0564,8425,900,766,766,766
query_3_106.graph,714.9131,9024,713,768,768,768
query_3_100.graph,874.0716,8736,888,772,772,772
query_3_109.graph,936.862,8462,945,816,816,816
query_3_108.graph,9740.1596,11141,8450,1114,1114,1114
query_3_111.graph,920.6332,8423,899,784,784,784
query_3_105.graph,9669.062,11162,8478,1116,1116,1116
query_3_10.graph,961.9447,8498,962,819,819,819
query_3_0.graph,713.5564,9029,711,769,769,769
query_3_1.graph,904.3322,8426,900,776,776,776
query_3_114.graph,9489.9263,10913,8260,1091,1091,1091
query_3_110.graph,933.4953,8496,933,812,812,812
query_3_107.graph,853.1076,8088,840,734,734,734
query_3_117.graph,701.5045,9024,713,767,767,767
query_3_112.graph,948.5335,8407,927,802,802,802
query_3_11.graph,871.5568,8224,866,724,724,724
query_3_104.graph,704.9466,8990,703,776,776,776
query_3_118.graph,940.923,8318,933,801,801,801
query_3_113.graph,909.5323,8428,901,772,772,772
query_3_122.graph,816.5412,8620,818,778,778,778
query_3_116.graph,674.1796,8977,676,741,741,741
query_3_125.graph,9442.0445,10962,8293,1096,1096,1096
query_3_127.graph,9541.2675,11128,8360,1112,1112,1112
query_3_123.graph,9576.4831,11134,8371,1113,1113,1113
query_3_115.graph,706.2976,8991,705,764,764,764
query_3_129.graph,942.4231,8491,943,807,807,807
query_3_130.graph,829.1996,8627,819,777,777,777
query_3_119.graph,941.2392,8456,944,807,807,807
query_3_12.graph,900.5379,8426,900,775,775,775
query_3_102.graph,707.5301,9022,714,761,761,761
query_3_121.graph,972.8668,8505,964,820,820,820
query_3_131.graph,886.8976,8738,889,777,777,777
query_3_132.graph,672.2318,8978,677,747,747,747
query_3_124.graph,851.531,8224,856,736,736,736
query_3_133.graph,820.151,8568,819,776,776,776
query_3_134.graph,876.8276,8369,877,762,762,762
query_3_136.graph,884.6795,8125,862,734,734,734
query_3_13.graph,714.1595,9031,713,766,766,766
query_3_137.graph,863.6428,8664,862,774,774,774
query_3_128.graph,9714.8054,11210,8466,1121,1121,1121
query_3_142.graph,9678.3724,11149,8466,1114,1114,1114
query_3_141.graph,939.1179,8319,933,793,793,793
query_3_144.graph,7471.9899,6084,3704,1174,1174,1174
query_3_143.graph,9470.5338,11042,8272,1104,1104,1104
query_3_146.graph,872.2208,8371,876,760,760,760
query_3_145.graph,939.686,8460,946,811,811,811
query_3_149.graph,951.4936,8494,945,800,800,800
query_3_18.graph,7645.2065,6317,3744,1217,1217,1217
query_3_15.graph,9420.6966,11030,8263,1103,1103,1103
query_3_148.graph,9652.3456,11125,8442,1112,1112,1112
query_3_147.graph,644.2213,8884,671,746,746,746
query_3_120.graph,829.4412,8570,823,774,774,774
query_3_19.graph,9458.0911,7727,820,669,669,669
query_3_17.graph,876.6525,8668,863,778,778,778
query_3_2.graph,941.0144,8632,935,788,788,788
query_3_20.graph,9493.2224,11124,8348,1112,1112,1112
query_3_16.graph,942.7924,8463,946,812,812,812
query_3_138.graph,9465.3296,10909,8249,1090,1090,1090
query_3_26.graph,7539.7122,6323,3752,1220,1220,1220
query_3_27.graph,7575.5489,6322,3743,1218,1218,1218
query_3_22.graph,706.626,9025,712,757,757,757
query_3_23.graph,9530.2524,11136,8355,1113,1113,1113
query_3_139.graph,921.7459,8404,928,803,803,803
query_3_32.graph,7522.8009,6317,3751,1214,1214,1214
query_3_126.graph,835.3848,8626,819,783,783,783
query_3_25.graph,823.3003,8620,815,773,773,773
query_3_135.graph,9422.2757,10940,8261,1094,1094,1094
query_3_140.graph,877.4887,8427,900,786,786,786
query_3_29.graph,670.3103,8884,671,752,752,752
query_3_31.graph,897.6171,8559,900,782,782,782
query_3_30.graph,679.7217,8971,681,752,752,752
query_3_33.graph,984.9213,8502,972,813,813,813
query_3_3.graph,979.2484,8503,964,821,821,821
query_3_14.graph,947.5932,8463,947,822,822,822
query_3_21.graph,862.7325,8648,856,785,785,785
query_3_34.graph,7462.001,6326,3750,1219,1219,1219
query_3_28.graph,676.2758,8978,679,760,760,760
query_3_36.graph,821.1449,8627,819,776,776,776
query_3_40.graph,948.7228,8457,947,815,815,815
query_3_41.graph,841.2295,8650,842,780,780,780
query_3_42.graph,9350.757,11005,8251,1100,1100,1100
query_3_43.graph,920.599,8499,933,810,810,810
query_3_38.graph,847.7908,8371,873,765,765,765
query_3_44.graph,938.4196,8629,936,789,789,789
query_3_24.graph,9418.7399,10941,8266,1094,1094,1094
query_3_5.graph,9550.9892,11122,8339,1112,1112,1112
query_3_50.graph,866.2,8231,869,746,746,746
query_3_52.graph,9440.3976,10993,8280,1099,1099,1099
query_3_51.graph,917.4028,8428,901,765,765,765
query_3_39.graph,818.8452,8620,818,778,778,778
query_3_48.graph,706.7754,9028,714,765,765,765
query_3_49.graph,872.5175,8234,869,754,754,754
query_3_56.graph,9371.3747,11016,8299,1101,1101,1101
query_3_57.graph,9437.672,11030,8296,1103,1103,1103
query_3_35.graph,9401.0244,10991,8294,1099,1099,1099
query_3_58.graph,953.3976,8633,934,796,796,796
query_3_47.graph,939.5448,8462,945,821,821,821
query_3_59.graph,9530.2963,11137,8379,1113,1113,1113
query_3_37.graph,853.2435,8126,862,731,731,731
query_3_55.graph,735.0636,8991,737,764,764,764
query_3_46.graph,718.5303,9027,712,767,767,767
query_3_4.graph,906.7532,8556,900,778,778,778
query_3_45.graph,699.9976,9019,712,770,770,770
query_3_60.graph,7743.5689,6366,3794,1229,1229,1229
query_3_68.graph,7435.9624,6205,3682,1192,1192,1192
query_3_62.graph,812.8618,8567,820,780,780,780
query_3_63.graph,886.2486,8234,870,749,749,749
query_3_64.graph,9452.0592,11085,8256,1108,1108,1108
query_3_53.graph,836.8212,8620,819,771,771,771
query_3_65.graph,886.2015,8427,900,772,772,772
query_3_67.graph,9333.723,11017,8266,1101,1101,1101
query_3_66.graph,858.257,8126,841,747,747,747
query_3_54.graph,880.3421,8237,870,748,748,748
query_3_6.graph,880.0261,8661,890,791,791,791
query_3_70.graph,9328.3236,11016,8266,1101,1101,1101
query_3_61.graph,871.9674,8235,862,760,760,760
query_3_72.graph,7552.8853,6209,3746,1195,1195,1195
query_3_7.graph,705.4209,9021,713,761,761,761
query_3_75.graph,9393.1436,10998,8238,1099,1099,1099
query_3_74.graph,701.0521,9027,714,763,763,763
query_3_76.graph,9641.1308,11158,8459,1115,1115,1115
query_3_71.graph,9444.736,10958,8298,1095,1095,1095
query_3_69.graph,701.4951,8994,704,763,763,763
query_3_78.graph,925.5592,8498,933,814,814,814
query_3_73.graph,879.014,8659,893,794,794,794
query_3_77.graph,9432.6957,11101,8333,1110,1110,1110
query_3_79.graph,852.1633,8089,839,748,748,748
query_3_83.graph,7369.9083,6199,3675,1189,1189,1189
query_3_84.graph,9410.8407,11011,8290,1101,1101,1101
query_3_82.graph,922.2912,8634,936,792,792,792
query_3_80.graph,710.7995,8995,701,761,761,761
query_3_87.graph,10073.1205,7764,829,657,657,657
query_3_85.graph,976.1262,8501,964,819,819,819
query_3_86.graph,669.1257,8880,671,758,758,758
query_3_88.graph,852.919,8650,856,789,789,789
query_3_90.graph,881.0227,8222,858,733,733,733
query_3_91.graph,9551.2008,11137,8355,1113,1113,1113
query_3_89.graph,868.2611,8228,869,749,749,749
query_3_95.graph,7378.0143,6088,3706,1168,1168,1168
query_4_0.graph,186.2416,2436,184,383,383,383
query_3_8.graph,870.1461,8670,862,777,777,777
query_4_100.graph,187.5348,2328,187,349,349,349
query_4_101.graph,155.2385,2578,152,362,362,362
query_4_102.graph,217.7225,2511,218,282,282,282
query_4_103.graph,235.6087,2476,234,280,280,280
query_3_9.graph,715.5158,9027,714,766,766,766
query_3_93.graph,911.7794,8424,899,772,772,772
query_3_94.graph,936.7563,8495,946,808,808,808
query_3_92.graph,714.1599,9035,713,761,761,761
query_4_105.graph,262.185,2127,242,260,260,260
query_3_98.graph,845.4183,8091,840,746,746,746
query_4_109.graph,239.5524,2194,213,257,257,257
query_4_106.graph,255.5182,2439,254,284,284,284
query_4_108.graph,290.086,2553,287,301,301,301
query_4_107.graph,204.2258,2372,201,367,367,367
query_3_96.graph,812.1476,8568,819,777,777,777
query_3_99.graph,831.5635,8127,842,751,751,751
query_3_97.graph,939.699,8412,928,816,816,816
query_4_1.graph,10290.9732,8098,901,713,713,713
query_4_11.graph,208.1475,2486,207,366,366,366
query_4_110.graph,261.1715,2419,254,293,293,293
query_4_10.graph,12389.9073,8340,836,710,710,710
query_4_113.graph,253.4017,2455,253,294,294,294
query_4_114.graph,233.4232,2206,223,277,277,277
query_4_116.graph,203.0098,2360,178,263,263,263
query_4_117.graph,202.3684,2278,191,261,261,261
query_4_119.graph,239.2098,2525,234,275,275,275
query_4_104.graph,10361.8373,8102,931,734,734,734
query_4_123.graph,264.753,2172,233,256,256,256
query_4_125.graph,160.9711,2432,160,355,355,355
query_4_122.graph,257.6203,2192,226,259,259,259
query_4_129.graph,157.5198,2328,145,246,246,246
query_4_111.graph,10108.0489,8007,881,731,731,731
query_4_127.graph,156.2656,2588,151,272,272,272
query_4_112.graph,12006.4445,8176,857,712,712,712
query_4_130.graph,244.5909,2523,250,296,296,296
query_4_115.graph,10263.5647,8174,780,687,687,687
query_4_120.graph,9311.5553,8136,773,684,684,684
query_4_124.graph,9361.5502,8202,757,687,687,687
query_4_12.graph,9661.2488,8128,756,679,679,679
query_4_126.graph,10530.9482,8055,927,742,742,742
query_4_121.graph,11784.662,8143,844,701,701,701
query_4_137.graph,198.1306,2372,202,357,357,357
query_4_13.graph,11728.856,8041,845,699,699,699
query_4_138.graph,188.694,2473,190,385,385,385
query_4_134.graph,205.2297,2664,199,281,281,281
query_4_140.graph,214.6242,2458,208,276,276,276
query_4_14.graph,247.5238,2467,248,283,283,283
query_4_141.graph,200.7059,2589,204,385,385,385
query_4_132.graph,9752.1639,7735,805,655,655,655
query_4_143.graph,153.4961,2696,155,378,378,378
query_4_133.graph,10236.2464,7946,852,693,693,693
query_4_131.graph,82951.3879,6598,448,428,428,428
query_4_145.graph,156.8243,2696,159,370,370,370
query_4_146.graph,160.2386,2635,155,365,365,365
query_4_136.graph,8880.9573,8138,764,671,671,671
query_4_135.graph,6534.2192,8391,617,628,628,628
query_4_16.graph,181.9184,2215,172,249,249,249
query_4_17.graph,272.3062,2265,243,268,268,268
query_4_15.graph,196.072,2615,195,394,394,394
query_3_81.graph,5055.4396,36621,1500,1168,1168,1168
query_4_21.graph,266.5058,2119,223,244,244,244
query_4_142.graph,12890.9503,8078,825,696,696,696
query_4_144.graph,10036.7611,8050,897,727,727,727
query_4_147.graph,10106.8998,8217,788,696,696,696
query_4_24.graph,253.9256,2180,220,261,261,261
query_4_148.graph,10042.5498,7763,822,671,671,671
query_4_25.graph,208.8495,2266,199,273,273,273
query_4_149.graph,10689.7677,8029,896,737,737,737
query_4_23.graph,199.897,2325,184,256,256,256
query_4_27.graph,173.7267,2489,170,372,372,372
query_4_18.graph,9704.9801,8223,782,686,686,686
query_4_20.graph,9546.502,8140,752,687,687,687
query_4_28.graph,241.7829,2548,242,294,294,294
query_4_3.graph,280.605,2188,262,269,269,269
query_4_31.graph,211.0921,2439,208,381,381,381
query_4_34.graph,263.172,2401,264,275,275,275
query_4_35.graph,268.6722,2160,247,267,267,267
query_4_22.graph,10127.289,8020,883,724,724,724
query_4_37.graph,224.1508,2335,226,267,267,267
query_4_38.graph,284.2464,2564,279,293,293,293
query_4_39.graph,209.076,2589,209,406,406,406
query_4_42.graph,241.57,2259,217,258,258,258
query_4_29.graph,9487.0864,8274,784,680,680,680
query_4_26.graph,10431.3711,8127,917,729,729,729
query_4_45.graph,264.0156,2111,232,253,253,253
query_4_32.graph,10927.0796,8008,842,695,695,695
query_4_33.graph,7370.6116,8509,664,657,657,657
query_4_47.graph,208.822,2370,213,275,275,275
query_4_48.graph,275.8273,2265,242,272,272,272
query_4_43.graph,9714.6543,7901,832,665,665,665
query_4_5.graph,187.3725,2215,172,249,249,249
query_4_44.graph,91810.5378,6882,486,462,462,462
query_4_41.graph,10558.0884,7912,896,716,716,716
query_4_50.graph,264.2951,2266,230,264,264,264
query_4_53.graph,251.1101,2255,229,272,272,272
query_4_52.graph,243.4454,2315,245,267,267,267
query_4_55.graph,263.7602,2127,243,269,269,269
query_4_118.graph,70506.492,34151,1143,860,860,860
query_4_54.graph,269.7485,2523,268,306,306,306
query_4_128.graph,8582.289,35290,2733,1328,1328,1328
query_4_57.graph,227.75,2437,230,277,277,277
query_4_58.graph,211.3104,2589,208,410,410,410
query_4_139.graph,5933.012,37117,1715,1195,1195,1195
query_4_60.graph,216.2333,2554,214,292,292,292
query_4_51.graph,9416.4078,8151,763,685,685,685
query_4_62.graph,181.0983,2590,180,282,282,282
query_4_19.graph,6464.94,35497,2027,1262,1262,1262
query_4_64.graph,271.1091,2233,241,271,271,271
query_4_56.graph,10226.4788,7856,816,670,670,670
query_4_65.graph,253.0644,2501,249,291,291,291
query_4_66.graph,220.98,2499,223,403,403,403
query_4_67.graph,179.0694,2436,184,370,370,370
query_4_69.graph,249.7848,2493,255,297,297,297
query_4_7.graph,240.9732,2441,238,286,286,286
query_4_70.graph,208.7966,2278,191,254,254,254
query_4_71.graph,191.7757,2313,172,259,259,259
query_4_6.graph,7227.8125,8475,673,657,657,657
query_4_63.graph,10716.3463,8101,893,712,712,712
query_4_72.graph,3616.2279,1791,1346,179,179,179
query_4_2.graph,7953.204,34463,2587,1282,1282,1282
query_4_74.graph,188.9108,2530,189,276,276,276
query_4_75.graph,241.873,2414,237,288,288,288
query_4_78.graph,258.5403,2176,221,263,263,263
query_4_8.graph,3149.148,1059,826,105,105,105
query_4_76.graph,213.0032,2302,200,263,263,263
query_4_77.graph,170.6489,2443,172,375,375,375
query_4_79.graph,232.1623,2476,234,279,279,279
query_4_81.graph,2962.1365,1162,783,200,200,200
query_4_80.graph,262.9317,2192,232,249,249,249
query_4_82.graph,250.4286,2466,252,278,278,278
query_4_86.graph,280.5002,2250,259,281,281,281
query_4_83.graph,243.1066,2548,242,292,292,292
query_4_87.graph,258.2716,2259,235,274,274,274
query_4_88.graph,282.5875,2182,262,270,270,270
query_4_89.graph,209.6322,2439,208,377,377,377
query_4_36.graph,234061.6593,32043,3300,934,934,934
query_4_9.graph,192.0105,2473,190,395,395,395
query_4_92.graph,228.4812,2335,226,263,263,263
query_4_94.graph,3350.7746,1732,1325,173,173,173
query_4_30.graph,5886.4353,37079,1770,1176,1176,1176
query_4_95.graph,235.08,2396,240,266,266,266
query_4_84.graph,10395.738,8130,925,737,737,737
query_4_96.graph,238.5786,2338,214,264,264,264
query_4_90.graph,7249.545,8522,665,652,652,652
query_4_97.graph,250.8676,2157,226,258,258,258
query_5_0.graph,38.5002,540,38,70,70,70
query_4_46.graph,8632.983,34967,2741,1458,1458,1458
query_5_101.graph,50.1532,498,49,67,67,67
query_4_91.graph,11565.0278,8031,841,688,688,688
query_5_1.graph,2686.1407,2309,225,250,250,250
query_4_99.graph,224.9932,2499,223,409,409,409
query_4_40.graph,6187.0403,37085,1806,1187,1187,1187
query_5_10.graph,3868.5977,2218,235,247,247,247
query_5_106.graph,36.6533,487,35,64,64,64
query_4_4.graph,5967.1965,36983,1760,1208,1208,1208
query_5_108.graph,47.4716,488,49,65,65,65
query_5_104.graph,3058.2449,2155,236,243,243,243
query_5_11.graph,21.7693,464,22,71,71,71
query_5_103.graph,3042.988,2241,240,247,247,247
query_5_110.graph,62.1427,544,36,77,77,77
query_5_111.graph,29.5854,443,29,76,76,76
query_5_113.graph,5.133,499,5,71,71,71
query_5_109.graph,2761.5016,2196,210,239,239,239
query_5_116.graph,54.9524,483,37,52,52,52
query_4_98.graph,11341.5467,8297,833,711,711,711
query_5_102.graph,3515776.7144,5188,505,423,423,423
query_5_117.graph,50.976,466,29,58,58,58
query_5_12.graph,64.0637,449,62,65,65,65
query_5_100.graph,90767.2597,6870,488,461,461,461
query_5_120.graph,26.219,426,23,55,55,55
query_5_105.graph,155976.057,6506,568,505,505,505
query_4_49.graph,10387.0229,36099,3182,1276,1276,1276
query_5_123.graph,51.7645,500,52,71,71,71
query_5_124.graph,170.1874,487,63,59,59,59
query_5_107.graph,157197.3599,6667,706,547,547,547
query_5_125.graph,26.5528,489,24,42,42,42
query_5_126.graph,54.5022,474,55,65,65,65
query_5_121.graph,3139.3943,2145,251,255,255,255
query_5_122.graph,3993.3809,2468,284,268,268,268
query_5_129.graph,40.9726,515,40,67,67,67
query_5_112.graph,172549.6681,6481,702,532,532,532
query_5_114.graph,3048.4213,6972,733,590,590,590
query_5_133.graph,54.4756,510,39,58,58,58
query_5_127.graph,2136.0755,2659,201,252,252,252
query_4_61.graph,7203.574,35915,2215,1279,1279,1279
query_5_135.graph,60.9076,534,47,64,64,64
query_4_59.graph,10399.6636,36145,3216,1267,1267,1267
query_5_128.graph,2863.2157,6857,715,576,576,576
query_4_68.graph,8168.45,34221,2676,1316,1316,1316
query_5_13.graph,155965.628,6631,700,513,513,513
query_5_14.graph,10874.5,414,340,41,41,41
query_5_141.graph,6.1709,543,6,74,74,74
query_5_132.graph,100734.8262,6958,500,473,473,473
query_5_134.graph,100190.3481,6893,495,470,470,470
query_5_137.graph,3788.8594,7108,731,625,625,625
query_5_138.graph,2637.8282,7364,655,598,598,598
query_4_73.graph,7061.6882,34242,2293,1239,1239,1239
query_5_146.graph,106.313,493,38,68,68,68
query_5_142.graph,263726.4213,6632,679,529,529,529
query_5_115.graph,1605.9343,21111,1151,934,934,934
query_4_85.graph,6221.9573,36873,1847,1230,1230,1230
query_5_15.graph,97.8779,398,48,58,58,58
query_5_16.graph,58.3862,362,31,47,47,47
query_5_17.graph,117.5862,380,43,54,54,54
query_5_144.graph,147386.516,6555,544,506,506,506
query_5_18.graph,166.1398,383,83,46,46,46
query_5_2.graph,47.9881,489,48,63,63,63
query_5_145.graph,151064.3618,6836,715,570,570,570
query_4_93.graph,8332.1572,34203,2683,1320,1320,1320
query_5_22.graph,10.4103,486,10,71,71,71
query_5_147.graph,2987.2896,7135,746,604,604,604
query_5_25.graph,81.8315,496,33,67,67,67
query_5_131.graph,1904.9424,21521,1336,964,964,964
query_5_149.graph,98676.6081,6672,486,450,450,450
query_5_27.graph,118.4341,380,43,53,53,53
query_5_28.graph,36.0946,500,36,67,67,67
query_5_26.graph,3701.1939,2421,254,269,269,269
query_5_30.graph,47.6653,491,47,69,69,69
query_5_19.graph,228601.8861,6670,681,543,543,543
query_5_20.graph,2739.0119,6839,716,579,579,579
query_5_33.graph,55.607,508,54,69,69,69
query_5_34.graph,55.532,448,55,64,64,64
query_5_23.graph,173913.9202,6800,733,566,566,566
query_5_24.graph,166671.5856,6846,727,580,580,580
query_5_36.graph,47.3354,511,47,73,73,73
query_5_37.graph,51.4638,475,52,64,64,64
query_5_119.graph,119805.6165,32681,2134,1079,1079,1079
query_5_118.graph,85598.1927,34680,1339,899,899,899
query_5_31.graph,93788.9101,6677,497,439,439,439
query_5_32.graph,264893.6659,6866,673,559,559,559
query_5_130.graph,117733.035,32944,1932,980,980,980
query_5_35.graph,166422.6036,6911,613,532,532,532
query_5_136.graph,113382.0586,31157,2001,1001,1001,1001
query_5_38.graph,2401.2515,7269,637,593,593,593
query_5_44.graph,3246.078,2138,220,245,245,245
query_5_4.graph,3746.2519,7079,691,599,599,599
query_5_41.graph,1588349.9408,5209,337,300,300,300
query_5_49.graph,94.433,508,53,62,62,62
query_5_40.graph,140095.1937,6366,655,489,489,489
query_5_46.graph,2813.6986,2085,206,230,230,230
query_5_5.graph,55.1515,425,54,56,56,56
query_5_50.graph,47.7858,483,48,63,63,63
query_5_52.graph,50.7617,486,51,65,65,65
query_5_143.graph,3107.3829,27290,2633,1280,1280,1280
query_5_139.graph,118118.9786,33443,1881,999,999,999
query_5_148.graph,2277.9108,28053,1935,1293,1293,1293
query_5_56.graph,38.2083,478,38,82,82,82
query_5_43.graph,101067.7641,7004,521,481,481,481
query_5_54.graph,2776.4984,2539,215,381,381,381
query_5_140.graph,79758.4508,34598,1313,897,897,897
query_5_6.graph,56.4265,492,55,69,69,69
query_5_45.graph,183644.1499,6839,606,532,532,532
query_5_62.graph,55.461,484,30,46,46,46
query_5_47.graph,2935.9249,7398,699,617,617,617
query_5_48.graph,176192.7255,6874,619,536,536,536
query_5_61.graph,2587.746,2194,211,233,233,233
query_5_51.graph,164172.9654,6621,556,505,505,505
query_5_67.graph,64.7613,499,64,67,67,67
query_5_53.graph,3111.2047,7132,730,614,614,614
query_5_68.graph,47.9629,498,47,67,67,67
query_5_39.graph,2367.6812,20012,1544,952,952,952
query_5_55.graph,2431.7142,7110,652,587,587,587
query_5_59.graph,172054.5593,6565,583,511,511,511
query_5_57.graph,295492.5797,6858,688,561,561,561
query_5_70.graph,48.0885,504,45,71,71,71
query_5_58.graph,165595.7661,6886,721,581,581,581
query_5_7.graph,2859.4894,2143,232,238,238,238
query_5_72.graph,47.355,496,32,64,64,64
query_5_77.graph,2.9773,20,2,21,21,21
query_5_75.graph,63.2349,500,40,56,56,56
query_5_69.graph,3643.3332,2530,284,282,282,282
query_5_8.graph,92.9151,206,17,26,26,26
query_5_78.graph,41.6337,473,42,64,64,64
query_5_60.graph,169531.1217,6920,736,584,584,584
query_5_82.graph,2.987,22,3,22,22,22
query_5_80.graph,88.1965,348,41,48,48,48
query_5_81.graph,107.323,375,39,50,50,50
query_5_83.graph,39.0807,355,19,39,39,39
query_5_21.graph,185083.3825,32013,2534,968,968,968
query_5_63.graph,258234.5593,6333,653,530,530,530
query_5_88.graph,49.7362,524,50,73,73,73
query_5_65.graph,254436.8188,6450,610,535,535,535
query_5_29.graph,1239614.3325,29305,847,616,616,616
query_5_89.graph,8.1508,447,8,64,64,64
query_5_64.graph,217131.2948,6658,659,535,535,535
query_5_9.graph,39.77,479,41,63,63,63
query_5_92.graph,47.6521,450,48,58,58,58
query_5_66.graph,91810.5373,6936,486,461,461,461
query_5_94.graph,50.7634,475,31,52,52,52
query_5_95.graph,37.2552,504,37,63,63,63
query_5_90.graph,3063.5103,2243,226,247,247,247
query_5_98.graph,44.4169,513,23,53,53,53
query_5_93.graph,2630.1745,2292,218,253,253,253
query_5_3.graph,128933.0162,32244,2191,1126,1126,1126
query_5_74.graph,148579.2134,6363,672,522,522,522
query_5_96.graph,1927.9625,2587,186,245,245,245
query_5_79.graph,161671.0131,6452,676,505,505,505
query_5_76.graph,94380.3345,6864,475,442,442,442
query_6_101.graph,102.2137,234,11,22,22,22
query_6_0.graph,51935.4898,2081,191,217,217,217
query_5_87.graph,161422.7695,6314,661,487,487,487
query_5_84.graph,271981.2228,6668,645,544,544,544
query_5_85.graph,163224.0769,6489,671,519,519,519
query_6_1.graph,26761.6749,2173,154,189,189,189
query_5_86.graph,156127.3184,6793,604,545,545,545
query_6_107.graph,604.9752,526,43,55,55,55
query_6_109.graph,602.5956,503,49,67,67,67
query_6_11.graph,615.2732,490,48,64,64,64
query_6_111.graph,5.0367,172,5,21,21,21
query_6_110.graph,409.5279,480,42,63,63,63
query_5_91.graph,154362.9904,6858,728,584,584,584
query_6_113.graph,714.5546,455,52,62,62,62
query_6_115.graph,105.5583,444,8,64,64,64
query_6_100.graph,1557041.9287,5295,344,316,316,316
query_6_105.graph,2986044.8041,4687,468,349,349,349
query_5_99.graph,2446.437,7335,640,589,589,589
query_6_103.graph,445.6379,5654,449,450,450,450
query_6_102.graph,47130.9024,6075,619,489,489,489
query_6_12.graph,31.5084,171,7,12,12,12
query_6_104.graph,29948.5532,6226,449,406,406,406
query_5_42.graph,134206.9049,31371,2420,1040,1040,1040
query_6_106.graph,40479.2534,6415,538,488,488,488
query_6_114.graph,3336858.9405,5283,499,418,418,418
query_6_124.graph,45005.2331,2024,220,223,223,223
query_6_126.graph,537.738,465,43,65,65,65
query_6_120.graph,3254625.89,4917,487,358,358,358
query_6_117.graph,32477.4926,6467,436,426,426,426
query_6_119.graph,3750616.4232,5368,440,390,390,390
query_6_13.graph,0.0,5,0,6,6,6
query_6_130.graph,629.506,492,49,67,67,67
query_6_121.graph,44342.0794,5900,556,455,455,455
query_6_127.graph,47318.9518,2407,233,231,231,231
query_6_132.graph,330.4154,460,27,52,52,52
query_6_122.graph,51639.4495,6101,624,509,509,509
query_6_133.graph,611.901,518,51,69,69,69
query_6_128.graph,7907462.1923,5219,520,415,415,415
query_6_134.graph,3738835.7151,4942,392,373,373,373
query_6_138.graph,710.5014,468,58,66,66,66
query_6_136.graph,34247.8732,6063,509,451,451,451
query_5_71.graph,2235.3173,27126,1934,1316,1316,1316
query_6_140.graph,510.1255,462,36,46,46,46
query_6_141.graph,387.2189,565,42,68,68,68
query_6_116.graph,43482.8349,19400,1398,734,734,734
query_5_97.graph,2659663.9947,28206,1588,705,705,705
query_6_139.graph,1771689.4251,5180,329,301,301,301
query_5_73.graph,69092.7039,33873,1116,862,862,862
query_6_145.graph,475.05,559,44,68,68,68
query_6_10.graph,2505206.5051,29277,1547,716,716,716
query_6_112.graph,2804445.1016,27599,1866,792,792,792
query_6_118.graph,36471.1969,25043,1400,929,929,929
query_6_147.graph,46597.2408,6058,598,505,505,505
query_6_16.graph,84118.6269,2371,217,235,235,235
query_6_125.graph,2491382.3625,27125,1772,805,805,805
query_6_15.graph,3887211.102,5306,450,382,382,382
query_6_149.graph,69.193,6806,70,274,274,274
query_6_123.graph,1300340.4454,30300,885,621,621,621
query_6_131.graph,9731204.8007,26298,3069,618,618,618
query_6_19.graph,3389497.3843,5033,526,380,380,380
query_6_20.graph,1641658.1732,5241,340,317,317,317
query_6_137.graph,30761.2075,25114,1261,932,932,932
query_6_135.graph,2471849.7493,29177,1842,840,840,840
query_6_129.graph,28377.5766,31660,1490,907,907,907
query_6_22.graph,70876.5167,6320,617,511,511,511
query_6_23.graph,3476395.9476,5235,418,376,376,376
query_6_28.graph,137.9018,492,12,75,75,75
query_6_25.graph,1592952.9995,5174,323,306,306,306
query_6_30.graph,521.1874,468,38,61,61,61
query_6_27.graph,3312778.7854,5394,502,416,416,416
query_6_14.graph,2850220.7185,29024,1649,696,696,696
query_6_142.graph,2818511.3344,28938,1676,701,701,701
query_6_3.graph,2969554.232,4939,494,374,374,374
query_6_35.graph,512.7865,478,46,64,64,64
query_6_148.graph,2525231.8296,27469,1495,666,666,666
query_6_31.graph,1626814.1548,4793,270,275,275,275
query_6_144.graph,35169.3569,30594,1947,968,968,968
query_6_33.graph,3492419.5144,4918,443,390,390,390
query_6_108.graph,39871.9983,52094,3266,1180,1180,1180
query_6_4.graph,793.347,456,65,68,68,68
query_6_40.graph,341.1614,551,34,84,84,84
query_6_41.graph,441.3418,457,36,70,70,70
query_6_42.graph,715.4477,534,60,71,71,71
query_6_44.graph,614.0778,226,36,28,28,28
query_6_21.graph,32093.592,19974,1098,757,757,757
query_6_37.graph,599.488,3997,339,316,316,316
query_6_2.graph,24350.5661,22123,1018,1007,1007,1007
query_6_39.graph,896.9121,3903,407,342,342,342
query_6_18.graph,5597867.514,24995,2334,681,681,681
query_6_5.graph,597.7118,472,53,64,64,64
query_6_50.graph,764.8463,492,57,66,66,66
query_6_38.graph,96026.0522,6112,613,508,508,508
query_6_43.graph,3088569.498,4931,489,361,361,361
query_6_52.graph,767.7157,474,55,66,66,66
query_6_46.graph,46811.7728,5930,554,458,458,458
query_6_54.graph,43237.0238,1967,203,200,200,200
query_6_49.graph,3737769.1397,4711,474,349,349,349
query_6_17.graph,17567.5393,32539,1013,822,822,822
query_6_55.graph,376.8197,486,28,83,83,83
query_6_48.graph,3455496.7335,5443,526,432,432,432
query_6_57.graph,59.06,233,10,21,21,21
query_6_47.graph,104.9508,6002,105,284,284,284
query_6_59.graph,225.9327,476,18,70,70,70
query_6_61.graph,447.1034,470,30,82,82,82
query_6_62.graph,455.8823,465,46,84,84,84
query_6_53.graph,3927709.7432,4643,470,351,351,351
query_6_65.graph,63.668,480,7,67,67,67
query_6_51.graph,727.418,6508,730,485,485,485
query_6_66.graph,51701.76,2201,247,208,208,208
query_6_56.graph,3356059.1089,5439,533,423,423,423
query_6_69.graph,10.0512,139,10,15,15,15
query_6_7.graph,43.6617,97,16,85,85,85
query_6_58.graph,44830.177,5959,582,466,466,466
query_6_26.graph,2335336.1612,28751,1673,803,803,803
query_6_72.graph,68.1724,23,5,24,24,24
query_6_64.graph,3524736.2488,5218,433,378,378,378
query_6_73.graph,431.4881,342,30,40,40,40
query_6_67.graph,525.7801,3708,313,298,298,298
query_6_76.graph,293.1005,197,17,19,19,19
query_6_75.graph,363.3465,490,40,61,61,61
query_6_32.graph,22242.8751,21307,870,706,706,706
query_6_143.graph,4137842.6683,48339,3882,721,721,721
query_6_68.graph,39749.576,6092,575,478,478,478
query_6_70.graph,87444.7217,6015,595,504,504,504
query_6_79.graph,476.8444,3720,342,292,292,292
query_6_74.graph,339.4658,5521,334,377,377,377
query_6_77.graph,7535931.5174,5099,501,410,410,410
query_6_71.graph,44497.3437,6093,529,453,453,453
query_6_34.graph,2391125.7702,26022,1706,771,771,771
query_6_78.graph,7949625.5457,5240,523,410,410,410
query_6_8.graph,4257734.2351,5457,454,399,399,399
query_6_82.graph,33984.9833,1963,189,212,212,212
query_6_83.graph,51227.8689,2116,197,213,213,213
query_6_85.graph,35818.9861,2076,200,215,215,215
query_6_9.graph,35.5739,229,13,25,25,25
query_6_91.graph,273.8412,464,22,68,68,68
query_6_92.graph,948.6136,348,42,42,42,42
query_6_80.graph,3959911.4396,5393,458,399,399,399
query_6_87.graph,3408918.478,5324,529,419,419,419
query_6_45.graph,44862.1335,24512,1916,921,921,921
query_6_86.graph,79242.0932,6161,638,511,511,511
query_6_89.graph,3458195.4611,4950,498,371,371,371
query_6_97.graph,39.8293,99,7,88,88,88
query_6_99.graph,9.0097,154,9,17,17,17
query_6_84.graph,469.0196,6589,475,542,542,542
query_6_90.graph,3262694.528,5272,481,410,410,410
query_7_1.graph,15832.1074,448,47,62,62,62
query_7_10.graph,8127.0108,443,45,54,54,54
query_7_101.graph,14.0015,53,1,51,51,51
query_7_100.graph,974279.2122,1671,184,159,159,159
query_7_103.graph,3.8813,64,3,29,29,29
query_6_94.graph,506.3763,5613,508,429,429,429
query_7_102.graph,752890.5716,1939,169,180,180,180
query_7_105.graph,11402.2178,509,49,57,57,57
query_7_109.graph,11465.174,476,42,65,65,65
query_7_106.graph,520733.6236,1724,126,141,141,141
query_6_98.graph,1683438.0568,5398,359,330,330,330
query_6_96.graph,60615.4633,5978,638,480,480,480
query_7_112.graph,0.0,86,0,38,38,38
query_6_63.graph,21221.8402,25924,897,807,807,807
query_6_24.graph,2093592.085,48291,2237,793,793,793
query_7_115.graph,0.0,14,0,14,14,14
query_7_0.graph,1039.581,5470,71,216,216,216
query_7_113.graph,4134.4947,487,33,48,48,48
query_7_108.graph,52345.3199,2568,280,221,221,221
query_6_29.graph,26275.436,43848,2035,960,960,960
query_7_120.graph,1696.8974,206,56,24,24,24
query_7_12.graph,657372.1131,1979,168,193,193,193
query_7_121.graph,1066496.968,1891,146,174,174,174
query_7_124.graph,2573627.2331,1871,159,181,181,181
query_7_11.graph,5967.9223,6305,241,168,168,168
query_7_111.graph,1018.5266,6810,66,180,180,180
query_7_117.graph,146.1271,6993,8,190,190,190
query_7_128.graph,3582.572,461,30,51,51,51
query_7_13.graph,0.0,50,0,29,29,29
query_7_127.graph,1976195.2998,1935,153,177,177,177
query_7_132.graph,9.0744,28,9,39,39,39
query_7_123.graph,5662.655,5888,315,337,337,337
query_7_131.graph,682706.2756,1894,154,253,253,253
query_7_137.graph,4381.1673,517,29,72,72,72
query_7_125.graph,6928.4562,6499,345,365,365,365
query_7_136.graph,6193.4797,3666,294,267,267,267
query_6_81.graph,2663611.1446,28388,1555,671,671,671
query_7_126.graph,12881.524,7093,673,544,544,544
query_7_143.graph,17433.1908,441,53,56,56,56
query_7_145.graph,1.9797,2,1,4,4,4
query_7_14.graph,787652.0668,1755,186,177,177,177
query_7_144.graph,7641.1142,438,50,56,56,56
query_7_146.graph,12485.0014,448,50,62,62,62
query_7_133.graph,719926.3495,5045,461,378,378,378
query_7_19.graph,0.9819,32,1,23,23,23
query_7_17.graph,19463.9506,466,61,63,63,63
query_6_88.graph,2989238.9912,27831,1809,654,654,654
query_6_36.graph,14247.9034,53297,950,843,843,843
query_7_25.graph,0.978,18,1,19,19,19
query_6_6.graph,9763.776,40691,537,859,859,859
query_7_28.graph,30129.981,528,48,55,55,55
query_7_139.graph,1007440.1912,5119,482,391,391,391
query_7_114.graph,285423.3006,17985,507,493,493,493
query_7_32.graph,0.0,25,0,26,26,26
query_7_33.graph,1.9929,86,1,34,34,34
query_7_31.graph,13759.1234,504,53,67,67,67
query_7_27.graph,864851.6552,1934,185,194,194,194
query_7_15.graph,12743.8438,3430,416,283,283,283
query_7_35.graph,103.7123,491,2,60,60,60
query_6_93.graph,1341634.1575,29014,836,619,619,619
query_7_110.graph,384148.065,19887,566,566,566,566
query_6_95.graph,32004.9267,24460,1468,1037,1037,1037
query_7_39.graph,880582.8679,1674,157,165,165,165
query_7_37.graph,15492.0898,2024,190,156,156,156
query_7_52.graph,45.3625,113,9,11,11,11
query_7_53.graph,0.0,9,0,7,7,7
query_7_140.graph,12725.5524,6513,643,436,436,436
query_7_50.graph,7846.0139,482,46,45,45,45
query_7_149.graph,9840.7163,5773,432,378,378,378
query_7_58.graph,15151.9045,520,50,61,61,61
query_7_29.graph,7222.6724,4382,271,270,270,270
query_7_2.graph,4679.373,6316,336,370,370,370
query_7_45.graph,560687.7834,1839,128,245,245,245
query_7_119.graph,659636.2318,19554,1126,736,736,736
query_7_56.graph,391178.4771,1552,107,128,128,128
query_7_63.graph,13083.5255,468,47,66,66,66
query_7_20.graph,16502.5518,6770,755,471,471,471
query_7_40.graph,8826.9606,3551,282,255,255,255
query_7_23.graph,1945.2526,6454,164,270,270,270
query_7_7.graph,8479.1245,442,49,58,58,58
query_7_69.graph,10765.6614,470,44,84,84,84
query_7_73.graph,3189.876,490,14,74,74,74
query_6_60.graph,1212498.3607,49527,1015,726,726,726
query_7_79.graph,0.986,18,1,18,18,18
query_7_57.graph,5157.616,2528,370,123,123,123
query_7_64.graph,1019177.0566,1695,188,181,181,181
query_7_80.graph,11228.8912,431,47,63,63,63
query_7_36.graph,7212.769,6034,392,358,358,358
query_7_72.graph,1033811.1478,1729,187,170,170,170
query_7_86.graph,1.0368,22,1,18,18,18
query_7_4.graph,749.5885,5880,72,223,223,223
query_7_88.graph,4194.116,213,12,24,24,24
query_7_78.graph,339796.2848,1917,119,151,151,151
query_7_81.graph,899032.6998,1724,166,159,159,159
query_7_118.graph,908084.2261,25764,1462,647,647,647
query_7_82.graph,1011924.6096,1871,149,174,174,174
query_7_44.graph,7201.8377,6692,405,394,394,394
query_7_55.graph,7936.0689,5994,348,394,394,394
query_7_65.graph,962229.4543,4774,366,346,346,346
query_7_95.graph,3986.2765,481,10,66,66,66
query_7_62.graph,8235.3543,5183,412,376,376,376
query_7_91.graph,2232492.7071,1867,187,188,188,188
query_8_0.graph,58.582,25,2,26,26,26
query_8_1.graph,51.8481,41,4,40,40,40
query_7_99.graph,32841.594,399,39,59,59,59
query_7_8.graph,303076.8509,5020,303,278,278,278
query_7_83.graph,743780.1336,5003,361,345,345,345
query_7_75.graph,1232.2422,6764,100,260,260,260
query_8_104.graph,13.9595,22,3,25,25,25
query_8_10.graph,51384.5386,2823,89,108,108,108
query_8_101.graph,268695.7135,3418,378,292,292,292
query_7_96.graph,969006.0242,4786,445,360,360,360
query_8_117.graph,303066.4783,406,50,59,59,59
query_7_89.graph,14673.0846,6496,528,383,383,383
query_8_112.graph,24844842.6774,1355,149,128,128,128
query_7_97.graph,912927.7415,5036,467,390,390,390
query_8_121.graph,80443.7651,395,15,34,34,34
query_8_129.graph,14.0058,340,14,34,34,34
query_7_9.graph,491.7328,7366,36,194,194,194
query_8_131.graph,227863.8898,401,40,56,56,56
query_7_98.graph,10780.3712,6696,541,424,424,424
query_8_111.graph,120133.1898,5674,192,255,255,255
query_7_66.graph,688332.0668,16175,856,532,532,532
query_8_125.graph,27211.329,5889,91,224,224,224
query_8_14.graph,136896.254,444,35,46,46,46
query_8_130.graph,239934.8262,6227,448,420,420,420
query_8_133.graph,210387.2017,5668,548,357,357,357
query_8_145.graph,0.0,234,0,4,4,4
query_7_61.graph,571943.6347,17542,1118,659,659,659
query_8_132.graph,224534.0181,6209,547,381,381,381
query_8_23.graph,0.0,21,0,23,23,23
query_8_144.graph,18773551.3196,1412,121,136,136,136
query_8_21.graph,65605.1504,358,13,27,27,27
query_8_26.graph,114333.632,427,29,54,54,54
query_8_25.graph,50137.734,449,13,64,64,64
query_8_136.graph,130154.5241,5475,364,353,353,353
query_8_33.graph,0.0,28,0,28,28,28
query_7_84.graph,478222.2243,20722,903,661,661,661
query_8_28.graph,190872.7958,3081,356,252,252,252
query_8_31.graph,362403.0106,3137,275,226,226,226
query_8_37.graph,414470.844,421,52,62,62,62
query_8_102.graph,13368607.7353,16239,896,566,566,566
query_8_41.graph,947874.9023,398,43,51,51,51
query_8_36.graph,555243.646,2568,276,207,207,207
query_8_43.graph,853279.1344,389,45,46,46,46
query_7_94.graph,348962.7967,22613,688,604,604,604
query_8_29.graph,367291.9707,5912,463,368,368,368
query_8_22.graph,18885.6934,6659,56,197,197,197
query_8_57.graph,33.1609,316,33,29,29,29
query_8_38.graph,122229.4152,3265,286,229,229,229
query_8_59.graph,514.4048,53,3,21,21,21
query_8_35.graph,232360.938,5365,424,421,421,421
query_8_66.graph,76.3578,461,54,35,35,35
query_8_54.graph,249413.4653,3082,291,236,236,236
query_8_51.graph,147380.7746,3547,296,236,236,236
query_7_87.graph,719432.6225,27351,1447,619,619,619
query_8_7.graph,265205.7354,438,51,56,56,56
query_8_4.graph,2823.7054,6355,19,172,172,172
query_8_103.graph,72614.2185,23526,876,472,472,472
query_8_79.graph,136742.3371,451,13,58,58,58
query_8_97.graph,294242.3769,422,38,49,49,49
query_8_98.graph,0.0,30,0,28,28,28
query_8_85.graph,1936.6456,1056,35,47,47,47
query_8_53.graph,161534.8352,5447,313,327,327,327
query_8_58.graph,441179.2921,5837,631,438,438,438
query_8_78.graph,142796.812,3598,210,202,202,202
query_8_62.graph,32947.448,5972,149,193,193,193
query_8_74.graph,67583.0063,5442,135,279,279,279
query_8_99.graph,16573.3047,4121,47,137,137,137
query_8_84.graph,155755.0158,5232,396,311,311,311
query_8_95.graph,244469.2526,5302,421,364,364,364
query_8_134.graph,95451.4683,22487,1059,528,528,528
query_8_119.graph,132162.4466,27533,826,310,310,310
query_8_126.graph,71415.5414,27020,716,391,391,391
query_7_90.graph,6536.5052,35190,2133,710,710,710
query_8_128.graph,183808.847,30215,2672,707,707,707
query_8_15.graph,32574.3419,25228,189,213,213,213
query_8_55.graph,105420.27,33828,1451,576,576,576
