vertex_id,asin,parent_asin
0,,b0788k1fdd
1,,b07cgddjbs
2,,b09rwmfzmz
3,,b07d7qbg73
4,,b000i1y2pk
5,,b0024nxw6u
6,,b07svl661w
7,,b07vmrhmzh
8,,b0b76hckxd
9,,b07ky5bnt3
10,,b0bxrlhd3z
11,,b08mc31qjp
12,,b01msysaqt
13,,b06zykq9ks
14,,b0b68qflc5
15,,b0c3qg91hz
16,,b007dzpqfo
17,,b08zcbj333
18,,b09k7pbt3c
19,,b00bm9d2fs
20,,b08y351qfy
21,,b0c571w9vc
22,,b00jpe9ok4
23,,b07f1633zz
24,,b01hmcwvdm
25,,b00v27sue8
26,,b01hqosot6
27,,b0b3nj75bx
28,,b00nskx0em
29,,b07b5485hv
30,,b09rzz9mrb
31,,b091cxzvxp
32,,b0bsv549sk
33,,b07lfw6vqx
34,,b007auaviy
35,,b0bz58yvyl
36,,b09jk75h6m
37,,b086glszs1
38,,b0bjzztph3
39,,b09vgrkcvb
40,,b08d3ccljv
41,,b0bh522xmg
42,,b08c9hr8rh
43,,b0c1f7sdg7
44,,b07y1mgsb6
45,,b001xus6ac
46,,b07f8kmk9d
47,,b00m13rbbu
48,,b001n3gkkm
49,,b007o3mzou
50,,b0bzt2bzzm
51,,b01ms4d0so
52,,b00b4bju1e
53,,b07jnc6vm1
54,,b07rdm8lb6
55,,b07cfx25mx
56,,b0c32v2btm
57,,b004k1e3ik
58,,b07bhjv5rz
59,,b07d4cwmv8
60,,b09zmpcnhn
61,,b08gcylty2
62,,b08l5mchmr
63,,b09j4njlqs
64,,b01am5fnls
65,,b0b883bbqm
66,,b00cv31vts
67,,b0bg9yh6tw
68,,b07k756gwn
69,,b01i3c0cs6
70,,b0c2y3rtq1
71,,b004b9rki6
72,,b07m72ht1d
73,,b00004zb5m
74,,b0bgnjxqqz
75,,b071gpv6jn
76,,b09vtpks27
77,,b08b5jp79j
78,,b0bs22bs79
79,,b01n6m65ib
80,,b0bk33d3g1
81,,b076gqyjc6
82,,b0c3lxzg75
83,,b0bq1nxxxq
84,,b07bl32nrg
85,,b08np3p533
86,,b087m4qx7p
87,,b06wrwqfm6
88,,b07xw3f5sz
89,,b0816ff3x9
90,,b01d029ar8
91,,b0836cdtlw
92,,b08dr1bv41
93,,b0bb2zx9yr
94,,b081g4stbw
95,,b00rn4y5iy
96,,b09jsm9gpb
97,,b0bks966sh
98,,b01evnd8qe
99,,b005qb4uls
100,,b07qmb2kph
101,,b072frcqvc
102,,b01m3x1t8b
103,,b01eg4gqte
104,,b09j21wf91
105,,b07ddmcwyj
106,,b07twmx5dm
107,,b09325m6tk
108,,b0c13bv492
109,,b0127devra
110,,b00n754dq2
111,,b09wb2njtf
112,,b083b6t545
113,,b08fcbvy8g
114,,b07vbxpjxq
115,,b00mw5toj4
116,,b014fj0bzk
117,,b01bisd5jk
118,,b077tp7y39
119,,b083ym8l46
120,,b00513seh2
121,,b007kwa44i
122,,b07jvbyfvl
123,,b07rjjnt3f
124,,b00l2ehnjy
125,,b07cqzf45k
126,,b01m3w4d6z
127,,b00x6djmmk
128,,b084gv8msd
129,,b013zoq3rg
130,,b005fq2552
131,,b001i98op0
132,,b084r5yj2m
133,,b07s343xc3
134,,b07x1ts6qh
135,,b08lp9k3j9
136,,b09v6hhszt
137,,b07g7rswkx
138,,b07pwz5fwx
139,,b08wjhq818
140,,b08gws8hyv
141,,b016azdyjm
142,,b09yhf1c39
143,,b07b8qtyb2
144,,b07gxhz5n3
145,,b0000daq7i
146,,b071dr3wd6
147,,b08gq9ssfn
148,,b0000632sx
149,,b011euab30
150,,b09kl1x21c
151,,b001gbckc8
152,,b0c4dmstn7
153,,b019j00g7s
154,,b0b2f5f492
155,,b0c5z2q6vj
156,,b09dkc7bd7
157,,b07p16ff6j
158,,b07chxqb28
159,,b01jssgsri
160,,b00oe7x6wy
161,,b079tx7ws8
162,,b07z36kp8d
163,,b002e5as1a
164,,b07xplbhn3
165,,b07pvcyf3n
166,,b00wjytuva
167,,b0b19kr1wl
168,,b0002jnmeu
169,,b0bg2y3x8b
170,,b0096d83zg
171,,b07qxsdbd3
172,,b001bffi3m
173,,b0bgnj6w8n
174,,b01g41km3i
175,,b07r6ttb2m
176,,b087wgd15t
177,,b07blnyl85
178,,b0b87rbfny
179,,b07hg5ntpm
180,,b076wvb6lb
181,,b0b6gkgw5c
182,,b08j4grwff
183,,b078gvy67c
184,,b06xq8nr5s
185,,b07s1zckgy
186,,b07sjvkh11
187,,b000i66p6o
188,,b001ta3o7g
189,,b001b0s2h6
190,,b01lx42xmp
191,,b0c1c88xxx
192,,b07pmq83qh
193,,b00lht87ey
194,,b07fdl1zx4
195,,b07jxygcm5
196,,b00kd1210i
197,,b09vp521ty
198,,b005mmnbo8
199,,b077kwjdv6
200,,b0bs8s6h5b
201,,b09r4yqnvb
202,,b0b4jb8xh4
203,,b015q7voom
204,,b077sqbhv2
205,,b07b8x92bq
206,,b0bbcdmkwt
207,,b0b72bb92g
208,,b091d7vvdp
209,,b0b711m6sp
210,,b0c3grykxt
211,,b07jmzvc3c
212,,b09tzzqll9
213,,b0c39k2nrn
214,,b000ejm3zm
215,,b06y673hfm
216,,b08lqlv5zt
217,,b07tg8psl7
218,,b09tzzfcpx
219,,b07bmh6q2p
220,,b07vvcqjc8
221,,b07hpbphvh
222,,b0000cftdw
223,,b088f5ldgm
224,,b07tw5yq6j
225,,b076zh62f9
226,,b08j9y7ddb
227,,b003if1vno
228,,b08378n65q
229,,b0bnlxj55w
230,,b0065k5fao
231,,b0bjs8ptbn
232,,b08w55vvpc
233,,b005hkumw4
234,,b078ylch9w
235,,b07zyjmczy
236,,b01mt2xirz
237,,b073rphyd7
238,,b071x7lrjz
239,,b09htrjcbl
240,,b079zzch38
241,,b09mstsvkx
242,,b081w817pn
243,,b07bdjwwfc
244,,b09nvqw984
245,,b00fn3ooco
246,,b0bbpv3v83
247,,b09k2shn2v
248,,b008c7ic94
249,,b00158nqji
250,,b00cady2k4
251,,b0024frq56
252,,b00bjhgucu
253,,b0brybc7s9
254,,b008pnhtps
255,,b016cahbjo
256,,b00bl6ue76
257,,b09dzm5cr1
258,,b0bzzg8kdp
259,,b0000byduc
260,,b07ff7c3mn
261,,b01ekru3dm
262,,b07k49cngl
263,,b005o379ck
264,,b07fbbt3my
265,,b006ep59my
266,,b0bvv7sbm3
267,,b00tg50ilq
268,,b08n6f4cbd
269,,b0190tbo1u
270,,b0c7hkyb1r
271,,b0971mpdrd
272,,b0b8nr4x29
273,,b00fzuiuvg
274,,b0786ckc5j
275,,b01b2svuzm
276,,b0846qxg5z
277,,b0025dn5r0
278,,b09jcpl4x9
279,,b08ckny3nh
280,,b001uanlm8
281,,b08hlmqh9c
282,,b0c581fy3g
283,,b01e9rzteq
284,,b08r9kf7cw
285,,b01mucyn2v
286,,b08drj49nz
287,,b0b4ns6npw
288,,b077y88fz5
289,,b01n3a9222
290,,b07wxmt392
291,,b0bbb2mdv7
292,,b000tdtf18
293,,b00biskpmg
294,,b0c4j8wwkw
295,,b09jv4h8zn
296,,b01bhy1sqm
297,,b01lx27qrc
298,,b001fb4z2m
299,,b000qranhc
300,,b0097odmb4
301,,b07qks7y7q
302,,b00epl2hu6
303,,b01m8i0e4g
304,,b0000dducj
305,,b01n6qbjg0
306,,b08rbqcwtv
307,,b01egw44ok
308,,b01aw9xdpw
309,,b005woh0ha
310,,b0c6w9qdn7
311,,b07bqlfqqd
312,,b09k7477xy
313,,b07cs9j4f2
314,,b08rqvqt26
315,,b0c1twppxq
316,,b07mjc4qgj
317,,b0cdmkxx2x
318,,b0c14d6dtc
319,,b0c34cy9t7
320,,b07clz2mmf
321,,b07q5756hx
322,,b0bjyk4y56
323,,b0058obglu
324,,b0844qkm3q
325,,b01252s76e
326,,b0bwyz2p5t
327,,b07dg2mvm4
328,,b01n7m3a5a
329,,b07f9b78tg
330,,b07dd86ld3
331,,b016aq0jm6
332,,b078yh2tkx
333,,b093tq5fk6
334,,b077zs29c3
335,,b08r6c2trv
336,,b0bp2xt33g
337,,b0821symf1
338,,b0bpr74p1w
339,,b07q6w5rkb
340,,b000no12qe
341,,b00132fta0
342,,b00t0o7g8g
343,,b07nvsbpbt
344,,b07yq5p9q7
345,,b00r6pfzlg
346,,b09r6d21xc
347,,b010hutvra
348,,b0brx4thsc
349,,b07cmtdtjp
350,,b00e005qv4
351,,b0716w8cn5
352,,b08ksdjwc3
353,,b000f5v1n0
354,,b000wacw9a
355,,b071lqsxgd
356,,b0bl9486mn
357,,b09l5r8435
358,,b0085j6rza
359,,b07vjjpmmg
360,,b07nqldbjp
361,,b001k21xks
362,,b074d64lls
363,,b000zm4p7c
364,,b07qvdtfcg
365,,b0971qv8rg
366,,b09bb8d9xv
367,,b08mcmt53x
368,,b01c3h0ue8
369,,b0b15jspfq
370,,b000tv8egc
371,,b07fkyj7h4
372,,b09mdsvv4b
373,,b07l89xcc3
374,,b08f2b3cx3
375,,b07kt29xdx
376,,b0bptbr8t4
377,,b09z9pq6y9
378,,b016i98g84
379,,b00kz5pux2
380,,b0blw8gt8l
381,,b078jgl5dn
382,,b07s5hw1cf
383,,b00z6mx68a
384,,b083wp4swj
385,,b08crrh7jd
386,,b07y198578
387,,b07t94z6qx
388,,b0b282p8g3
389,,b07w68grkr
390,,b00fdn73a4
391,,b0bwhj2k5x
392,,b0b2pd6zzz
393,,b07bn5kr3y
394,,b0000dasbi
395,,b01a1b46io
396,,b0021aeaik
397,,b09mlcspxh
398,,b07dmhq4rq
399,,b00ny94p5k
400,,b082pzvfh7
401,,b09mx1lj48
402,,b07tvjrxk6
403,,b07djcjln8
404,,b00bflkvx4
405,,b0016lxgd0
406,,b07rmzj8bw
407,,b005s8urde
408,,b08d4w9h46
409,,b0c4h1fctc
410,,b0bfxppy41
411,,b0bgpxdxph
412,,b08mfs7vnp
413,,b07fljsm54
414,,b07v4g2656
415,,b00440dygy
416,,b002nxdzbi
417,,b073qtq735
418,,b0bgrg6xkh
419,,b0bb9s7fq4
420,,b07zqzqbb8
421,,b0c4y18xm8
422,,b0bmlgj588
423,,b07txrvqxc
424,,b003kzke4y
425,,b07vlk36bl
426,,b002x7aajo
427,,b0017kofki
428,,b08p2cr61j
429,,b09m9jfyhp
430,,b0bwf92z7b
431,,b007molsxk
432,,b07f8dpbn8
433,,b088pm5w7j
434,,b095wcjw8t
435,,b00lw8i45c
436,,b093gpgq2d
437,,b07dnhnpqg
438,,b004f0p5d8
439,,b09ymtnfy8
440,,b07mwws9tv
441,,b00x3tsc14
442,,b084z1427d
443,,b077zx134t
444,,b08zr3fx14
445,,b09bz2mfn2
446,,b0c23nctz4
447,,b08bzdlf5d
448,,b00d9og3xm
449,,b09pf6jl6y
450,,b09pztbpvt
451,,b07h3mx3cw
452,,b01n5776h5
453,,b0b7r514dk
454,,b0byzdwrn7
455,,b07bftzk5g
456,,b01m9bgf51
457,,b07chxlhd6
458,,b0bv29dh44
459,,b01m9e8l73
460,,b07py792vf
461,,b079vq1nwd
462,,b0bk36nf3g
463,,b07d8fh9xk
464,,b078mhr5nd
465,,b08c7kbpvc
466,,b09rldpwjj
467,,b0054svzio
468,,b00lksns78
469,,b09c31zkjt
470,,b07771scc6
471,,b00wrhtnjs
472,,b0bw56lv8p
473,,b0brl6p18l
474,,b08n9mrphf
475,,b07s57r66b
476,,b09x4tbgkg
477,,b0brzrblkp
478,,b09fz2vlyp
479,,b004vcje1y
480,,b01d0lqm0c
481,,b0788c3nxh
482,,b078b9qnbc
483,,b07p5w1l2r
484,,b095nmq537
485,,b07ncb7gwv
486,,b001bqylzm
487,,b0bn1ql5ly
488,,b07xkqzwhf
489,,b0149mc034
490,,b07mdkqmry
491,,b07jglkl3n
492,,b07znqh3sv
493,,b07zkmlmvp
494,,b00g2dnhr2
495,,b00jlte4yo
496,,b081k6t7rq
497,,b07wg7c5ts
498,,b07vnhb34p
499,,b0bznj299y
500,,b0bhsk55g1
501,,b09gsg1j4v
502,,b0byyttrgs
503,,b0c5s69ck8
504,,b07p1bwxvt
505,,b09x7kvf17
506,,b08yrfnjv7
507,,b07y4xgm3w
508,,b0bb6xt289
509,,b072fqz5rb
510,,b00t8vqtma
511,,b09qsy3j6m
512,,b0bkxyr33p
513,,b0bzht7d75
514,,b008bskecw
515,,b0b524n3w2
516,,b0c4y743gk
517,,b00o2y4im6
518,,b07sb4tvbk
519,,b09jg43rdl
520,,b08lmlw3dp
521,,b0c4lxnmkc
522,,b07d7zyp65
523,,b08dn7b8n6
524,,b001qxdecq
525,,b098ksy1z5
526,,b0019tr8m4
527,,b008dge1k8
528,,b081w1th8t
529,,b07r81sx7b
530,,b000yhg4wc
531,,b09g83ddy6
532,,b00mi9bs7a
533,,b0c542by7y
534,,b00zl7oye0
535,,b000mzydf6
536,,b07tlfnctj
537,,b09hng8ch2
538,,b014vijtki
539,,b00lh505f2
540,,b019h22wum
541,,b08gcgkx66
542,,b0c3lq8h7v
543,,b00yyfmtds
544,,b0829f5qqs
545,,b06y3ylq9s
546,,b00x8myk3u
547,,b077yrmd6s
548,,b001l2s01c
549,,b003pvhi92
550,,b01ipqfn52
551,,b09zqtpkdw
552,,b01gpx3qgu
553,,b09brbyv4p
554,,b07nl5jytw
555,,b09yn1bd6m
556,,b08pdpwv9r
557,,b07qv6rwm3
558,,b01h6kwuwc
559,,b004p4tl8e
560,,b06wd63t8t
561,,b0c596gtvp
562,,b08r226qby
563,,b00t63g524
564,,b019i0vd2g
565,,b077nfgzj7
566,,b0778ctnyp
567,,b07jckhnbg
568,,b01aj5uvoa
569,,b07nryzqfg
570,,b001x53nc8
571,,b07vqprcj2
572,,b0c4y7xrc8
573,,b00bng654u
574,,b07wdl94dv
575,,b07dlxm6dx
576,,b07cbsv232
577,,b0001fsyq6
578,,b00bdri27w
579,,b098x9tsnj
580,,b0b213bmwf
581,,b01d1mtw4s
582,,b09fl3ntgb
583,,b008vo8u40
584,,b0b7kjq4d9
585,,b085c4frwr
586,,b08qrnh2xw
587,,b07dn4mw7f
588,,b076hy2294
589,,b0bmxs15zz
590,,b07xpnbbq3
591,,b0075o0bj4
592,,b0c3m3zznv
593,,b0cbs1s2s2
594,,b07mcz5mt8
595,,b01g8rk7qa
596,,b07pldqzj7
597,,b01lmk5iwg
598,,b0b1wsr4hj
599,,b0872nvkb2
600,,b001681qz8
601,,b0777zx7vh
602,,b011lwh4z4
603,,b08tcbjm2x
604,,b07pk4nqc3
605,,b0021y9o1o
606,,b07z7w8mkj
607,,b01nanehx5
608,,b077sknw6q
609,,b01doq7e8w
610,,b00e2hkzl6
611,,b01acihynk
612,,b082p858kr
613,,b01l816936
614,,b00488v9mi
615,,b081plr81p
616,,b081psfq5n
617,,b07bmpgr1j
618,,b09c6ng6bq
619,,b00008cm6e
620,,b00ce580b0
621,,b00xhx9uw6
622,,b0c591l3mk
623,,b09dz23jzc
624,,b07zwcmdbb
625,,b075wp91nx
626,,b075x24y7t
627,,b073qzd985
628,,b01mg5thus
629,,b01c588w0o
630,,b081t945kq
631,,b09fxh7yzb
632,,b08b3qt6wy
633,,b09mhhrwhn
634,,b084z3xtp9
635,,b01mr7gwrr
636,,b078wlyqzy
637,,b0c2xwg5ln
638,,b094991zqw
639,,b00khxrn78
640,,b0c6z6x12x
641,,b0c5ljcf5r
642,,b07k2nmj6h
643,,b00jdrdio6
644,,b000w32jea
645,,b01lmqoppg
646,,b004115b8u
647,,b0787lmxdb
648,,b06zxykfx6
649,,b08c7gpykh
650,,b008mjdvqg
651,,b00igi5b4s
652,,b00n2659pa
653,,b07n22gz65
654,,b0bntvft6b
655,,b06y4n7947
656,,b093hclmdc
657,,b002tjtsvc
658,,b07mzppfp1
659,,b0751gzhyd
660,,b014mawcuo
661,,b07fs4189s
662,,b000kkn0ts
663,,b000079xw5
664,,b07vq6l9y5
665,,b006z04lrm
666,,b0009ufjam
667,,b019fhns3o
668,,b00004s9cz
669,,b07pywxc8n
670,,b0971szzns
671,,b09txnf51f
672,,b07sz83ncq
673,,b0bll7px9k
674,,b09pmbx5by
675,,b08wv92y6s
676,,b0c6dlz6ql
677,,b01ipjok58
678,,b0bstgf3pm
679,,b07l38252s
680,,b079x37t79
681,,b079xzgvjk
682,,b09dmdrpfh
683,,b082tsrrf1
684,,b07y1b18cx
685,,b00xn4or0e
686,,b0001yh1o8
687,,b00yfq37rs
688,,b074htxmw2
689,,b07clp9ts1
690,,b0836rckfv
691,,b08lk7z682
692,,b01lx14jrm
693,,b073zks9gr
694,,b06y1d8kcp
695,,b004ow92wc
696,,b09wz6yg7f
697,,b09msyk83p
698,,b07b3pxlhz
699,,b07f2by85x
700,,b0081ptlbu
701,,b0963dv1kc
702,,b0c1brdxhy
703,,b07mxf5j3q
704,,b0000631zh
705,,b09nxdy33j
706,,b06x19b38m
707,,b0c6mjhftz
708,,b0cb73n3nq
709,,b000kgtxfw
710,,b07qwh7xjq
711,,b01kn1sk20
712,,b00xm36r72
713,,b07v9gfxs6
714,,b0b77klv2h
715,,b01naw5cyk
716,,b07211xmv1
717,,b0011ngt0u
718,,b074nchwbz
719,,b07mdlcjkm
720,,b018s3twp4
721,,b09tl29zcj
722,,b0795fc36c
723,,b08lmd9j2t
724,,b01alt7jqw
725,,b004vre9le
726,,b07vfzgljs
727,,b07tvl5t29
728,,b00ijcjegm
729,,b0b85bc4m8
730,,b013kotrvu
731,,b0bpkk81x6
732,,b07xz3lm27
733,,b0c2ppfccq
734,,b07b68trbn
735,,b07spz6kbl
736,,b0b6hvrxhv
737,,b0c5hdnyx3
738,,b017dqchrm
739,,b077t88sp1
740,,b00pljobwi
741,,b0773tqbyb
742,,b06xcfh12y
743,,b08559y7ny
744,,b07rpzbsfg
745,,b07b1zkjsm
746,,b0c6tzgrmf
747,,b00wim4d8i
748,,b0b83vv77l
749,,b0cfffm6wl
750,,b01cf1g4gk
751,,b0063cq7wy
752,,b092d255vc
753,,b09tt3pt8h
754,,b09k4ltjgj
755,,b000bpc5lg
756,,b0bx3d8gpz
757,,b00nhj8hzq
758,,b073xcdmgs
759,,b07yxpcgj5
760,,b0bbjrz8hh
761,,b0b7n9r4mc
762,,b075n2hvqn
763,,b08v84mzf1
764,,b0062cwmh4
765,,b002pjy7du
766,,b09153xfm7
767,,b0c63kny5s
768,,b00f1hxxtm
769,,b016aptxf6
770,,b010d6ffbo
771,,b0bdzzf1ms
772,,b08jgswr9h
773,,b09hpxz9jj
774,,b0bd1nf2ld
775,,b0blxhnszd
776,,b09pflg9zk
777,,b09w49s4kb
778,,b0br5dyggk
779,,b09p47mzfn
780,,b07xqkjws9
781,,b01bauubma
782,,b001u0onb6
783,,b0c46vds1p
784,,b008ms8mjs
785,,b075hw8m8l
786,,b01m02lgbz
787,,b006rk4inw
788,,b00875tvyq
789,,b08xxdgrz9
790,,b0052xtdxu
791,,b07n1v3ffc
792,,b07g2rtcz6
793,,b07yt95v42
794,,b075fjzwq2
795,,b09994gy51
796,,b0c1w2k4x9
797,,b0c67hlwbg
798,,b01aie05ys
799,,b00ihwqjgc
800,,b09nn37hvt
801,,b00duz8lbw
802,,b07j51mgcy
803,,b087dnxj7r
804,,b07b44bnn3
805,,b07bs32h2y
806,,b0c73wz6lb
807,,b0bzsnq96j
808,,b09r4s4z3q
809,,b00o4dgj3g
810,,b001u2n6yy
811,,b08hvk6p3g
812,,b07fsvz4l4
813,,b07nwzj9wh
814,,b0bc1h39qg
815,,b00pbk4ng6
816,,b0bnd33qtz
817,,b009g5mdhi
818,,b082437fqr
819,,b00arv4mzg
820,,b088f53pzv
821,,b0bhwfjk4g
822,,b0cdf4zsh2
823,,b0bn9ysh9g
824,,b017v5rkhc
825,,b07fgc35xy
826,,b07v1vdmdz
827,,b00sgc7oyo
828,,b0bgn5qtx7
829,,b01n07alj2
830,,b075b2tk61
831,,b01n979o1j
832,,b07tdmxc28
833,,b01e7rsc0g
834,,b09hx61t67
835,,b08jgtn7n8
836,,b013sslzze
837,,b0713ml7z6
838,,b01dnlf836
839,,b002aqswp2
840,,b08xxt7r51
841,,b09ld7hjv2
842,,b01j15bt4k
843,,b06y4cx2l9
844,,b0bwf8sj7p
845,,b084svs2r2
846,,b0086unwss
847,,b01i7anpyw
848,,b08n6czm32
849,,b0085e3q9a
850,,b0c2x8nggc
851,,b08t1gjsnb
852,,b079h3dwfp
853,,b08lkc22h8
854,,b07brt4znv
855,,b0921636zs
856,,b01mxjoixw
857,,b09yr963zj
858,,b0b1583vrh
859,,b0823jfb66
860,,b0c6zypjlh
861,,b07gbg13nc
862,,b07w83vkq9
863,,b00q3v08dy
864,,b0076zgc04
865,,b0c5gr77fv
866,,b0bnkpgmr4
867,,b088zsvr24
868,,b08crj1wyw
869,,b07n5hyhmr
870,,b084bvfbg9
871,,b001anxqq6
872,,b08lfyq347
873,,b08dc88vh3
874,,b07hr4czqx
875,,b084zglvng
876,,b0b5d2gk1j
877,,b09t3gmbsn
878,,b07mpvb3jk
879,,b07376l9fc
880,,b0c1thy3ld
881,,b0bf4hv95r
882,,b01h76xok2
883,,b01j7zab2u
884,,b09lks5h64
885,,b099w7f8tz
886,,b07s41npf3
887,,b09p8ft73f
888,,b00bm67p3g
889,,b00ypqnns6
890,,b003o9yuvy
891,,b08vvjs8nj
892,,b07mn7wyzl
893,,b09wh4ql1s
894,,b07vngxhy6
895,,b0bnbct1p6
896,,b07tf3k4r8
897,,b091pz8zl6
898,,b06wgmjjf1
899,,b07x8mzby6
900,,b07bfrkhy8
901,,b00blpsgg8
902,,b01mxwo8e8
903,,b0cbndl4dk
904,,b08xvtmfdr
905,,b077qmyqdd
906,,b085xl6j9r
907,,b076bbwngm
908,,b073byhfv8
909,,b01kgi6yve
910,,b089wmvxky
911,,b01m5iq41c
912,,b08pvf123k
913,,b0bp1dfgpm
914,,b076h1wb2w
915,,b0019z3xuy
916,,b08xrrwhyg
917,,b0bq97mwt9
918,,b07nz36kd1
919,,b0007ms5b2
920,,b074mpff4b
921,,b0764wdftx
922,,b0bgjm6k2g
923,,b08px9ydn3
924,,b01bsh725o
925,,b07y6p86sd
926,,b0bvwrm199
927,,b0br11v5b2
928,,b09f3cc5jt
929,,b084hzqdll
930,,b005mwtmpu
931,,b091v74w4n
932,,b0188af5xk
933,,b08fmwg5sk
934,,b0b2lwt3d1
935,,b089qqgm2y
936,,b07hmhbbnj
937,,b01lyfqyg0
938,,b09zq6dncj
939,,b07g2qpqkr
940,,b0c6b3qfjn
941,,b07mps6y1r
942,,b07kjgc2b5
943,,b07y2l7qmg
944,,b006239nxy
945,,b09726nbzh
946,,b07jjyb272
947,,b07jzpgcrw
948,,b0bsdsntc2
949,,b01lxkkuy8
950,,b09m7p3mhq
951,,b08h9kpsym
952,,b07g7zl2cy
953,,b01ms6xxob
954,,b007g6mx2e
955,,b00004rddn
956,,b07xj7qfwb
957,,b0bt1d98qf
958,,b00c94n192
959,,b08bfj8wyy
960,,b06zylp2wm
961,,b07wc2qns6
962,,b0b62ktgnw
963,,b082f4spgm
964,,b001tj2phm
965,,b000eosfhc
966,,b0cd4kf9qj
967,,b01dae3sg0
968,,b01guvg6qo
969,,b0bpm46klg
970,,b07bd54t1w
971,,b00hsf67h0
972,,b07n49yrw1
973,,b07l2h41m1
974,,b0bqqzz3n8
975,,b09jjvs3ck
976,,b073hqvl5x
977,,b00jmg317c
978,,b0c4wjshzj
979,,b08czf2pxl
980,,b06xkkgr43
981,,b06xwbz3hk
982,,b00hsboveu
983,,b005mr8uki
984,,b073whtns1
985,,b0c5y3prn5
986,,b085sbtsbd
987,,b08twq8wd1
988,,b00c7hgl66
989,,b0bll7f3c4
990,,b0723br8jv
991,,b07256n523
992,,b09h1mlzfh
993,,b0919xyrw1
994,,b000eimppq
995,,b0bgsd7sff
996,,b0875tnbx5
997,,b002zoczie
998,,b0017phq6s
999,,b07fn8h1p5
1000,,b07bmhspl2
1001,,b01j8xs1s2
1002,,b09j5fby8h
1003,,b0127cpi28
1004,,b08htz55hm
1005,,b006w2xnuo
1006,,b0001djvfg
1007,,b08cxw4mgc
1008,,b000cpi74o
1009,,b00uvyqwfw
1010,,b0000ulkm2
1011,,b01mt7isij
1012,,b0bs3ngpky
1013,,b076h279sx
1014,,b07pcsqrh7
1015,,b073jhz9l9
1016,,b00i3ym8za
1017,,b0c45bzpz5
1018,,b00c0e1z26
1019,,b07n51sfqb
1020,,b088wcmkd8
1021,,b078hfgj3t
1022,,b01naj6t73
1023,,b00nt1rod8
1024,,b00bcoxkfa
1025,,b00akg48kc
1026,,b07r8hq866
1027,,b08tsw1pzc
1028,,b08mx4rsyh
1029,,b01be6ll3i
1030,,b0bjfv9wd6
1031,,b06y6hyyzr
1032,,b07hhvk45z
1033,,b01mf5wup1
1034,,b072hqp5qs
1035,,b00kkojize
1036,,b00toorl1y
1037,,b0c4hprysm
1038,,b086k1g8w3
1039,,b07rm1vjsn
1040,,b093lvzbtr
1041,,b01m0n98s8
1042,,b07w5v5ypk
1043,,b01m9a33nl
1044,,b001k35y1g
1045,,b00uz9yfyi
1046,,b01nata6fa
1047,,b000ilfrta
1048,,b0748d4g73
1049,,b01gua11i8
1050,,b0bwn5h562
1051,,b07fn6dny3
1052,,b00l2zi1n0
1053,,b08pkm5lsx
1054,,b07q4twvhr
1055,,b01n157420
1056,,b08z8ftqhp
1057,,b01bgs9jva
1058,,b0c85wkysp
1059,,b005ds5jq4
1060,,b071qxwq6k
1061,,b079ddl8g8
1062,,b0b19hxgj2
1063,,b000063uzs
1064,,b082f1ttlf
1065,,b08cd19l41
1066,,b08r9jhn1y
1067,,b0bjtm4j23
1068,,b086qy619v
1069,,b07fpb7scq
1070,,b09skxy483
1071,,b08nffr587
1072,,b00005ncwv
1073,,b0949lxj5y
1074,,b08hhj35f6
1075,,b095w7v6tw
1076,,b09zrp18rl
1077,,b01mypv8i1
1078,,b0714j8y2r
1079,,b08mf73wzh
1080,,b014mllkce
1081,,b09tb4p8vl
1082,,b07t4byxhb
1083,,b095hq9d6v
1084,,b0736p7lz6
1085,,b07qvl485b
1086,,b07z7myfc8
1087,,b07cqml4jr
1088,,b00120nncy
1089,,b09tvzycsn
1090,,b003wsupdy
1091,,b00004ocjk
1092,,b08hzj715r
1093,,b0051ohw38
1094,,b088d1m1bd
1095,,b095qdhfx5
1096,,b01kgbp6i8
1097,,b09pc8wrzd
1098,,b07x1xhs15
1099,,b07s1y48tp
1100,,b00r8kti12
1101,,b07v1p9yll
1102,,b0030mpbz4
1103,,b0046vbaki
1104,,b06xry35vz
1105,,b08djblbtt
1106,,b008bsgw78
1107,,b086gsjcwy
1108,,b01lzamz1m
1109,,b08frq15jj
1110,,b01et5z7yk
1111,,b0c5mxmltd
1112,,b07dvzwdbk
1113,,b076frt1jq
1114,,b0c3m4nx8l
1115,,b08l971cvj
1116,,b0057fqcnc
1117,,b08p6665yh
1118,,b00isv0rro
1119,,b0bq6nkxs7
1120,,b0bfv8ljv3
1121,,b08b8b73vd
1122,,b07jnqh398
1123,,b014v0svfu
1124,,b0000ulc34
1125,,b092lx5pdw
1126,,b09n6tlnt9
1127,,b014oqvci4
1128,,b00yvyphx6
1129,,b015g36gfs
1130,,b076rcyrs3
1131,,b0000cfmu0
1132,,b0c6661zgr
1133,,b001avszgy
1134,,b000g00yog
1135,,b09tshdpsq
1136,,b08b44dl21
1137,,b07cddck3l
1138,,b0c78rf3qk
1139,,b0bv3dv75k
1140,,b07bllhv71
1141,,b0cf8yg6xv
1142,,b01aaueavy
1143,,b0bn4vtst6
1144,,b005e5r6ui
1145,,b0c23y8cq9
1146,,b075ffjgsb
1147,,b0b74sgf31
1148,,b07d1zf5fx
1149,,b07mz7kdz5
1150,,b0b66zx7vm
1151,,b01eo367ua
1152,,b085v6pjq2
1153,,b011dfhk2q
1154,,b08lvbcb51
1155,,b078yb4zfj
1156,,b08cjzdn6q
1157,,b0br3mj9cb
1158,,b00wkqsjms
1159,,b08l6g1kp3
1160,,b09qypg9wd
1161,,b002rlhcvu
1162,,b019zz1g94
1163,,b07s3skyy2
1164,,b000ykh090
1165,,b0982gws7b
1166,,b00019mrre
1167,,b087452smk
1168,,b06zxxnmns
1169,,b002frgkge
1170,,b0196if7ze
1171,,b08g9qgs12
1172,,b09m3l61c1
1173,,b08cxg3kkv
1174,,b08c5nztkm
1175,,b07pmm3mmh
1176,,b07brxx32m
1177,,b008lfas08
1178,,b004242z2q
1179,,b00239q2nk
1180,,b07mtpqskr
1181,,b082tpd3k3
1182,,b0b21hm7lk
1183,,b07z5qscnf
1184,,b089cftvw3
1185,,b087c3c1zf
1186,,b07dxvn7c5
1187,,b095bxyv73
1188,,b0b73s6fw2
1189,,b07337yj19
1190,,b001qggnps
1191,,b01ajgxm54
1192,,b07q84q5pj
1193,,b094pvbnbz
1194,,b07ypldvh3
1195,,b09fzf6tx1
1196,,b07v4542kn
1197,,b000m86jsm
1198,,b072kmtg5p
1199,,b085vw1wq4
1200,,b09lgz6hv7
1201,,b0147tmtfs
1202,,b07zddjv9k
1203,,b00npqf9ck
1204,,b08hv9b2kn
1205,,b071xtthvv
1206,,b01n0xi06d
1207,,b001iawvvw
1208,,b0892gpv85
1209,,b00b499low
1210,,b09r7mq2b7
1211,,b09d8ymnxc
1212,,b00aujpz92
1213,,b07tn72zrq
1214,,b08wqcr5bq
1215,,b081dynwg4
1216,,b0bzt1b773
1217,,b083bgl3wk
1218,,b01ihnv95g
1219,,b01ms6ccmn
1220,,b00coypcq2
1221,,b01k1yo8km
1222,,b082337ngr
1223,,b082hbk9ct
1224,,b09xlz9jxm
1225,,b091mt4swc
1226,,b0bb89b5rz
1227,,b094n8m976
1228,,b08tc3p1y2
1229,,b016uj9otm
1230,,b0bpdjlyb1
1231,,b08c6xnn2d
1232,,b08xwly3r4
1233,,b09qybxx2n
1234,,b07k3ydszl
1235,,b002bshdke
1236,,b092hnjs6x
1237,,b09v1v1syw
1238,,b0brxy5wcm
1239,,b016zh6qxq
1240,,b08kpsfdv7
1241,,b004rtmd8c
1242,,b0bl371ysr
1243,,b07wf97kws
1244,,b0bb7p5p87
1245,,b00zjhxniu
1246,,b0bzxmz9h9
1247,,b00u6eld38
1248,,b0bfdw6hxv
1249,,b07n87qgrj
1250,,b01mqx0ry9
1251,,b08jjcz9s3
1252,,b010tq2r28
1253,,b000kkkusm
1254,,b00b5h5vba
1255,,b08hvqphng
1256,,b007ce373o
1257,,b077bfwlmc
1258,,b07bqslyd8
1259,,b00f920hso
1260,,b0134sqn4g
1261,,b075ctkzw8
1262,,b007kb8jiw
1263,,b0brmfcc53
1264,,b017hx1e0m
1265,,b07wlns2rk
1266,,b07tbplzvv
1267,,b001ahaswm
1268,,b004sf2ina
1269,,b0872p5w2r
1270,,b07nh4lq77
1271,,b00my67wig
1272,,b07pbhqwwz
1273,,b07434v465
1274,,b09bs8w22j
1275,,b07h9nc9sf
1276,,b005dowmz4
1277,,b012y4o16i
1278,,b08x4b4mq2
1279,,b082x4gr47
1280,,b0b7xr82g3
1281,,b0957w6spp
1282,,b081fhrvdp
1283,,b09y8srw7q
1284,,b013ys7pkm
1285,,b09bgjynhq
1286,,b00japdstq
1287,,b0091rkh24
1288,,b001i8zr2e
1289,,b07q48c5q2
1290,,b00bi02yeq
1291,,b07gc8xm2d
1292,,b011hzmc8e
1293,,b09shv7mqz
1294,,b0b76x3b3t
1295,,b0cdkn1p2y
1296,,b08998p8jz
1297,,b01m1p8en8
1298,,b0bhp814pm
1299,,b09mvs29wz
1300,,b01mrwhmcx
1301,,b01jl0vycc
1302,,b092hyjytv
1303,,b0c77gt8n5
1304,,b09p2x37tc
1305,,b077khcvhn
1306,,b073dyvnpz
1307,,b085q59qw1
1308,,b09ytwnw96
1309,,b09gycgrr3
1310,,b07vflj23t
1311,,b01aasy6v0
1312,,b0by25chyr
1313,,b09rzvqvrf
1314,,b0c1zb2tjx
1315,,b00cdjhiyw
1316,,b07fnshlt3
1317,,b082txsmpg
1318,,b00mgsn9xe
1319,,b0bj6jb8lk
1320,,b002bdtfmi
1321,,b09mjrvtgf
1322,,b08764cqmz
1323,,b0bb7gwxwr
1324,,b099nnshyz
1325,,b09znlw67r
1326,,b07rw62n6b
1327,,b07cgfszq2
1328,,b07mt3m1s4
1329,,b012fra8uc
1330,,b0bgwt98n8
1331,,b00dnwhy0q
1332,,b011fvb498
1333,,b00ypp2ugi
1334,,b005cmjauw
1335,,b01f5mpcxw
1336,,b00wfy7lce
1337,,b082mtq1kj
1338,,b000qcz2u0
1339,,b07jz6mtc4
1340,,b0bmls29d3
1341,,b0012s7jwg
1342,,b08m5sg2gb
1343,,b001fwxkls
1344,,b00maprlx2
1345,,b018969v38
1346,,b08nd3y9cv
1347,,b09g5gp3y4
1348,,b07j33kc7y
1349,,b09c5pvy1b
1350,,b09w9fpcpy
1351,,b07r5ccxfz
1352,,b0br63g2tf
1353,,b08z317k9s
1354,,b093cn4ylm
1355,,b08f61y4gp
1356,,b0b4w6v52b
1357,,b00os3qsry
1358,,b0002y5x9m
1359,,b075g1q2th
1360,,b07xpdgbhl
1361,,b09z8h9x2b
1362,,b081np6h96
1363,,b095crfxt1
1364,,b08pfmj99d
1365,,b082f1zrtm
1366,,b09rj4hv7b
1367,,b07vqpyqb1
1368,,b0c8nmwxtm
1369,,b00n09d0tq
1370,,b0c2vl9jgj
1371,,b00f1fonbq
1372,,b0cgmcms42
1373,,b0b9j28336
1374,,b08tqsfw7g
1375,,b07wx1fn72
1376,,b07h1gd2fc
1377,,b004enkini
1378,,b083drw4ds
1379,,b01gciikci
1380,,b0bk377jbp
1381,,b004m5mwgy
1382,,b00545rx7e
1383,,b003ucbhes
1384,,b00akfsjz8
1385,,b0c4xwtx7l
1386,,b0bz8t5bj6
1387,,b005hnw15m
1388,,b0bx3w2wst
1389,,b005nich5u
1390,,b01bqgijqs
1391,,b00xhv7kw0
1392,,b07mwq3hvz
1393,,b09sr647jf
1394,,b01dowwx00
1395,,b09g6kyxqw
1396,,b0000de2ss
1397,,b081zrjrl9
1398,,b00485d8ha
1399,,b08t1d3y81
1400,,b08cf3tc7h
1401,,b0blw8pqgs
1402,,b07dkmy3k3
1403,,b0b2znyg37
1404,,b094c87zyz
1405,,b003lyyd28
1406,,b07vj611ty
1407,,b0bszv47yh
1408,,b078j5xcw4
1409,,b08x4gzl2y
1410,,b09mt5bqhw
1411,,b00ybubbq2
1412,,b08mf6l2np
1413,,b08bmh1xhr
1414,,b07b5gqkpl
1415,,b004ebuwhm
1416,,b08n12v2mc
1417,,b01m3prcem
1418,,b01fsthpua
1419,,b095jp4plh
1420,,b0042x9xae
1421,,b07xz1fb49
1422,,b0bzv3brt7
1423,,b08nwmj4g6
1424,,b08f7hznnw
1425,,b00i3wa2fu
1426,,b01250ln9e
1427,,b00hj28zpy
1428,,b00uxth1nc
1429,,b07chvzl82
1430,,b06xk3xhnp
1431,,b07bh1whfb
1432,,b00ksrv3uq
1433,,b09xjxyqm6
1434,,b09237x1gb
1435,,b0014xdyuk
1436,,b002e1avti
1437,,b01n1gbm7l
1438,,b07dkn3klp
1439,,b0c7zwxzjh
1440,,b07xk2x71n
1441,,b006yc5l16
1442,,b002vedg5y
1443,,b0bxl8142q
1444,,b09n34y8r1
1445,,b00dbrl4n6
1446,,b078mpb25m
1447,,b09228fr7h
1448,,b01m9dv5qi
1449,,b09lyshvzk
1450,,b08d6x9dnc
1451,,b087pdvh4s
1452,,b00lbuehk2
1453,,b0bblgt6dr
1454,,b07l3ww4k1
1455,,b0b4zhw5h1
1456,,b08xldnhp3
1457,,b002yk4xy8
1458,,b00f3fi0ou
1459,,b01l4y8l6u
1460,,b000v6zkbc
1461,,b00sy4voyk
1462,,b019rr4bew
1463,,b09m3sjm9t
1464,,b0bhqzl541
1465,,b075g1b63r
1466,,b07mdcxqfb
1467,,b08j3kqn8x
1468,,b06zyhplzs
1469,,b07qtcxtk5
1470,,b002670npm
1471,,b07p4kyj4b
1472,,b00hnke8ks
1473,,b01nb1x8k8
1474,,b0bz1hmw87
1475,,b08lk2g46y
1476,,b07pmbvq1q
1477,,b01ce3xzbq
1478,,b078sqd4b3
1479,,b0036uoja8
1480,,b09pymzhpt
1481,,b0c2vkld8z
1482,,b07gdnmk69
1483,,b07ntrn8wg
1484,,b0brz9znn2
1485,,b00cxk3s22
1486,,b01mywisae
1487,,b08fhqf8rs
1488,,b00f6g938s
1489,,b00xhebho4
1490,,b08ll3xnmj
1491,,b08y5m5n4w
1492,,b0731b2f6n
1493,,b0bcyt1nc9
1494,,b0by9g9131
1495,,b072j7c23n
1496,,b08p5yps25
1497,,b07mptlypw
1498,,b09rqv6swf
1499,,b0000vlxy6
1500,,b000w5qvlu
1501,,b09rkq1y5m
1502,,b0b691njz1
1503,,b07t7nybgy
1504,,b00kz64unc
1505,,b07xkxzt8g
1506,,b08b5vvwhw
1507,,b08q97jx3s
1508,,b08f4mw13p
1509,,b009lgclry
1510,,b01n6sv1dd
1511,,b09vwwljpb
1512,,b00e77l560
1513,,b010vzydjw
1514,,b00v4hh1be
1515,,b007uea0cm
1516,,b013jker0q
1517,,b0bbnkbdrz
1518,,b000npom8s
1519,,b0c1cnchsj
1520,,b07cr71873
1521,,b084zf3695
1522,,b01m34aqqg
1523,,b08fccxjty
1524,,b01l3eyqi8
1525,,b00166dusg
1526,,b0bbpnm2fc
1527,,b073tg87rv
1528,,b082fh99x6
1529,,b0194mfcc0
1530,,b09vkrnnzr
1531,,b0877c92h8
1532,,b0034jxo0w
1533,,b09kx56v3n
1534,,b00ky40232
1535,,b01fl42qsi
1536,,b01m0ajmxv
1537,,b0byb3kyvy
1538,,b0bn2l742q
1539,,b0728j3qvd
1540,,b005egszha
1541,,b0899ww2mm
1542,,b0784rsfyh
1543,,b0bm57rdmf
1544,,b0017szt1e
1545,,b092hvm6g5
1546,,b08b5t1vv1
1547,,b0b19whqr4
1548,,b0bll7s5wn
1549,,b09qfpn5kr
1550,,b0c4z56vcw
1551,,b0c55tnj44
1552,,b07dg1lk3s
1553,,b07hp12yvz
1554,,b0bp66dfb5
1555,,b07vprq42r
1556,,b088wgfq8r
1557,,b078v6ttk5
1558,,b07pqlwglk
1559,,b08r5pqhg7
1560,,b07ql9q5jg
1561,,b09tld9kcv
1562,,b00ff17io0
1563,,b079k9lzgj
1564,,b008f0dqt4
1565,,b00gbg6nqw
1566,,b00zaxmwia
1567,,b00ck58vww
1568,,b07y2ffxbw
1569,,b003z9l750
1570,,b09nxvllrx
1571,,b0c4zsldg8
1572,,b08b43rbpn
1573,,b0c3j513c6
1574,,b07f3wtxlv
1575,,b085hfsmdw
1576,,b06xk8s6sh
1577,,b0c654jd85
1578,,b07kmhmltg
1579,,b098wpf918
1580,,b098dpxst9
1581,,b098jstkl4
1582,,b08nsdlrnz
1583,,b01n9fen3i
1584,,b07qt88k9q
1585,,b081nx33w8
1586,,b00lbsmm5g
1587,,b07b9pll3g
1588,,b0794dhwtp
1589,,b07kp6lhnb
1590,,b07mjkk68b
1591,,b07rbg16sh
1592,,b005hnxfxy
1593,,b09qm35hkz
1594,,b01cg3l78c
1595,,b096gwbp5r
1596,,b09892g4g1
1597,,b001apn2dg
1598,,b0bvlw6299
1599,,b0184hwxqe
1600,,b00i606578
1601,,b00u05trjk
1602,,b0035rqbai
1603,,b07p5jwd52
1604,,b077365kjq
1605,,b09sks2r26
1606,,b07zr4d76j
1607,,b098dqm5tt
1608,,b001i9024g
1609,,b0bgmg7n9p
1610,,b07w6wpz2n
1611,,b09q956r8r
1612,,b0c6v89h1m
1613,,b08ywqq1dn
1614,,b0cc4tm88x
1615,,b00put9wz0
1616,,b08m5pfyyb
1617,,b0799rgkw5
1618,,b00ysm6q1i
1619,,b09ntcyf8d
1620,,b0001ag8f0
1621,,b08hs9zlwy
1622,,b07fqddwkf
1623,,b06xcrdlsg
1624,,b0bnzgzlbt
1625,,b07zhqj844
1626,,b00y5nxzoq
1627,,b07pdtft7z
1628,,b000feng3y
1629,,b07m8l1nsr
1630,,b07xn7y27t
1631,,b000gdmg5s
1632,,b08r38vfly
1633,,b07fmhgfqh
1634,,b07wfhwqxw
1635,,b084489zrc
1636,,b07ldk1rks
1637,,b00srt37ss
1638,,b076dhyjhd
1639,,b0b3hrkbvw
1640,,b001rctmtu
1641,,b07hg3zxvf
1642,,b07rqp439j
1643,,b0992gvd5c
1644,,b0855tj7y8
1645,,b0c2nqw78z
1646,,b0c4ttcnz2
1647,,b0bt8bmkdy
1648,,b0bvgtsg3t
1649,,b098k2q2xf
1650,,b096rsn1lh
1651,,b017149xr8
1652,,b08xt78xwx
1653,,b00jtug2j0
1654,,b0bw5c8djz
1655,,b008hysxge
1656,,b07b8xddjn
1657,,b08j4crb4b
1658,,b000hmccrk
1659,,b0b1zwf7wl
1660,,b00rzwr54u
1661,,b09x25wmvc
1662,,b004u5dv6q
1663,,b07plrsx3z
1664,,b09mjsfshm
1665,,b018ogrw4i
1666,,b0c482xf9w
1667,,b014ko8ttu
1668,,b0bdfvjdvx
1669,,b07c6b751l
1670,,b097c8srk8
1671,,b0977x3tth
1672,,b0c2ccdj79
1673,,b07rl8y5w4
1674,,b00rvw890i
1675,,b0033unug0
1676,,b0bqrmtt3h
1677,,b09wbd9cm2
1678,,b0bzjt331p
1679,,b07d275jlj
1680,,b0bggssql5
1681,,b094ny89ml
1682,,b07hhqt8p5
1683,,b07s2844ww
1684,,b0049h9nlc
1685,,b00005v3w3
1686,,b07r8wpwjp
1687,,b06y21sf7l
1688,,b07mzk7c6l
1689,,b01murhnz0
1690,,b093dcjnnl
1691,,b01myta3of
1692,,b00uffa5ic
1693,,b0145gmv7y
1694,,b01m05bb7t
1695,,b0b4pcs48x
1696,,b00m4jchre
1697,,b09bk72kg1
1698,,b007aqzaw0
1699,,b0000vmbqu
1700,,b0843hrp2d
1701,,b09sxhr4ql
1702,,b0000tqifm
1703,,b07dm9vg8d
1704,,b01ir1gqj2
1705,,b0876w492k
1706,,b08vgr8cs1
1707,,b00068kzhy
1708,,b001vsspha
1709,,b09cz4bzxh
1710,,b08l3jh2q2
1711,,b0b8yhj52t
1712,,b06y57qf6j
1713,,b0bq9dmh9w
1714,,b0145gnqiw
1715,,b09xc29s6g
1716,,b0c6rs6v2v
1717,,b07pnrhzmp
1718,,b093jmkfbs
1719,,b087q6y5rr
1720,,b017ld1h32
1721,,b00275fsqc
1722,,b018zoi5tu
1723,,b08r5c78mt
1724,,b0b2j3trbr
1725,,b08xc5j5br
1726,,b089gy53bz
1727,,b00065l4yu
1728,,b0c4jw9xhr
1729,,b01d82pzug
1730,,b09s4v25k6
1731,,b0c156ncx8
1732,,b000w5m1og
1733,,b081chrt6v
1734,,b00iiyr1ys
1735,,b0b9shzgt2
1736,,b075chcqx6
1737,,b01n99r41e
1738,,b008mw00sa
1739,,b00n30aq12
1740,,b0bd7f8pfp
1741,,b07c1rwdhx
1742,,b000bo83ta
1743,,b07z3kv146
1744,,b00lhsseg6
1745,,b0bthvxvyn
1746,,b08d912pyd
1747,,b09n27dymx
1748,,b0899nnbzl
1749,,b01ciyhft4
1750,,b07cn64gn4
1751,,b08438jvpf
1752,,b07y8th5ps
1753,,b098qz8gsy
1754,,b008vimzry
1755,,b08xc65ytr
1756,,b07lfkqm6f
1757,,b07zm679s4
1758,,b09gw78qj4
1759,,b09nmthvv8
1760,,b0bwnfk9wx
1761,,b098rl8kh3
1762,,b0bqwfjmpj
1763,,b07mb4qfyb
1764,,b07whmbq98
1765,,b0bz14gk2q
1766,,b0055sdcbq
1767,,b086zkzt4h
1768,,b07l8s6b2d
1769,,b0bsfnjpnt
1770,,b0bw46rdsf
1771,,b01airxvoq
1772,,b07mdm8ym6
1773,,b00jm9vzig
1774,,b0050jl4tc
1775,,b09tscw3mw
1776,,b07s1swjhj
1777,,b01ltdpl3c
1778,,b0c3mrx9wz
1779,,b01j9182z0
1780,,b06y4xh7c5
1781,,b094vg9lwr
1782,,b006vgj0fi
1783,,b003tta77u
1784,,b0bw46bbcg
1785,,b00h5x5ca8
1786,,b005t6fbok
1787,,b00cbfyhom
1788,,b00mnt65og
1789,,b09c1hxdp6
1790,,b00ekubxbg
1791,,b0b18krkw7
1792,,b09gf9mgyz
1793,,b005tjbypw
1794,,b0bqrl6s3n
1795,,b0c69pxh21
1796,,b09sl51vw6
1797,,b07c8b65v3
1798,,b01mfgokkh
1799,,b08vhsn9kc
1800,,b0073ym9s2
1801,,b08r5ngb3p
1802,,b004ytw58s
1803,,b0b15km52x
1804,,b09gkp1x74
1805,,b01mxhpg0y
1806,,b07w1x3t75
1807,,b076xf65jr
1808,,b09wbttd28
1809,,b004zkflxw
1810,,b09xh3ht1v
1811,,b006w0r5v4
1812,,b07q657v3m
1813,,b09hwgll8p
1814,,b0c84szxnc
1815,,b00nvhlurg
1816,,b004d95u0e
1817,,b0798k3rjm
1818,,b00kxd573y
1819,,b0c2vlh2fy
1820,,b004bdp6ag
1821,,b000bhiez0
1822,,b00k319r64
1823,,b01hd6p49u
1824,,b00mtifdks
1825,,b07chlrpz4
1826,,b005km05l2
1827,,b07ybvws49
1828,,b0c32fl27x
1829,,b07pcvgknp
1830,,b07xnpmzrc
1831,,b09ktm51gx
1832,,b00dob1sps
1833,,b0bfkfdbkj
1834,,b0713skgfr
1835,,b09ydlx1t9
1836,,b086zwhwtt
1837,,b09fdmtgmj
1838,,b0bjkng8zn
1839,,b001bkhsd0
1840,,b0c43nzg56
1841,,b0bxsfgqzd
1842,,b0bvm1dxcn
1843,,b00os3qt78
1844,,b01mr27rs5
1845,,b09ltxgbgh
1846,,b07xlb7cdq
1847,,b07jlscd28
1848,,b013gxdtyq
1849,,b09svmry19
1850,,b07tv8qy93
1851,,b078hhsqgw
1852,,b07rk96gc4
1853,,b072jgwydg
1854,,b0bjq8bng9
1855,,b09fw7lzzg
1856,,b00utqw0wg
1857,,b07jp25ktj
1858,,b08ynqgbtb
1859,,b085zbnh1b
1860,,b0071nwty4
1861,,b087tjs5t4
1862,,b0036rs1oq
1863,,b0btydty4r
1864,,b08jq9qlbb
1865,,b0c6lj4zt8
1866,,b08pyv1xdy
1867,,b0c7tf1p41
1868,,b00eilorss
1869,,b01my3g27r
1870,,b09hvb548h
1871,,b005m79zes
1872,,b085dj4jv8
1873,,b083gvlbf9
1874,,b00sxi7et6
1875,,b09t33jt81
1876,,b001e296as
1877,,b07tqzmb43
1878,,b0b2n4bs8q
1879,,b01m5h407v
1880,,b0789dckfg
1881,,b07dvc9p2k
1882,,b0bm9j2vrt
1883,,b0772vlmry
1884,,b0814b5rhg
1885,,b00na8amo8
1886,,b00oit63f0
1887,,b0blgsh39g
1888,,b07kcntdlk
1889,,b08v595dgt
1890,,b06zzxzws5
1891,,b0c43kb2lx
1892,,b09xmcyvc7
1893,,b08z233qq7
1894,,b07xjnplf8
1895,,b0093frxee
1896,,b079yltkx4
1897,,b01ak9zugo
1898,,b00jh9muxa
1899,,b0007lnj0a
1900,,b086rk82pt
1901,,b07d635vd4
1902,,b01dcbeou0
1903,,b079yqjp5r
1904,,b0bf55z2cf
1905,,b01n80oitf
1906,,b0c4y92gfp
1907,,b0728h6n51
1908,,b098dmctjj
1909,,b0007oer2g
1910,,b071rdf64f
1911,,b0b8p7b26g
1912,,b0838tt4kq
1913,,b08cd2w12f
1914,,b09m9fvfwz
1915,,b0bqg9v5w7
1916,,b017j7idj6
1917,,b0848tsvdl
1918,,b00i1tww6m
1919,,b09tnrzlwg
1920,,b0c7ztq7k1
1921,,b001bq5neu
1922,,b07wlmwqd3
1923,,b07g835d2s
1924,,b00jr5aawm
1925,,b0c88sztn8
1926,,b087qc2rsn
1927,,b00zx0mv6s
1928,,b0brcw9lfn
1929,,b09tk9894c
1930,,b07n6n52hy
1931,,b08fm3qww9
1932,,b0073mxrto
1933,,b07yg3wfx8
1934,,b09jjhjdc7
1935,,b01cplz4fc
1936,,b08cvf5dgz
1937,,b006wbw356
1938,,b076hmss56
1939,,b0c7sjxptv
1940,,b09jp5vrc7
1941,,b08r8d2q7x
1942,,b09qm6q77w
1943,,b008b8w1ic
1944,,b087n7znck
1945,,b083qbsdwb
1946,,b07h1s6y4f
1947,,b00006bsx0
1948,,b07vflq4pg
1949,,b003dyz91u
1950,,b0b5vqsvv1
1951,,b01grsla4i
1952,,b004qiwgqs
1953,,b0bry5kd4g
1954,,b008bsm86c
1955,,b00457lhcy
1956,,b08lhc76vs
1957,,b06x6ldmyr
1958,,b0c4f6p7ck
1959,,b0bzpjgks9
1960,,b01h0g8ff8
1961,,b00vhoj3em
1962,,b01dzrn0ns
1963,,b0bfbwdhbt
1964,,b0b5hkdctw
1965,,b09tnzhtg7
1966,,b0blk42n6n
1967,,b07ttdkntz
1968,,b0b7bt8btb
1969,,b083x74kvc
1970,,b08ddj96bs
1971,,b08dkmj6p2
1972,,b07xx1f5wg
1973,,b00nk4ns8y
1974,,b098dd5qk2
1975,,b00y35wpr4
1976,,b06zymlv7k
1977,,b0bg3sz57x
1978,,b00ffj6xti
1979,,b076hz29dw
1980,,b09t66q3pq
1981,,b07h5qlzpl
1982,,b0c5j1kb23
1983,,b06xprmp6l
1984,,b000vimpj0
1985,,b0c4qc8s3m
1986,,b07kf8hrzs
1987,,b08dhh6xb6
1988,,b00uaqngbo
1989,,b00x66irhs
1990,,b09zb1zfjx
1991,,b017j8mepo
1992,,b085nyxxk3
1993,,b00brag4ts
1994,,b08lkp29l8
1995,,b0753c25lv
1996,,b084s64fph
1997,,b083fdf28z
1998,,b077g9jv11
1999,,b00fmon6uu
2000,,b0bgmwk5yq
2001,,b00wjyv6xa
2002,,b08jv7717y
2003,,b075ylbrwf
2004,,b08wctm4cf
2005,,b00vnmlrom
2006,,b07rgn3m6k
2007,,b0bpqsbv47
2008,,b09464qbrj
2009,,b07vl6lx7v
2010,,b002fkcj7a
2011,,b083zqndz3
2012,,b01ljdtl6a
2013,,b08fbx9ybn
2014,,b0074gx2ye
2015,,b0bpp2y6y6
2016,,b085hg44z6
2017,,b076hqv5bq
2018,,b0bqlw5y3f
2019,,b0bpjskf2w
2020,,b07r7bg4l1
2021,,b086mhsjzg
2022,,b09p86fwqc
2023,,b09x2jjfpk
2024,,b076vtxqr2
2025,,b072fj1wd9
2026,,b00i3yo1pa
2027,,b09nn82zn3
2028,,b00n84vkt0
2029,,b09l7zbyjw
2030,,b08s5q7tcg
2031,,b077m5f9gl
2032,,b06xg34gn2
2033,,b08nq49y4y
2034,,b0018od8ew
2035,,b07xxxf3ny
2036,,b017n8ejn0
2037,,b071w9l4jg
2038,,b01euo1t1k
2039,,b01cvuddtq
2040,,b08kq8sbht
2041,,b071f3bpk1
2042,,b01n0obdlb
2043,,b09yxt1tky
2044,,b07sr7m6y9
2045,,b09jhrl9r2
2046,,b07ztpvvyp
2047,,b09qt5bzmv
2048,,b092j2hb4s
2049,,b01cply4je
2050,,b0041bpfdg
2051,,b08d4ljsqv
2052,,b07f1rpg73
2053,,b0cbgw3hnk
2054,,b004rb73a8
2055,,b076f37t1v
2056,,b07zhdmy7x
2057,,b096rgckqv
2058,,b07qdp8gyb
2059,,b092cxzpw6
2060,,b083thk69m
2061,,b07b63kstj
2062,,b0b8ntl1wg
2063,,b0777lc8wc
2064,,b006cqdiua
2065,,b00014weig
2066,,b072px853h
2067,,b001j5xhk0
2068,,b083m578gk
2069,,b009vg1u7q
2070,,b08g9pnld4
2071,,b01k098d68
2072,,b07h5sgw61
2073,,b00u9ztaji
2074,,b086b97w1d
2075,,b01mq9kl81
2076,,b08dwgbvgm
2077,,b07ps4j2kj
2078,,b07822z42m
2079,,b0bzdcvbg4
2080,,b01nca5djc
2081,,b08rp2s3wk
2082,,b00setlnsc
2083,,b08nhyvgzt
2084,,b081drm8p4
2085,,b07l96hrc8
2086,,b06xdsqrmj
2087,,b01645m3ja
2088,,b08qmqgp3k
2089,,b00jf9gu88
2090,,b09c5n2x5y
2091,,b0bq2xx11b
2092,,b00004ocj8
2093,,b00004sacj
2094,,b07fbdwltb
2095,,b01acardy8
2096,,b01252akau
2097,,b07dxj9wkf
2098,,b091fr6y67
2099,,b07vbwdb1r
2100,,b07pnd7cq5
2101,,b087p5x1cg
2102,,b00dutgtb2
2103,,b0bgsc1m7q
2104,,b00nmrdqrm
2105,,b0c6g1t9vj
2106,,b073p2sk32
2107,,b00i8mvgi2
2108,,b0c4lkms27
2109,,b0bnqfy9mr
2110,,b09fgjkhf4
2111,,b01md0inwh
2112,,b0c33q8ngy
2113,,b07md4d12f
2114,,b07pj6frbb
2115,,b00h25ssa0
2116,,b08ymmscdj
2117,,b08kqkz9nb
2118,,b08cn3ps9k
2119,,b001fa1fhg
2120,,b0c2cwmnv5
2121,,b0bvsl9mff
2122,,b01lmyr5tq
2123,,b0bmff9c5f
2124,,b0c6wxs132
2125,,b097skh9dj
2126,,b0789sfswc
2127,,b06wrpfv2p
2128,,b07x13nskh
2129,,b07pfvr33v
2130,,b000xy8pdw
2131,,b07v9m33rk
2132,,b07h3sm8g5
2133,,b07fnpb32q
2134,,b0199c7qq0
2135,,b08p4d95y2
2136,,b0bmgc9j18
2137,,b00rdpzfim
2138,,b009hvh4so
2139,,b09y5nrj64
2140,,b07ycrgbjk
2141,,b002nbnj7k
2142,,b019wlun40
2143,,b0bqy4pyns
2144,,b07v9ncgbz
2145,,b072l2fbbd
2146,,b0036uz60u
2147,,b07zqq3tm9
2148,,b0786mmbth
2149,,b0b5212m72
2150,,b07tt4sd89
2151,,b077r9b3dl
2152,,b003bknl98
2153,,b09xmzxlxp
2154,,b008bwesbq
2155,,b07cmshvbd
2156,,b000p9tqem
2157,,b0c61y3h9s
2158,,b011jayeq0
2159,,b000xywqw8
2160,,b01252ektw
2161,,b01d5uc036
2162,,b0734mr4s8
2163,,b08brl8qn6
2164,,b089fg9hwp
2165,,b08dg5zfb7
2166,,b09hz1fc4v
2167,,b0bnk3y7sh
2168,,b08yqndyyd
2169,,b01jirw2ni
2170,,b09q82fpt9
2171,,b00a7yt9ry
2172,,b00iuak07k
2173,,b01gvvqnl6
2174,,b01bw7h5g6
2175,,b0046k66zs
2176,,b010e1zqvc
2177,,b07dfhswk9
2178,,b0bd36661s
2179,,b000ga0pcw
2180,,b07dggtb21
2181,,b0b8ydt8sx
2182,,b0bnn66w4q
2183,,b091hnw9bd
2184,,b000codl8w
2185,,b0b8vq1dc7
2186,,b015u0xma4
2187,,b09wncvwxn
2188,,b085n2xsfd
2189,,b07c2qx8c1
2190,,b0b6498gfp
2191,,b01n3qf4ds
2192,,b073v66kn1
2193,,b08ksnrtfg
2194,,b07q8dxpyd
2195,,b0b9xv7t5y
2196,,b073p751jb
2197,,b08bfkhlsz
2198,,b0c3ndrlwq
2199,,b07pgc7wp3
2200,,b07h57pvfm
2201,,b075fg7yy1
2202,,b0bnn1vpcn
2203,,b092r7z3pb
2204,,b0009rf81a
2205,,b09mllz7bx
2206,,b07y2mmnvn
2207,,b0bnq7fvsv
2208,,b079zq78nt
2209,,b00us645gq
2210,,b01gvgx8tg
2211,,b0c6hcl8vs
2212,,b01enfxwos
2213,,b06xr8tq6t
2214,,b002fr5ncq
2215,,b0b4rfmmmk
2216,,b071h9371t
2217,,b08y8vxn6s
2218,,b00zxlon9a
2219,,b00f54jvss
2220,,b00p8e14k8
2221,,b00wgkhuqe
2222,,b09zq2xz2r
2223,,b00xgoz7vy
2224,,b07nrnqkhv
2225,,b0bzz6969z
2226,,b0868kbcs2
2227,,b07l9rfjwj
2228,,b09qg4vx3h
2229,,b09qpnbnp8
2230,,b007y2sckm
2231,,b07s86nr2j
2232,,b07jlkzdbn
2233,,b07k63ms13
2234,,b07gbdqh4x
2235,,b07yf24bh9
2236,,b0bkzpldst
2237,,b00y1flkfe
2238,,b076glpsf6
2239,,b000i1x42m
2240,,b07zftx5c5
2241,,b09w294zf3
2242,,b0719jsm8g
2243,,b0065anheu
2244,,b00ca36zky
2245,,b0b318k9sq
2246,,b017dp5kwc
2247,,b07c6vw8ss
2248,,b075sp4x2w
2249,,b09mm7j9l6
2250,,b01gjkdp3i
2251,,b08gl37wt4
2252,,b01asf0i9y
2253,,b084d2qxcm
2254,,b07p7sqxkw
2255,,b001f51a4y
2256,,b074kvfndp
2257,,b07chq49qb
2258,,b0blnnlxmq
2259,,b08cv8cqnf
2260,,b07hjh4ggd
2261,,b0007y3a9c
2262,,b07zczfgw4
2263,,b0c5qmntp1
2264,,b08dcgvyvj
2265,,b001cejhra
2266,,b07mzl6g4g
2267,,b000fblqlg
2268,,b08jyw4kqc
2269,,b01m655233
2270,,b07mzpwxrj
2271,,b09g6m445q
2272,,b09928ykjl
2273,,b0b1mjskrp
2274,,b0050plcuw
2275,,b085hn12rd
2276,,b000psbncg
2277,,b00067lafg
2278,,b07jzy82z4
2279,,b003byrdk2
2280,,b01ma43rs5
2281,,b00sku5qis
2282,,b0bc1h1s6p
2283,,b093tp33fv
2284,,b09p85tmtv
2285,,b00esn5vtk
2286,,b07r6ljhf3
2287,,b08lp2ksr1
2288,,b07l2jhsn5
2289,,b07bl2j2yh
2290,,b0b3t91x36
2291,,b006jcwgic
2292,,b00pchquv4
2293,,b004fz5d3k
2294,,b07l9fhc9w
2295,,b0bbts4spv
2296,,b00ayumb8k
2297,,b00bvc0lc8
2298,,b07fz3h5gf
2299,,b01eaopu8i
2300,,b082m8z75r
2301,,b000upr5ty
2302,,b07rwhtr3l
2303,,b0015yj0gk
2304,,b0bxpfq5w4
2305,,b07jr68sh5
2306,,b07h7f582r
2307,,b0bpy3shjj
2308,,b095lqyftc
2309,,b08281yzl3
2310,,b07vz12kqt
2311,,b0c5b3ywj7
2312,,b01avjy15y
2313,,b09ksczrll
2314,,b07y9yvlfq
2315,,b0bk3gdzf6
2316,,b01mxptkzr
2317,,b078b3hgbg
2318,,b01mf9l48l
2319,,b09b4cqkws
2320,,b0167zwip6
2321,,b0bsl1flgw
2322,,b07vwscgc2
2323,,b097dyzzdz
2324,,b01g2yp6cy
2325,,b093qhz7q2
2326,,b000vqzols
2327,,b0bz4qqs8p
2328,,b0c4g63cd2
2329,,b074293b3j
2330,,b073hyw9lw
2331,,b07vwtk3xh
2332,,b0byv1t661
2333,,b084kh8ntw
2334,,b07v2f8w1d
2335,,b014i986dg
2336,,b0c4xr6k9x
2337,,b07lfdsjkq
2338,,b09z6mc235
2339,,b00ntbhe2o
2340,,b079l5p8cb
2341,,b09gxggrdq
2342,,b010pwalga
2343,,b00p8nq9gs
2344,,b0byt8bbyz
2345,,b007zpacd8
2346,,b08p1h1l7r
2347,,b00fy6py8i
2348,,b01ioy3iac
2349,,b07fqp39h1
2350,,b083j4wg4w
2351,,b01eyhozg4
2352,,b07pfn1q3q
2353,,b08kjlcc6r
2354,,b007e8kceu
2355,,b005vsubri
2356,,b0c5rt5d63
2357,,b07zjfww2k
2358,,b07rj9df83
2359,,b07rn2wqdk
2360,,b07h9yy5qh
2361,,b07wwshryr
2362,,b01b2kpuyw
2363,,b09z2rvbcp
2364,,b071r8dsxd
2365,,b085clm4xb
2366,,b09rg93jsv
2367,,b0bqxn16sf
2368,,b09zt46n7h
2369,,b09tddj3wr
2370,,b0b62hwtny
2371,,b008ekr0ug
2372,,b01nafxb34
2373,,b098dm6xhc
2374,,b07mfzhz4f
2375,,b07tpgv2ph
2376,,b07q2zpy35
2377,,b01n76b2i0
2378,,b0c3fk86p6
2379,,b07ywpk8ts
2380,,b0868q71r6
2381,,b08zlfqy7r
2382,,b0725qktrt
2383,,b005g6tmc0
2384,,b08l8w14fk
2385,,b07q89swd2
2386,,b00ygihgky
2387,,b002pqzz98
2388,,b08kwt877m
2389,,b086d71pft
2390,,b0982xhzfh
2391,,b07ypw4lm7
2392,,b087j1qm4y
2393,,b01j7t4686
2394,,b01lwskw8a
2395,,b01lfg6mko
2396,,b0bjd45nfj
2397,,b001lk798e
2398,,b07dwpjy73
2399,,b0c5sw4lsk
2400,,b00cblw1x0
2401,,b0821vmk6p
2402,,b002y2ow6a
2403,,b09vd11n9f
2404,,b002rr9gi6
2405,,b0012829xk
2406,,b09d9957bb
2407,,b01d4h4zss
2408,,b0bgnldtl6
2409,,b08mkq2xn6
2410,,b07h7hty2p
2411,,b0bgc38qd1
2412,,b09mf5ps9p
2413,,b07wx61wh3
2414,,b07f1ym26c
2415,,b000mdcae4
2416,,b00b5hdy6y
2417,,b06wgmhts7
2418,,b01n0ykzpg
2419,,b089vmg4k8
2420,,b085w2bl27
2421,,b00yz3wm4k
2422,,b09f5r9b4p
2423,,b00448ksme
2424,,b00e1c1hx2
2425,,b09znp9bb7
2426,,b0bthqfn77
2427,,b07cnrsr84
2428,,b077st7bmm
2429,,b072bq7b2t
2430,,b09kc33svb
2431,,b09hvtl924
2432,,b098q1jpqp
2433,,b07gshw951
2434,,b09sw71hc8
2435,,b0b94hxf2h
2436,,b07cync65h
2437,,b088ql5gn2
2438,,b084c5fmmg
2439,,b085ftx3g3
2440,,b01in7h53q
2441,,b08x41pnbh
2442,,b00d6cneqq
2443,,b01d5hecsk
2444,,b088zsqp3w
2445,,b07g4v87l7
2446,,b08xs5qqy9
2447,,b00jr5ad6a
2448,,b08lc8kcwv
2449,,b01c6xhu6k
2450,,b0785wxz1b
2451,,b07pytt64t
2452,,b000fatzr4
2453,,b006tjan26
2454,,b077f6wjws
2455,,b0bg4wsqms
2456,,b08t9l8kj2
2457,,b0067vjdao
2458,,b0bm2s31tb
2459,,b0by9mmpjm
2460,,b0bgyrpzhd
2461,,b098kqqmxb
2462,,b00im5tmze
2463,,b082zl4l96
2464,,b07r54s241
2465,,b0c3nj8mld
2466,,b08jlx2mk4
2467,,b09shffb8z
2468,,b07cqtthlv
2469,,b077rr9n55
2470,,b00a2gptc6
2471,,b01hj974h6
2472,,b07gb12jlm
2473,,b002ykvm92
2474,,b08y8krn28
2475,,b0bs2lmqlh
2476,,b07rlxqgw2
2477,,b07dmbyh4s
2478,,b0011ypw84
2479,,b086y1xy5r
2480,,b08d7fhqhp
2481,,b0013valok
2482,,b000if8o1o
2483,,b0c8vfggf6
2484,,b003b22nxq
2485,,b0bw3vvs2x
2486,,b01erm6o56
2487,,b093srmk15
2488,,b07bzhjnb8
2489,,b0b1j7j4jk
2490,,b07n841w37
2491,,b0c629flzh
2492,,b0c74mgp4h
2493,,b00ciu93te
2494,,b09b2hxgl1
2495,,b071v4syvm
2496,,b0bn3hhsnd
2497,,b0bs2x94dh
2498,,b07qnv78wm
2499,,b089nflc4p
2500,,b07rp7nfmv
2501,,b01n5pfi5p
2502,,b00snoki4i
2503,,b01mz90c1c
2504,,b081db87c2
2505,,b0b54t6wyx
2506,,b072qrlfhv
2507,,b012ty1oxq
2508,,b013ynzz9u
2509,,b0brz6h4b6
2510,,b099m7288n
2511,,b00q25kmb4
2512,,b07v4njq1b
2513,,b0039v1qs2
2514,,b07zkfdkml
2515,,b08xys59s8
2516,,b07krmhnfd
2517,,b099kvhdvf
2518,,b07l6ry3hm
2519,,b01m4rh8ra
2520,,b0blqlh29m
2521,,b095kf6jrl
2522,,b077g466qf
2523,,b09qkw8d5f
2524,,b09g7496ty
2525,,b001g6vtse
2526,,b08jv9qcbk
2527,,b07y5l6xym
2528,,b0c5xrf32p
2529,,b08q458v8p
2530,,b08ckgq26y
2531,,b004s3nqcy
2532,,b07fk7mkxn
2533,,b000nd1y4a
2534,,b01lxqvwrb
2535,,b075kq8fb4
2536,,b09b3fnjsg
2537,,b0by8r15lm
2538,,b07zk5vzp6
2539,,b004etlffw
2540,,b09tk7tgm5
2541,,b08d8q285w
2542,,b003fssxzi
2543,,b0b38v73dp
2544,,b00b9jiffi
2545,,b0839mnjfr
2546,,b0c621yg13
2547,,b01aqbau48
2548,,b01lzamtun
2549,,b0blmhcpkz
2550,,b0bjzk8frh
2551,,b07hhxz2g3
2552,,b08wkp2x49
2553,,b00b8g0pvy
2554,,b09wrfknzg
2555,,b088wng7k7
2556,,b08gs5m72n
2557,,b0cbqchqk1
2558,,b07g7v6nb4
2559,,b0986zjc1j
2560,,b07mpnc6jb
2561,,b01lvwg3ww
2562,,b0795fvjhn
2563,,b092j4g2s8
2564,,b00cqljesu
2565,,b07t1vzckd
2566,,b0b9c97x5k
2567,,b099rcgmsv
2568,,b00bpmh3e8
2569,,b07qdms4st
2570,,b002f9myfi
2571,,b092zgpxmy
2572,,b07f9m3vfz
2573,,b09j4w85wz
2574,,b0c4ty4zrq
2575,,b01f7ulp7e
2576,,b0999btdjb
2577,,b004bdp692
2578,,b0946htplr
2579,,b082p55fpd
2580,,b00196y8d4
2581,,b08pkys9ng
2582,,b0bfmmr64h
2583,,b0bnwwl8l1
2584,,b08fd28l2p
2585,,b0000cftv3
2586,,b0bmqgcvw8
2587,,b09mksh97g
2588,,b07t5pm2k3
2589,,b07f2rzrjw
2590,,b07xdtb1ps
2591,,b000glpqra
2592,,b0c2ynyn6h
2593,,b07d6yj5ct
2594,,b0834zpsmh
2595,,b0bvknkk5n
2596,,b0c4dxk627
2597,,b0byd2zt2p
2598,,b007m6g5wc
2599,,b07bytrjyr
2600,,b01ly0wm4a
2601,,b0bv23htsw
2602,,b00061u43q
2603,,b08g4vmgvj
2604,,b01nbpobtn
2605,,b0076xbn8c
2606,,b003y3azri
2607,,b01255crty
2608,,b07sblm1ns
2609,,b0bzr7vdhm
2610,,b0061wkkr4
2611,,b019i35ka4
2612,,b00cbecptc
2613,,b00dv6sjfi
2614,,b09tx9vzy4
2615,,b08cnpw9lm
2616,,b01ax9sk1s
2617,,b005dklvws
2618,,b09xfw7rhj
2619,,b083b5nzzb
2620,,b07nk2tnmj
2621,,b08p7vw82b
2622,,b08sr141sq
2623,,b014zw46vw
2624,,b01m07p108
2625,,b00twtjejs
2626,,b00167t81s
2627,,b09t68nlnr
2628,,b001ms6t8g
2629,,b00l27kmbc
2630,,b0bdld4lb2
2631,,b07vjmdfst
2632,,b08nbb13pf
2633,,b008lid47o
2634,,b09st3lbr5
2635,,b017l7ee9m
2636,,b077nm8klm
2637,,b0btrnc8ln
2638,,b0957y7zs7
2639,,b07d6bbqby
2640,,b0bb8fky17
2641,,b07wrz1pcr
2642,,b09hjrdywx
2643,,b06xgrr4jh
2644,,b07jm2xqqj
2645,,b08qlmdnqz
2646,,b0brwwsggl
2647,,b00004z0jd
2648,,b07dnvwl4d
2649,,b076dvr42m
2650,,b0bs69shy6
2651,,b0919ds37y
2652,,b0c591dbws
2653,,b011j8g186
2654,,b07ncqwcqs
2655,,b00bj86mtk
2656,,b08hd86kp4
2657,,b00zszgrsq
2658,,b09p8hvcrz
2659,,b01m5fe8ix
2660,,b07kxf6cmz
2661,,b06w9nhb31
2662,,b07fpwt8kz
2663,,b01ioix8ki
2664,,b07cdddn25
2665,,b0bvmgwkls
2666,,b076pp724k
2667,,b088b6436q
2668,,b09l12bx9r
2669,,b072lpc8xn
2670,,b00ks06zpg
2671,,b00okp2zs6
2672,,b082z796d6
2673,,b01hp3k4pa
2674,,b08f4zm2ql
2675,,b0c3hrd7qt
2676,,b07bwzdch6
2677,,b08bzm7ftt
2678,,b00i9vp6jc
2679,,b01lvxe68w
2680,,b0c7jjtvnt
2681,,b07j4lcc9k
2682,,b0c5mt3rtq
2683,,b002s51rqg
2684,,b07h57zmtm
2685,,b07ddw4rkm
2686,,b07jr9qxk4
2687,,b08g8pt65q
2688,,b01g9tqr4i
2689,,b093pvpkm9
2690,,b08jtfv2wy
2691,,b088l5pfkm
2692,,b00nzllejm
2693,,b08vy4c7mf
2694,,b08r6smsxs
2695,,b001fyyfaq
2696,,b08ffpnj12
2697,,b01k3t6i44
2698,,b08jgw7tk7
2699,,b07c2qzdwm
2700,,b000jzzil2
2701,,b09l58bgkp
2702,,b001689lak
2703,,b07c7n3fyj
2704,,b0bn7jrh15
2705,,b07w2vl332
2706,,b00eqc4koa
2707,,b07dch9qst
2708,,b093kjlp6x
2709,,b007kawfqu
2710,,b0btrwvzb2
2711,,b001fb5k8a
2712,,b005a5cxb4
2713,,b095lnhqml
2714,,b07wtjyrkp
2715,,b00j83zrxa
2716,,b074w1wmqf
2717,,b06xdk9d8n
2718,,b095lz51rf
2719,,b0b2tm98td
2720,,b07cbv3r8x
2721,,b076gm63nr
2722,,b007vg761c
2723,,b07bgwvy6h
2724,,b0c1j9t7vl
2725,,b07bndhq9y
2726,,b0cdmh7mzv
2727,,b000bi22uw
2728,,b07xkz3ybk
2729,,b0125197dm
2730,,b07cqyrpb5
2731,,b07kmdvt9w
2732,,b088d5kh2k
2733,,b09x9lrfr5
2734,,b0b93wjzry
2735,,b071lnhbr5
2736,,b097rmbnqx
2737,,b07t6xv8gd
2738,,b07mzjk7x3
2739,,b087tg1n56
2740,,b0b71426xm
2741,,b09jyjyfrb
2742,,b00hjiyc7i
2743,,b094y2vj1b
2744,,b0771qdby5
2745,,b09f5r7x4f
2746,,b0bnb8dv8y
2747,,b09vdd2nc2
2748,,b00322y9qy
2749,,b0968xmrdh
2750,,b0bt8knfld
2751,,b06xygrkq8
2752,,b08539drq9
2753,,b0bwjgngm3
2754,,b07c9gmdbl
2755,,b0bhdwkrxk
2756,,b01mygomgz
2757,,b0733g5hmp
2758,,b07d29y53j
2759,,b07dlsqfx9
2760,,b0793nvsvz
2761,,b0839fjrgy
2762,,b00r1qsdt6
2763,,b089nd4hs4
2764,,b07fm7p4f4
2765,,b07jmmz25f
2766,,b01c08m4a8
2767,,b01h0f6l78
2768,,b00bbgxbte
2769,,b07f1m567g
2770,,b07t6kvyz1
2771,,b0cb52sh37
2772,,b0br4c1gkm
2773,,b09nmvx5hd
2774,,b0c1yt2w17
2775,,b009wzloao
2776,,b0174fd6hc
2777,,b01m8msig0
2778,,b005rrbm8k
2779,,b08nq2vfk3
2780,,b0b7j6n1x5
2781,,b005gpvn5k
2782,,b001ei2fqe
2783,,b08jtwfyq3
2784,,b004uej0zi
2785,,b07csm4vx9
2786,,b001qgeqlq
2787,,b0blnc8n99
2788,,b00m9fxfg0
2789,,b07tmqwl4v
2790,,b00nizgepy
2791,,b01ka7vza6
2792,,b06xy18x3k
2793,,b093137m9c
2794,,b0bz3sk12z
2795,,b09vf5z2jj
2796,,b005447jcy
2797,,b07b946mk6
2798,,b005a4omby
2799,,b089psj19z
2800,,b07lc52qbn
2801,,b017hvwxls
2802,,b08vjc6x68
2803,,b00310rdkg
2804,,b09w9d93w9
2805,,b01m0udxsr
2806,,b0982knk6b
2807,,b007yz7c3c
2808,,b06xxqsngx
2809,,b0188x172a
2810,,b08g1k7sq6
2811,,b08gby1vpq
2812,,b082xt5cl5
2813,,b001aq2p74
2814,,b00kouh16m
2815,,b0b94rxztn
2816,,b0777tgg94
2817,,b076vwdv7p
2818,,b07rnm12th
2819,,b0c5l56d1y
2820,,b08bjbyyxs
2821,,b07g6rk2wy
2822,,b071sdljz3
2823,,b0c5m24vl2
2824,,b07zj572gx
2825,,b07gsw2fsv
2826,,b07858j3tl
2827,,b0bjk937xs
2828,,b091dc5znv
2829,,b009ea1ah4
2830,,b08c5c8hsq
2831,,b0777zv1gx
2832,,b00133krk6
2833,,b07tyykd99
2834,,b00j051bcm
2835,,b01gvmw044
2836,,b0bgrzsclr
2837,,b07mlbt5pv
2838,,b00pgoyng2
2839,,b003k0ddp6
2840,,b0c7fmpszn
2841,,b00bixmdas
2842,,b085dffnpy
2843,,b085tll9n1
2844,,b0844kncnk
2845,,b07qxxpzlr
2846,,b074qwd7v2
2847,,b005pqagia
2848,,b083xlfc12
2849,,b0827bgq14
2850,,b003ve16im
2851,,b08k8txygj
2852,,b08g13zp1r
2853,,b072xbg434
2854,,b07f71c97b
2855,,b083lh2p3r
2856,,b07rrd87hl
2857,,b000bwi446
2858,,b07pmfltbh
2859,,b079qg8ccs
2860,,b08mx15gpn
2861,,b071cmsnby
2862,,b01cn0eqhc
2863,,b075qzfqrw
2864,,b000ghlmi6
2865,,b08pyxydwx
2866,,b0bcr7sfhn
2867,,b0bbkh34lj
2868,,b0b9yzsk78
2869,,b0c239w88m
2870,,b0c6yqjznk
2871,,b082p7kk6j
2872,,b001fb4z0o
2873,,b005gl5rxi
2874,,b014wu7uyw
2875,,b0by8qs3nk
2876,,b0916bp25w
2877,,b00s3f13pu
2878,,b00470993s
2879,,b09xfh65xd
2880,,b09nfgxgjh
2881,,b086v7xx7t
2882,,b002it6x4i
2883,,b00j516zae
2884,,b089qvyx69
2885,,b07n7l1jpy
2886,,b0bn65rx5g
2887,,b09xn6r3tg
2888,,b0b1pw6xsl
2889,,b08xlkn47m
2890,,b098x8x213
2891,,b07vy6wdjm
2892,,b01fstcc08
2893,,b0bxtb4mw4
2894,,b074qgll38
2895,,b076ct41gm
2896,,b081cg45rj
2897,,b07xzt7glv
2898,,b014z0hgoi
2899,,b09wmw8jf6
2900,,b074dt3cwt
2901,,b0c1pgn82k
2902,,b07t4jjrsx
2903,,b0c9c2hqz3
2904,,b0b3x2ydgp
2905,,b00cro22ps
2906,,b092vqrb1g
2907,,b091t9q59y
2908,,b000hx1rny
2909,,b00lbgcp82
2910,,b00dy4s2ya
2911,,b07vc9c3f9
2912,,b08pcm1s2s
2913,,b0819mtlkj
2914,,b008zvt2gy
2915,,b00l5x0xus
2916,,b00psddkaq
2917,,b00g97uxb4
2918,,b0bj8mkqc4
2919,,b07bpswdnb
2920,,b0b76g1hmc
2921,,b00doa9xtm
2922,,b07cm4tdww
2923,,b08bxcyqt1
2924,,b0918yhhj7
2925,,b07jv8wdfn
2926,,b07n96frkc
2927,,b0bn641lmp
2928,,b0btbj1n9z
2929,,b08ffj782l
2930,,b08tfjtmjl
2931,,b0bthj1mnk
2932,,b095kny7l1
2933,,b0bhtcrjrg
2934,,b0c3y5fpb1
2935,,b073ty98x7
2936,,b0bztxwqjx
2937,,b08mxs6hrx
2938,,b09jp11gwh
2939,,b004aqj7uy
2940,,b0c3h7535h
2941,,b07284pvh9
2942,,b01m5kqtsx
2943,,b002xohzuo
2944,,b09184dhtx
2945,,b00c4k483y
2946,,b081dx7bwc
2947,,b00mq2190k
2948,,b001hx3buk
2949,,b002bc3iww
2950,,b08cxtx33p
2951,,b09llz1hd4
2952,,b09v1t46r2
2953,,b07dg2trqv
2954,,b00ogkynf8
2955,,b0994q9zby
2956,,b01cdeoacy
2957,,b00vgr1wrq
2958,,b007kre9jo
2959,,b0976bqc93
2960,,b01lt5jp7s
2961,,b005z5qg76
2962,,b07r5hkv58
2963,,b0bn7qv1yp
2964,,b0c3ncjtzr
2965,,b004simlde
2966,,b07qcqlwd5
2967,,b08xln89gp
2968,,b0bg16fb5z
2969,,b07f1fjnkw
2970,,b00tn5yr34
2971,,b07rgwwzr6
2972,,b07rbl67qc
2973,,b00cznhjt0
2974,,b071h1wxhc
2975,,b0bgqm64vv
2976,,b0bcqnmhbl
2977,,b078b81m64
2978,,b07676xqn2
2979,,b003w0auq4
2980,,b007y5sw86
2981,,b0859jz2t7
2982,,b08s7h6m6c
2983,,b00soqx22a
2984,,b0btrv8dvx
2985,,b082lqtp9j
2986,,b077kr9x52
2987,,b004zkspm6
2988,,b08297n9q7
2989,,b08d8pfzvc
2990,,b06y1xg9sr
2991,,b07ttm6zyx
2992,,b0bhj5r1l2
2993,,b09pdkj9vn
2994,,b09jf9hdb1
2995,,b09y1swv85
2996,,b0bch2nlgj
2997,,b00d7ejjki
2998,,b08222yfyk
2999,,b000gow0gm
3000,,b00gw72m7e
3001,,b096m95wg7
3002,,b08nkbw7v4
3003,,b07x3rthmc
3004,,b08nx2x3v4
3005,,b0c1cklfyr
3006,,b00aivt6qu
3007,,b07ync5hnp
3008,,b07rc8bwjk
3009,,b099wryg65
3010,,b09h3cts95
3011,,b01eu84kda
3012,,b09f2dqrdl
3013,,b0cfv4tj1k
3014,,b004nx3vii
3015,,b07tdcvx88
3016,,b0bsfdkdt5
3017,,b0bnkhjcbh
3018,,b07jy9nmg9
3019,,b07jgkbtp2
3020,,b00klxvgvi
3021,,b08nx13kd6
3022,,b091cjksmh
3023,,b01m271fd8
3024,,b0bjpfrmf4
3025,,b07vt4s4kl
3026,,b0blhznmgp
3027,,b00blfaey0
3028,,b00ey65ob6
3029,,b07r9qmmp6
3030,,b000rodbzk
3031,,b003xywyk4
3032,,b0bprp7htp
3033,,b002xmehz2
3034,,b09c166kjs
3035,,b08w6b9ww9
3036,,b000ms24mw
3037,,b007nihlze
3038,,b083mnky5p
3039,,b06y2sgtly
3040,,b07vx5v61d
3041,,b00ghqonwm
3042,,b0797j6nsk
3043,,b0002knqc2
3044,,b01m1coov7
3045,,b07vmcntqd
3046,,b07vpxbbcm
3047,,b0bq5kmdbb
3048,,b000mirepo
3049,,b072lnpbzx
3050,,b07gwckhpv
3051,,b01lz32s3s
3052,,b0762h4zf7
3053,,b07pskk7sk
3054,,b08f58wt8d
3055,,b07f8hgjpr
3056,,b09b1twcfs
3057,,b08d93b8th
3058,,b09cprtcs4
3059,,b000p9gwgw
3060,,b074d21lj8
3061,,b00b82gw92
3062,,b0bnbjq4w9
3063,,b092sdbpzk
3064,,b0bnp6t2ct
3065,,b0bg7q4t3v
3066,,b09bdtsvxj
3067,,b0c1kydf51
3068,,b0000cfshx
3069,,b0blw8rmzg
3070,,b00e1ow7mu
3071,,b071fgzqvr
3072,,b08t8yk2f2
3073,,b000ra6gmy
3074,,b07m98hp7h
3075,,b01lyne06e
3076,,b071rnrrgm
3077,,b0b7r19l7r
3078,,b00518bqd6
3079,,b0b817w8j6
3080,,b003m0lsni
3081,,b07w1pcccs
3082,,b0007kqzx4
3083,,b082d65j2j
3084,,b01dzpl30m
3085,,b07kx6p547
3086,,b08fzyym3g
3087,,b09xrrfb11
3088,,b0bnnx28bb
3089,,b0bf4gqg5h
3090,,b077vbzq3y
3091,,b07xsjzk4q
3092,,b074b8c24q
3093,,b08shrk7kl
3094,,b09hn2m3mv
3095,,b082x4x126
3096,,b07hfplkbl
3097,,b0bdd4m21s
3098,,b07myb73wz
3099,,b0bbkrjwtx
3100,,b0bh5qm4h3
3101,,b07twftpsj
3102,,b00xhuw3oq
3103,,b08yy9lbh8
3104,,b013ih9lem
3105,,b00004spdh
3106,,b087nd86fc
3107,,b012jbxfiq
3108,,b07mrdlctw
3109,,b0073j97ri
3110,,b076zv3gwp
3111,,b0bqj2cqy5
3112,,b09q1xhrmy
3113,,b00vo1hfso
3114,,b0b9g18vcl
3115,,b07zk9tlt6
3116,,b0bbqhl9hq
3117,,b07vqpmvnt
3118,,b000fdzjg2
3119,,b087q5gqxj
3120,,b016db96tk
3121,,b0b6264bzf
3122,,b07c28cqrf
3123,,b087cd89gm
3124,,b0c69kvgk6
3125,,b07bbkx65m
3126,,b000owb3wi
3127,,b09srxzwgr
3128,,b00de1cars
3129,,b01h9w6avo
3130,,b018u6zd2u
3131,,b07dj96f47
3132,,b07yntqkyl
3133,,b07rgx1v79
3134,,b08k8fzhn6
3135,,b08qmx96jh
3136,,b0039sluhm
3137,,b003mb08jc
3138,,b0b9hsrlnf
3139,,b07stcm46t
3140,,b00bzfw5gq
3141,,b09shglqn7
3142,,b01lx6trs5
3143,,b0773dz3sh
3144,,b0811c4mgt
3145,,b083hgqxr2
3146,,b07nqk9tt4
3147,,b0brcs6lvn
3148,,b000e5bide
3149,,b003mufx8e
3150,,b0b6d1bsk7
3151,,b0br3kt12c
3152,,b08k2zhkl2
3153,,b001j6o6fe
3154,,b001l2gre4
3155,,b0bkxwlkpw
3156,,b003f6ei2c
3157,,b08pp1hmsr
3158,,b09m31x6m5
3159,,b07q1mgq54
3160,,b07cl5jkjg
3161,,b09xt8frft
3162,,b0c5tcz11w
3163,,b07y5qsymr
3164,,b07c1xcvvg
3165,,b09szc2qnb
3166,,b004i2e976
3167,,b0bn5fxp4y
3168,,b08bstwfml
3169,,b07mbk1fk1
3170,,b089rlp7ym
3171,,b0b2913db4
3172,,b01kd6ijto
3173,,b000wsbx56
3174,,b072lv4pcv
3175,,b09fkbrnrg
3176,,b008jbjr9w
3177,,b005ua2z7q
3178,,b00h2qgj5a
3179,,b0bpsyygwq
3180,,b09dylnpz8
3181,,b01cij812o
3182,,b0c3s4hv26
3183,,b01cj8j4gq
3184,,b08lc5yb7j
3185,,b0b2zjc221
3186,,b08317wfrl
3187,,b00ggt293k
3188,,b0c43xft3r
3189,,b09mn8163c
3190,,b01n9j2gyi
3191,,b0b6qlschy
3192,,b0063mx2hm
3193,,b0bjqgbrtr
3194,,b07zctmq4v
3195,,b0c5w2gpdq
3196,,b092jftjbt
3197,,b07y3vqb48
3198,,b08635wswf
3199,,b077d11nl1
3200,,b01nbuavxh
3201,,b000o5izai
3202,,b0c4179xg7
3203,,b00sgi7v4q
3204,,b072q65fv6
3205,,b0c5lfk8yy
3206,,b085mhjqyf
3207,,b089nrxl87
3208,,b07dfgqg3j
3209,,b00thkwaei
3210,,b07wjkxgkd
3211,,b0995y63d7
3212,,b072ncddn4
3213,,b06xcmqf44
3214,,b0c2fjzf6j
3215,,b07d8jt6cf
3216,,b0989tttft
3217,,b08mvbxljh
3218,,b08bxl8pvv
3219,,b07k2tddc1
3220,,b009z06uy6
3221,,b07kfr7q67
3222,,b0b35z89rw
3223,,b00o5kkd6m
3224,,b0btkqnsqw
3225,,b01lxooxsl
3226,,b071ktncsc
3227,,b0bv27g51k
3228,,b004jpu6xi
3229,,b016cue732
3230,,b07nyxvpys
3231,,b01hihf9su
3232,,b003rrn87a
3233,,b089mwybq3
3234,,b0b31g5mdr
3235,,b0822wlg9j
3236,,b09wx7vjr7
3237,,b07t3y867n
3238,,b0b7q9jh9c
3239,,b09zn5b1kd
3240,,b08bz98rgz
3241,,b0792hv5yz
3242,,b0bbjh239y
3243,,b07gsylpjn
3244,,b09bmyfw7j
3245,,b01mzx2lsj
3246,,b07tfk2msw
3247,,b012up6wtk
3248,,b00yfbgriy
3249,,b0bg339r96
3250,,b09nprpywf
3251,,b017cyf98o
3252,,b000e3zf76
3253,,b004hgg4bc
3254,,b09c5z7s3z
3255,,b01n343fqz
3256,,b09t2lgybx
3257,,b0c21zqf7b
3258,,b07qm9pdwh
3259,,b0bsfhvr7y
3260,,b07wqhglsx
3261,,b07tmrpb83
3262,,b06y3xs9pc
3263,,b002b2ydr6
3264,,b0017psh9i
3265,,b0bdk2klj5
3266,,b06xkwpw9p
3267,,b00n48m0oo
3268,,b0bpsz9m1m
3269,,b076tm885s
3270,,b0b5mn3p9x
3271,,b08t6ws494
3272,,b0b9qpm2ml
3273,,b0bvqypwpx
3274,,b073m6qcck
3275,,b08bj6d95s
3276,,b0bxfss7gf
3277,,b09mlqsfjs
3278,,b0bl1tqngs
3279,,b01ht5m6k0
3280,,b08t5tzrzc
3281,,b07v54sbvx
3282,,b09rtldr3g
3283,,b07x3tk9sx
3284,,b0cbpwyb3m
3285,,b08t6bjw2n
3286,,b01m0672si
3287,,b07yd6r7b5
3288,,b00xzx394i
3289,,b07cvr8hzc
3290,,b08gm6csfm
3291,,b002tz04jg
3292,,b07gt9jq2h
3293,,b00t3ju7u2
3294,,b08ftfgxmp
3295,,b00zxvpyum
3296,,b09qt2lwkz
3297,,b0bzpdscmf
3298,,b0br4qmy66
3299,,b07ysbr433
3300,,b0bzlscp5r
3301,,b08x1rkbrp
3302,,b001a3e6ga
3303,,b0bp4v9hd4
3304,,b093g2hrhq
3305,,b07r8968zp
3306,,b000oy1xoo
3307,,b001to0a10
3308,,b0041xzzny
3309,,b0c73x8ydp
3310,,b083xs3kgf
3311,,b07jw9wjz8
3312,,b01gchp0q8
3313,,b003udekdm
3314,,b07wf28g4g
3315,,b095q76pvx
3316,,b0b26ns325
3317,,b07wlsqpm5
3318,,b0748zg9ks
3319,,b01cpi5nq0
3320,,b008flmthi
3321,,b00t5515n2
3322,,b0bgqvlpxf
3323,,b0bzk2zg7c
3324,,b0c34jdkyd
3325,,b07y4sgwbd
3326,,b07f8j4nh3
3327,,b082qvsrk9
3328,,b0861ww8y3
3329,,b08gn3g4nl
3330,,b0bjr9771n
3331,,b07txrwbq2
3332,,b00cxdoqwa
3333,,b0bqjsc4l1
3334,,b000fctohs
3335,,b01m5d5pdk
3336,,b07x3mcj65
3337,,b0bp5mkhz4
3338,,b01kopfxfw
3339,,b08hh2f7yt
3340,,b094cdcwds
3341,,b0cd1w41zs
3342,,b00qm8jm9e
3343,,b0brgqr4m9
3344,,b0c3t8dg9x
3345,,b0c176g6gp
3346,,b088jpt914
3347,,b0799clgd8
3348,,b0bmpypzkm
3349,,b0821j88yr
3350,,b07jr9tndy
3351,,b076mm3pdg
3352,,b082x1glvk
3353,,b078yp79y2
3354,,b09kmvpggr
3355,,b07yrzyj4d
3356,,b00079tdv6
3357,,b00okmkxss
3358,,b088vyvjr4
3359,,b08pbz3y8j
3360,,b08t24vmv3
3361,,b09mv7nbc9
3362,,b09szgmjc4
3363,,b09z942r5c
3364,,b0153neai6
3365,,b082ml247t
3366,,b0bn2l5yl4
3367,,b07rp43y71
3368,,b09zx6w82p
3369,,b08hq12xqv
3370,,b01m9csq2n
3371,,b0btxzxwyj
3372,,b000mvn1m6
3373,,b08xqjqwk9
3374,,b083d3znv9
3375,,b07bzgmq8z
3376,,b07z1c3847
3377,,b08k96p9rt
3378,,b002mpqh7g
3379,,b00qmxo6li
3380,,b007pxycs6
3381,,b002tsk5g0
3382,,b09j51ctjp
3383,,b09gv3bsbd
3384,,b0bt3lnvzj
3385,,b000tepm78
3386,,b000p69n7a
3387,,b0b4k37ydf
3388,,b0779g5j42
3389,,b00finnn1c
3390,,b002c6gpuy
3391,,b07pnn2433
3392,,b096rpkbn3
3393,,b0167vn7by
3394,,b002srjiqu
3395,,b00im9fzgu
3396,,b0bprcgfdw
3397,,b07yt2thzf
3398,,b012d33bd4
3399,,b00164v4yu
3400,,b0b5v27wbl
3401,,b0b2pzfhwz
3402,,b07r7mjqzt
3403,,b087bftml5
3404,,b00ugqtiro
3405,,b07fflr2sl
3406,,b07vqzfvz2
3407,,b09km1tzkl
3408,,b07vd9swm7
3409,,b07c8lm1ns
3410,,b00yq80ee4
3411,,b0b151dy3w
3412,,b083hjg8rm
3413,,b08c2hfctg
3414,,b093zszmhk
3415,,b01j1flnau
3416,,b0c2w834gx
3417,,b08fpnngdq
3418,,b08p25lmfp
3419,,b075m5bdcf
3420,,b0092gk3ri
3421,,b00kuw3r2g
3422,,b0b23zp1kw
3423,,b0b3mntpxj
3424,,b01n5rjb6q
3425,,b01g9b2jr0
3426,,b0bw43n6hc
3427,,b07vl6bdl3
3428,,b0bbgjdy88
3429,,b08hg8ffwr
3430,,b00006ibb3
3431,,b09cknvq4s
3432,,b07f7wy6cn
3433,,b0c78t5wh3
3434,,b09zjw5xby
3435,,b0018vl3jw
3436,,b07mwtdk4b
3437,,b079w65t2k
3438,,b07x7vj3sj
3439,,b00a7d3r3c
3440,,b098wxbtjr
3441,,b0b76hd2qc
3442,,b08239q11r
3443,,b006mij5sm
3444,,b0792p4xnx
3445,,b0bsgj8f6v
3446,,b00dmh93di
3447,,b09x7j5cys
3448,,b07vng9jgy
3449,,b07nhcb6tw
3450,,b097tj6rk8
3451,,b0bf7wr2xq
3452,,b07rl4c2tl
3453,,b097jlhfnw
3454,,b0bwq5qpyb
3455,,b09vzh9wzh
3456,,b09gjgwsw3
3457,,b084zd58s1
3458,,b007wq9zii
3459,,b009t5y9ke
3460,,b095h6f9z7
3461,,b00oeyjfao
3462,,b09gfhxbhn
3463,,b08r61wrcr
3464,,b001f79lkw
3465,,b0761416s9
3466,,b0c6kfvvt3
3467,,b0bkr22w76
3468,,b0c3r71ppl
3469,,b07bn5xbyt
3470,,b00jwyrfty
3471,,b07r968q1q
3472,,b0732zgjtd
3473,,b0b3trdfzt
3474,,b074yyg5g6
3475,,b09ptx6377
3476,,b01efoafwe
3477,,b088j2dbgc
3478,,b07cv44j46
3479,,b07s29jzxg
3480,,b001pumk98
3481,,b00waase2o
3482,,b08yd5rmlb
3483,,b07nc6tnvg
3484,,b07cyrgtvx
3485,,b08r2nln6t
3486,,b07p5mmt19
3487,,b09mfw3n1k
3488,,b09c3txqlb
3489,,b00004ocnl
3490,,b09w1ztfj2
3491,,b01jdy5rgu
3492,,b01254a95y
3493,,b0982fr61y
3494,,b07d8fmnkw
3495,,b0bc1fm13m
3496,,b003wragqg
3497,,b0brxprv7b
3498,,b00004yk67
3499,,b0btyv716x
3500,,b0bx6yg5t4
3501,,b0brj6jhwl
3502,,b07tblkrz9
3503,,b0bf4xkbv3
3504,,b003nt83mm
3505,,b013hwxqp8
3506,,b07l2vgx2x
3507,,b08x4bgkcp
3508,,b076pqhfz6
3509,,b06xf2whqf
3510,,b08s7lmhmy
3511,,b07y1pb6r8
3512,,b0857cd36c
3513,,b088thhk6m
3514,,b08lsbjtdy
3515,,b07hr9xxfn
3516,,b0c5xjkb39
3517,,b00415ri7i
3518,,b08xqmsy3t
3519,,b093bq3g13
3520,,b001eqolqs
3521,,b004n3c4m2
3522,,b08fc17fh3
3523,,b0c789w3gp
3524,,b013t75ehy
3525,,b09yn8j7g3
3526,,b0bty28jfy
3527,,b0794vxb2q
3528,,b001f51a0s
3529,,b0bptnpx76
3530,,b0b9x2c6vq
3531,,b09yv6dm8w
3532,,b01j1i5ock
3533,,b09sxyrhgg
3534,,b00gswgcdi
3535,,b07zqf7hsr
3536,,b0c5f7r7zp
3537,,b07wcqbcwc
3538,,b0c2q7s1tz
3539,,b08wx6jdr9
3540,,b00fy7vas0
3541,,b01lnjk3s0
3542,,b00rghj3dk
3543,,b09912wpfp
3544,,b0b4nkll2s
3545,,b004ifts9c
3546,,b0854jrxzn
3547,,b00tw0n6ua
3548,,b07nq6ss5b
3549,,b0c1gcj341
3550,,b0bs5hg7xq
3551,,b003vkx32s
3552,,b07zttb6yb
3553,,b09v3w3pms
3554,,b09rfvdt2z
3555,,b006khutvc
3556,,b07mfxkcb1
3557,,b01fe8iu3q
3558,,b0771rghk3
3559,,b08lpp1ht8
3560,,b07prpxwn8
3561,,b08h5pk4pl
3562,,b013i5b38g
3563,,b0bvfknkhp
3564,,b07hcz7g8g
3565,,b08k8g3yl2
3566,,b00imy3xqe
3567,,b0bzwrhy85
3568,,b07clx53n2
3569,,b07kfzlrdk
3570,,b00je3l5w6
3571,,b07jh5nysy
3572,,b018gj4wx2
3573,,b0bj873wwh
3574,,b09flqjcj4
3575,,b000k6lhc4
3576,,b09vrj3sfx
3577,,b0bn5j79s6
3578,,b01gg187s8
3579,,b09kpw6996
3580,,b0849q6kpd
3581,,b07dvsddvl
3582,,b019dwk190
3583,,b00006iuup
3584,,b07b62282c
3585,,b0bnn4q7k8
3586,,b0171yp2h8
3587,,b002qe1d6i
3588,,b0bvdkdycw
3589,,b08x1v15lw
3590,,b0by32hgct
3591,,b07ylsrckk
3592,,b07pxmpczn
3593,,b07833nm4j
3594,,b08fc5nptq
3595,,b00bly433e
3596,,b07x4jmk2k
3597,,b07j9tkhj5
3598,,b0b594lkv8
3599,,b07mqvqj3l
3600,,b001i01evu
3601,,b005bta0fa
3602,,b07nf6sx11
3603,,b0c4v3k4nx
3604,,b0bb32rct7
3605,,b07xqmmlvy
3606,,b09ms5l7r9
3607,,b0c68kxpvq
3608,,b0b4hf44dm
3609,,b07nbvvnsv
3610,,b08rrv88rq
3611,,b07q1jrt7x
3612,,b0bcwkcyg9
3613,,b0c4hjf5g8
3614,,b07bz1b8sn
3615,,b08ms9l7ty
3616,,b0bxnn7z99
3617,,b07svtl48y
3618,,b0127cmuzg
3619,,b00ls7vobi
3620,,b00ktb47r2
3621,,b08fgsf55d
3622,,b01gr8em8e
3623,,b003l2qaje
3624,,b0c5r2kwzg
3625,,b09qq1bhzn
3626,,b07jh49n97
3627,,b08qmf6vrr
3628,,b000etxv94
3629,,b0bb82g6c3
3630,,b07vc9vf47
3631,,b0by829swv
3632,,b0c53mflfh
3633,,b0bcjyqvz1
3634,,b000xb5uhe
3635,,b000ewfgus
3636,,b000y0ayfc
3637,,b07x5ms4js
3638,,b014lmor10
3639,,b08hhcwrnn
3640,,b01bld57ca
3641,,b0c41rk34j
3642,,b08pf3wx2m
3643,,b09ygv23xm
3644,,b00092cjfs
3645,,b084qzypxh
3646,,b08f2slctb
3647,,b0b61cw6tm
3648,,b07yyxytdd
3649,,b00t815g5g
3650,,b019zz1t1y
3651,,b08f4zf8qm
3652,,b00av54fic
3653,,b0963jy8wb
3654,,b083p2m334
3655,,b09bnw37s3
3656,,b0bxzzpyj7
3657,,b0925pdj48
3658,,b07l1h9y2s
3659,,b08zc2wc7l
3660,,b07cjkrts1
3661,,b09bkh2pm6
3662,,b09t2xv12b
3663,,b0bffj6xlh
3664,,b08dkmt9j7
3665,,b09vrygqkr
3666,,b09n71lb25
3667,,b09lvjczkf
3668,,b08d73334r
3669,,b09tgsysdt
3670,,b009glr156
3671,,b095xg2xqm
3672,,b07bmjjqmk
3673,,b0bv6s93jr
3674,,b07x1qt53w
3675,,b07xq3xbtd
3676,,b0c37cxs1x
3677,,b0995j2zz2
3678,,b07kj62pby
3679,,b00xn4uiha
3680,,b08l44n2dz
3681,,b0b1qkw9fl
3682,,b0b46sfpw8
3683,,b00mvx3pmo
3684,,b0cd85121z
3685,,b09drqvw6m
3686,,b07fnjqmhj
3687,,b00ezmmusy
3688,,b071yh6rc3
3689,,b081v8sw8m
3690,,b00ce31juq
3691,,b0bxhm9w5q
3692,,b0c3rkn5jt
3693,,b0974ty14k
3694,,b000t3qmh8
3695,,b089cy5s1h
3696,,b08fzzy83j
3697,,b07cmfmwfy
3698,,b07jhj2yfq
3699,,b075bn71d7
3700,,b0cdwvt1s3
3701,,b0002kwbj6
3702,,b000i1uu56
3703,,b071g12lp1
3704,,b08j3pblxy
3705,,b0b9l1jwk5
3706,,b07tcfsy7l
3707,,b009lgco4o
3708,,b09bqvw93d
3709,,b00fis9ue6
3710,,b007veq5i4
3711,,b01m7nw8vv
3712,,b07d94jzwb
3713,,b017mrifka
3714,,b0btncxq49
3715,,b0006lklts
3716,,b07nrj3r17
3717,,b06xfw8p1l
3718,,b00n3cqk7e
3719,,b0c4bf1dmj
3720,,b08p259m9y
3721,,b098jwwhcp
3722,,b00jj71lw6
3723,,b0bwmsz1pg
3724,,b076y3q7ps
3725,,b00xd5m49y
3726,,b0030xnm1s
3727,,b0bmp4lxhw
3728,,b074jpzwyr
3729,,b0722c4rj8
3730,,b007yz8k2o
3731,,b07l34w2k2
3732,,b0br8dbvs9
3733,,b003vn7vdw
3734,,b01lbnu4eq
3735,,b0c4dx1rl8
3736,,b09zdv7r6k
3737,,b071ftld4w
3738,,b09stpn3ch
3739,,b09x2gtwmb
3740,,b08gfwp25b
3741,,b0009wdips
3742,,b0brqbcl25
3743,,b08j3s4jnd
3744,,b09xtbs8n4
3745,,b0bzvc4wzl
3746,,b094xdpzm4
3747,,b0107zgtu2
3748,,b000lqb20k
3749,,b00co9bgye
3750,,b07thvsrhl
3751,,b003g2zw2a
3752,,b07fmkzjf7
3753,,b07spjhcrz
3754,,b07bk2c7vn
3755,,b08bx8s7s3
3756,,b00jikvqcy
3757,,b08h5dch5p
3758,,b0026k72yy
3759,,b08mc15dvw
3760,,b07l35f1bq
3761,,b0b524xg4p
3762,,b00hv4mq28
3763,,b06xxb8bty
3764,,b0b76gdwqn
3765,,b001chiwws
3766,,b007b725to
3767,,b09j915m48
3768,,b08v5btcvs
3769,,b08xxwlmjz
3770,,b0b2sfdrtc
3771,,b01l8qnfwo
3772,,b00whpl3km
3773,,b07xchgvg9
3774,,b00g7h780u
3775,,b003eao4og
3776,,b01d2dqgr2
3777,,b074n36qf2
3778,,b01ahghkk4
3779,,b01avfewne
3780,,b09hzx6ng4
3781,,b074pv8wgc
3782,,b0btl5rwck
3783,,b08pxq2f6w
3784,,b0040n795m
3785,,b01e4il4ty
3786,,b07tsvp3zq
3787,,b07x8qr9tz
3788,,b083pxqfjl
3789,,b0bpbv2txq
3790,,b07yx6znhq
3791,,b0bbzjn96l
3792,,b00b1gm2c6
3793,,b0bx65pbv4
3794,,b088mgss95
3795,,b07yzbsvx3
3796,,b018fznfps
3797,,b07qkcjdps
3798,,b07l1853rr
3799,,b086yq2p75
3800,,b076v69f76
3801,,b0994p77z9
3802,,b0b3wzhbf8
3803,,b09p628b6m
3804,,b00113oyk2
3805,,b0b2qljgdj
3806,,b01mxrq5ay
3807,,b07wcf34p4
3808,,b09my413md
3809,,b000062uh4
3810,,b01be77ql8
3811,,b0986ys36p
3812,,b00wq6kxas
3813,,b007cqy20y
3814,,b002v0cbww
3815,,b089g5pnry
3816,,b09py7b7p9
3817,,b0by815531
3818,,b0915ybbkc
3819,,b086x9skkw
3820,,b08ttjw44y
3821,,b001m26qvm
3822,,b09x1kpg3f
3823,,b09xqlqrx1
3824,,b01ffpj6nq
3825,,b09qxw1t37
3826,,b09lrrnhg4
3827,,b08d73nshj
3828,,b0bptdvkqj
3829,,b081c3rc8l
3830,,b076q95yxk
3831,,b079ycc9ww
3832,,b075qxnyhb
3833,,b01n94y9st
3834,,b0c21x8vnw
3835,,b07mzd2xbb
3836,,b09kdl3lys
3837,,b00eppz9u2
3838,,b08v6gqlq2
3839,,b0822tyvbq
3840,,b0bpt9yl5f
3841,,b0075fus4q
3842,,b00mdwq6lu
3843,,b079j25zgk
3844,,b07tb65z1d
3845,,b07yxxbbw2
3846,,b0brytyfkp
3847,,b08ttlhdjr
3848,,b08g4xm2rq
3849,,b00doztkh2
3850,,b08gc1gd6q
3851,,b087z9swx7
3852,,b0b5ypqyyg
3853,,b0001bjduq
3854,,b09glkz7x3
3855,,b082tvq47z
3856,,b01nbmhxvg
3857,,b07bywbmbl
3858,,b07v6h65dn
3859,,b00vq8d4t4
3860,,b005bfz66c
3861,,b079x5xwxp
3862,,b00r59wv6a
3863,,b07rqmzxbd
3864,,b07z5qpm6d
3865,,b019s75de8
3866,,b0brkbbzmh
3867,,b01icuo8wa
3868,,b09b6zz67r
3869,,b09c1l2pb8
3870,,b089wymrs4
3871,,b00qjgol2m
3872,,b01251hce8
3873,,b072kzqt1m
3874,,b07tdcvgj5
3875,,b01m2xiail
3876,,b0bq6k4d8m
3877,,b08fc2dzm1
3878,,b01chqzqbc
3879,,b01mzz87g1
3880,,b093ccd8dd
3881,,b0000cfpt2
3882,,b0c15w752p
3883,,b07v9q8xj9
3884,,b00chsjk90
3885,,b007e8kccm
3886,,b07gxf1nn5
3887,,b09kmrr8cm
3888,,b004czg7zq
3889,,b07hkljzf6
3890,,b01n2qnlqc
3891,,b0bfvjnpvc
3892,,b09hsskxpk
3893,,b071s24784
3894,,b0bnchmrh2
3895,,b07qnwtjpn
3896,,b079zngzgp
3897,,b0c5ccck32
3898,,b00i9iml3o
3899,,b0c77qstpp
3900,,b0bny9j9w9
3901,,b0bdct6qfg
3902,,b0bxdk1bk8
3903,,b07tsj6143
3904,,b0c5mgcdt4
3905,,b0b8d1kmvd
3906,,b0834zx2sv
3907,,b0bgmjldpy
3908,,b00hsi1rdg
3909,,b07skxwfdm
3910,,b01dtzwkhi
3911,,b0c4cds17z
3912,,b00h7p1hc6
3913,,b00lpv2hwc
3914,,b0b6fs3h69
3915,,b08q475lbt
3916,,b01fx02tx2
3917,,b08ndk1qfy
3918,,b0c61rb3y2
3919,,b08tzd2x11
3920,,b0c2pv1dlm
3921,,b003eap53u
3922,,b08dlvr4q3
3923,,b0bl1n38vp
3924,,b0728f12kd
3925,,b000fj45xo
3926,,b01co4z6p8
3927,,b07k16fw2r
3928,,b0b2djfjz4
3929,,b0c3jrb9nr
3930,,b0c3bbqc9x
3931,,b07x2jjx4j
3932,,b07jcfrnvm
3933,,b01jnvo8po
3934,,b00pg41wbq
3935,,b0031b4pzq
3936,,b07c8yxjpz
3937,,b017ndq9jc
3938,,b0bbc49nhj
3939,,b0036ej9hw
3940,,b001rcund4
3941,,b00j7lubpc
3942,,b077ftq7dh
3943,,b08kxqhskk
3944,,b008h53o30
3945,,b096z2nsyn
3946,,b072bx2326
3947,,b07rwnwppt
3948,,b00c9kuh5m
3949,,b078z9lwdw
3950,,b016v2j6le
3951,,b0b755csc4
3952,,b003m2yp6s
3953,,b00nb58otu
3954,,b008cksqho
3955,,b08n4hx79h
3956,,b07p2fj5v4
3957,,b0899ysbhs
3958,,b00q45vnhe
3959,,b07wtqm6zx
3960,,b08j7fjyk8
3961,,b004w6rgf0
3962,,b099snyq99
3963,,b08fv7js52
3964,,b09bpv7hy1
3965,,b09jk2kbh6
3966,,b00jr0ljig
3967,,b08nv7hjlm
3968,,b01mf4y545
3969,,b06xdcwkl4
3970,,b08dvkksdx
3971,,b00ijy7c6o
3972,,b07rzk357q
3973,,b082sksdy9
3974,,b01317bya8
3975,,b0c5y5j8t7
3976,,b0788gqzh6
3977,,b00008zckv
3978,,b081qjxpnc
3979,,b00gz4r7e2
3980,,b07q3yr8wl
3981,,b0c3msn2wk
3982,,b07h3nkys4
3983,,b01i5ychna
3984,,b00itpj1da
3985,,b000t95t4o
3986,,b08wjscl6c
3987,,b00gbg8mca
3988,,b072msjmb1
3989,,b087r9t81n
3990,,b0159jong8
3991,,b00g12wgo4
3992,,b099fhhww1
3993,,b09jp1lvzh
3994,,b0040qdybw
3995,,b0897l9y24
3996,,b07x31qqn4
3997,,b01e567axy
3998,,b07989ybch
3999,,b00kd9lfma
4000,,b08shj7j4w
4001,,b07s97sk1c
4002,,b0blsdvk4g
4003,,b07s74vd17
4004,,b01i5fxbgg
4005,,b0bcp8v7tm
4006,,b072k6sc7l
4007,,b018gehiw4
4008,,b0bzr7xgw7
4009,,b018hgtqwq
4010,,b0b882sb7r
4011,,b077v318d9
4012,,b07mvjnxl9
4013,,b002vwjz1a
4014,,b07vf39ybk
4015,,b08l3ws1x2
4016,,b01iobyceg
4017,,b093knxbcf
4018,,b0bklx47bx
4019,,b0bgnnt567
4020,,b01ki8yc0c
4021,,b00dudwf2k
4022,,b0bs23kfd5
4023,,b0921f3jtf
4024,,b00lmn0opu
4025,,b081pnqvjt
4026,,b07ldx2b82
4027,,b0854bdv7m
4028,,b00gwdnw9u
4029,,b0074hyuj4
4030,,b0039mhhcu
4031,,b000bu7u5m
4032,,b0bbmm2fvh
4033,,b000ejziae
4034,,b09zkd3prm
4035,,b01fq24hqy
4036,,b09311nxvz
4037,,b07mv6m12h
4038,,b0bg6cjrck
4039,,b0756y796n
4040,,b09jn3r3tz
4041,,b01253cduy
4042,,b09832wr24
4043,,b002fl3m34
4044,,b089fpp4gz
4045,,b09bjr9z7t
4046,,b07rg7vyn8
4047,,b07jldtfsn
4048,,b000bqlrzu
4049,,b0bbc9lqfk
4050,,b091k3n3yw
4051,,b0bcxk24mr
4052,,b0c3vd1wv6
4053,,b0046ec1ai
4054,,b08ttxqkwb
4055,,b07p87yhj3
4056,,b000ondj8s
4057,,b00ezcxva0
4058,,b09t2f4mz8
4059,,b07843s2jn
4060,,b07znmx397
4061,,b01bzpsvsq
4062,,b0c6lswjpk
4063,,b0b21cqbc4
4064,,b0bkt559kv
4065,,b001pzf8om
4066,,b00416wam0
4067,,b09bzxnv52
4068,,b09wjvqngn
4069,,b0009py6is
4070,,b079s49sc7
4071,,b086vn6152
4072,,b07qc4nqhp
4073,,b0b58r9z62
4074,,b00005ix9n
4075,,b07ckbfxw4
4076,,b01mshs8q6
4077,,b07q5s6lvn
4078,,b0c2pj9szm
4079,,b0879p1x5f
4080,,b073xjnhsg
4081,,b08xn3gr5m
4082,,b06w2gjtn8
4083,,b07c3h1lkq
4084,,b00tu8cais
4085,,b081dcspc9
4086,,b00i9k6td0
4087,,b085nmhpck
4088,,b002fwol1a
4089,,b081vshnc7
4090,,b07rg2sqtq
4091,,b0b21c8y11
4092,,b0085yhagk
4093,,b003tsvhu2
4094,,b07666fzd1
4095,,b016crc656
4096,,b002psjl7i
4097,,b096wr8kj5
4098,,b07hjr368c
4099,,b00lajez6a
4100,,b07kpn33yd
4101,,b01gpevv6q
4102,,b0815vwzst
4103,,b002qhk78a
4104,,b09292py5y
4105,,b0c819sf5l
4106,,b01lxoqkw1
4107,,b0bgyrqh8s
4108,,b07c3vtxj4
4109,,b07486tf1g
4110,,b0c523sj9l
4111,,b002bfkr4q
4112,,b06y2n6wr1
4113,,b092w6z3ng
4114,,b00knrjk9m
4115,,b0bn2hwh1k
4116,,b08np345qz
4117,,b098txmdqh
4118,,b00ff0cs6y
4119,,b09wjl8st4
4120,,b09x198yr1
4121,,b005etdkea
4122,,b075qb3xjh
4123,,b084jgqbg6
4124,,b00k65nnik
4125,,b002tgwla0
4126,,b0bm9x6lsq
4127,,b07dpvsjm5
4128,,b00nao3anm
4129,,b09mz6rf6n
4130,,b08bt42tvy
4131,,b01fij86f8
4132,,b003e36wck
4133,,b0bplvkjgs
4134,,b002t06k4y
4135,,b00fw6yu1m
4136,,b0c94y2qvc
4137,,b0c7ypcm1v
4138,,b0c2z5ddj8
4139,,b0b2qqppkj
4140,,b079285mqb
4141,,b077twkjnf
4142,,b08brjxxdq
4143,,b01cqf1tfq
4144,,b09zblzw64
4145,,b008yq4ugc
4146,,b079yyzw76
4147,,b091jjld3f
4148,,b01k3oeooa
4149,,b00h7wbdwi
4150,,b07dnjt5wl
4151,,b0777181nz
4152,,b084cxqrh7
4153,,b00dw7zjja
4154,,b07vn9wv38
4155,,b06xkrsktp
4156,,b07qp7z1wz
4157,,b0bnmvgwt1
4158,,b07py2tnk4
4159,,b000qrcfb4
4160,,b00xrcxs8e
4161,,b0999gnmjt
4162,,b07sj24396
4163,,b083jdkyhn
4164,,b09yrcn8tm
4165,,b0bnx4qvz5
4166,,b07m7l92jw
4167,,b09svyrydm
4168,,b08d9t279h
4169,,b07kk3c6hl
4170,,b01k4hp440
4171,,b095f485cm
4172,,b0bhps14yr
4173,,b009g8j67a
4174,,b0771vx3jf
4175,,b0c4k3mrwv
4176,,b0bkcct6r2
4177,,b0b41z7b6h
4178,,b08lgrkydh
4179,,b07t1nhf33
4180,,b0bq8yc695
4181,,b005esacu6
4182,,b09xdyyjc2
4183,,b09jzy574n
4184,,b0c9qy7vvz
4185,,b076v829ck
4186,,b094fzr6q5
4187,,b09rnb5ppd
4188,,b0bjfc6bf3
4189,,b06xj1pqnl
4190,,b09x35jbnb
4191,,b07n183gjd
4192,,b079b3y1zd
4193,,b07qw4q71n
4194,,b07bj56bp4
4195,,b00nh0por4
4196,,b08f4wm3ps
4197,,b09wj9kppt
4198,,b0b221j4rp
4199,,b00tarj0tq
4200,,b01naq5z4c
4201,,b07dvkxv3n
4202,,b0b3hn3cw3
4203,,b081b4kmjl
4204,,b0c27sg7sz
4205,,b0b9wsw8cv
4206,,b089y1qltg
4207,,b07dqt779l
4208,,b0c3mq2q64
4209,,b0877rhtyj
4210,,b08lbfgp3g
4211,,b0817c2cht
4212,,b07ghz5gdd
4213,,b00k5zrub2
4214,,b00e5wwnt0
4215,,b01jv6kfoy
4216,,b0764c1377
4217,,b07m6114ym
4218,,b00wa8fgrw
4219,,b07c1cg5vt
4220,,b00l4drfci
4221,,b07wsvpny9
4222,,b0cbsf4g7l
4223,,b0009szzqw
4224,,b092h3wd4r
4225,,b072fgb1zk
4226,,b086x3pw5h
4227,,b09kvv2pbb
4228,,b07cv42dnb
4229,,b000hhj2i2
4230,,b0176eb3nu
4231,,b01l19vebw
4232,,b01254t7ji
4233,,b07x9vlvrt
4234,,b08xn5186v
4235,,b09mhpbzx1
4236,,b083jdbqn3
4237,,b09h5zcn28
4238,,b07c2wpngz
4239,,b00lpv2nz8
4240,,b07cnkzhp8
4241,,b07r7fwgm7
4242,,b07pvcnjd7
4243,,b09tyvbqlg
4244,,b07gwf2h5f
4245,,b0bkbdcym7
4246,,b00bpqnzqe
4247,,b0b5lvgz8l
4248,,b01mpwsw8e
4249,,b01hslqf9i
4250,,b002czq7ki
4251,,b09nbxky15
4252,,b07vgjm4d4
4253,,b0c11gr36y
4254,,b0bc95nlgd
4255,,b0bjbgpxr3
4256,,b00nizzhgq
4257,,b003lvz3u2
4258,,b01lyvikxc
4259,,b0b3x8nv1l
4260,,b09m963nvk
4261,,b0brzzt17l
4262,,b07cv35ppz
4263,,b01c3rjhdi
4264,,b0bc4421gz
4265,,b00844g2my
4266,,b07bksj3tk
4267,,b0b72wwlg5
4268,,b09zjclfj9
4269,,b005ci25ee
4270,,b07hqwl272
4271,,b00jr5ajgy
4272,,b0bdrd7498
4273,,b084cv9gdh
4274,,b09mmg82mm
4275,,b08nzsrc6w
4276,,b000f7fm9w
4277,,b01kqvckgo
4278,,b00bbr496c
4279,,b00nufg2mm
4280,,b09b3rw5jt
4281,,b013g65h8y
4282,,b08mnhr2zy
4283,,b099dzzjcw
4284,,b075bv6dxg
4285,,b0c4ftmxzs
4286,,b087zm1kz2
4287,,b00jwj19pk
4288,,b00v3i0a9o
4289,,b00eu7c2be
4290,,b00fyx7npi
4291,,b07h29btt5
4292,,b0bvzg2rvd
4293,,b08j861slk
4294,,b07cr1q25n
4295,,b09v6zbmh7
4296,,b0bjl8xwlw
4297,,b00gn7f0wc
4298,,b0bgsgnqpj
4299,,b07fqp36ht
4300,,b00ovx00wu
4301,,b01bvrb9tg
4302,,b092bq3gb4
4303,,b0892bynw5
4304,,b000iyyfiq
4305,,b00tsrt1x8
4306,,b0bc6p74pc
4307,,b0bw861kxj
4308,,b01253n8bw
4309,,b01e1l6p8y
4310,,b071j24pqn
4311,,b07tnhvhgm
4312,,b009ukm766
4313,,b07t1prgv5
4314,,b07p3zyyk5
4315,,b000b1v2au
4316,,b00188rob6
4317,,b07p6t264v
4318,,b002m782u4
4319,,b007zsfv8q
4320,,b0bv78775j
4321,,b082sm4jd5
4322,,b0c9qc4vzz
4323,,b01asxnfwi
4324,,b074jkp2h1
4325,,b011913ydi
4326,,b0c4ph9774
4327,,b0c3m2cgd5
4328,,b08gflrsk9
4329,,b09sb5n5zg
4330,,b000u67ei0
4331,,b071lbx611
4332,,b06zz3n4qj
4333,,b08ct55rh8
4334,,b01n4ee3sp
4335,,b09fs9dpwn
4336,,b08l7q6kdf
4337,,b0c5xrn9fx
4338,,b086hk3l6v
4339,,b07vd69cb1
4340,,b09nqb9v8y
4341,,b00mdy2uxq
4342,,b00ne4zu5o
4343,,b07vm9fmy4
4344,,b08dcx9ls6
4345,,b08m66g55d
4346,,b08brclqzw
4347,,b07dpm3fyr
4348,,b00xnsd6vq
4349,,b09w2b3sw7
4350,,b0bll7scb6
4351,,b001usltwe
4352,,b0776sm8hj
4353,,b09wcvq3jm
4354,,b06xs1qmdb
4355,,b07g7mzfnc
4356,,b004ferw30
4357,,b07n976fd7
4358,,b0c8xdhtdr
4359,,b00b84zzac
4360,,b081vq4tvm
4361,,b07rgp71qw
4362,,b07mhwrsjl
4363,,b081rv7vnj
4364,,b06xgb6kb9
4365,,b006jru10c
4366,,b01fqh0cou
4367,,b08lpdsgcq
4368,,b082qts72g
4369,,b094hv3qtr
4370,,b082qrr6jx
4371,,b0914jcfhf
4372,,b0bqxqt483
4373,,b0bmv9f3j5
4374,,b073wjk9wy
4375,,b009lmqpso
4376,,b08j4bsr67
4377,,b0bmk5mx58
4378,,b07xqkqkw2
4379,,b01n6q441f
4380,,b07j56zzp7
4381,,b071w9gpzw
4382,,b07rc3pf4h
4383,,b015p0qtg8
4384,,b0771w7hvl
4385,,b088kw2x7t
4386,,b07wct7l3x
4387,,b0bfqytvpq
4388,,b07f9qc2rk
4389,,b09xhjfkn2
4390,,b09m9dvzd5
4391,,b0bbc7d4jx
4392,,b00jd1lrp4
4393,,b09g2yvs8k
4394,,b00004oco6
4395,,b000w9tusm
4396,,b07vffzf7h
4397,,b0bkv4rh1s
4398,,b07x84ny42
4399,,b0b5k4yzbf
4400,,b08376g8sf
4401,,b006cqdhsi
4402,,b07rcgt5hl
4403,,b092rgpnct
4404,,b00ejh4okw
4405,,b09hyxn1mp
4406,,b09kh8hjbz
4407,,b01mqt8a98
4408,,b000i21liu
4409,,b00l3i3226
4410,,b07c697h5m
4411,,b07xlflmgf
4412,,b076jsyxw3
4413,,b0b8qvwbsh
4414,,b08z88cx76
4415,,b0btqxt6kj
4416,,b087qtyz74
4417,,b082hlnj7p
4418,,b07gshsz6w
4419,,b01m2bij3k
4420,,b088lww7jn
4421,,b00mnb6a2g
4422,,b08r5j5yhl
4423,,b082bgw8fl
4424,,b08nctvtxp
4425,,b07lcs5742
4426,,b08khr4237
4427,,b07d297jbk
4428,,b09646tc78
4429,,b01ah120f4
4430,,b07vmjc8xc
4431,,b081bbply3
4432,,b007kq6ghi
4433,,b0771vjj6x
4434,,b08lsn84bg
4435,,b07nbv9s3r
4436,,b07h5bx2b5
4437,,b07j5mv54c
4438,,b09l5c6ljl
4439,,b07fjnkjm7
4440,,b0c32qsxdd
4441,,b0c8dxxq2l
4442,,b0bvjjx887
4443,,b0885vpgsk
4444,,b06xxbycsl
4445,,b0b7xbkd6x
4446,,b0000vlpbc
4447,,b004netsmu
4448,,b07z9443ft
4449,,b01blezluc
4450,,b08hrxht7v
4451,,b09clgkslz
4452,,b078wj3dhv
4453,,b08tmdqj7l
4454,,b00gzkt2n0
4455,,b091zsd54x
4456,,b07z2zrfpd
4457,,b00e3zvq2o
4458,,b08zjnxfxg
4459,,b01n1fzfs8
4460,,b0bgnlqr7z
4461,,b07vqjq3gb
4462,,b013tcfo6k
4463,,b0bm8z61fc
4464,,b00xtqm7fi
4465,,b00yuyfgkg
4466,,b08fp95rqd
4467,,b08xqml3tf
4468,,b0714d1n6g
4469,,b09nbvtmxc
4470,,b0046tr4iw
4471,,b08fzzqh2s
4472,,b01ewbzw0a
4473,,b08nhmq3cw
4474,,b0028n70yq
4475,,b01hxxc45a
4476,,b0bvdnvphf
4477,,b09b4cvbhx
4478,,b00mcl9gly
4479,,b076h7lnk6
4480,,b002mq3soa
4481,,b0bsfj864h
4482,,b09ztn6pc9
4483,,b07d8m9qks
4484,,b077ppcn1x
4485,,b08ndln38z
4486,,b086yr1j7x
4487,,b004m5j1ng
4488,,b01m6uyces
4489,,b07b1vc5vc
4490,,b01cqqdvce
4491,,b007tb31qs
4492,,b013zq0mqw
4493,,b0045u2mum
4494,,b00i2oyk66
4495,,b013kx3eq0
4496,,b07lc3sqg3
4497,,b00i2mnbhc
4498,,b0063hve18
4499,,b07kq1qp17
4500,,b07v9k1tcn
4501,,b08468t9dn
4502,,b07rjqhm8s
4503,,b073sqpnvs
4504,,b08lr73mvf
4505,,b0bxjjx5kp
4506,,b0b8dp8dtr
4507,,b00dduezc8
4508,,b078hhpydj
4509,,b08h4bp9w4
4510,,b07ypvlh4r
4511,,b0b2m3vrhn
4512,,b0831935xd
4513,,b0016pmsas
4514,,b097yzt9nk
4515,,b00oxb8nqu
4516,,b0b7739bcp
4517,,b07r7yr5x1
4518,,b07ksrdznz
4519,,b00v9pquhm
4520,,b0bhypr363
4521,,b0c616q79g
4522,,b000jq47cc
4523,,b019hks758
4524,,b093gkw7yx
4525,,b07bkshqty
4526,,b08sl6ggpx
4527,,b01mrhll3x
4528,,b0b6nv64rv
4529,,b07db5b9gl
4530,,b01h7bf1da
4531,,b0bykkq15g
4532,,b00yratluy
4533,,b07zqkkkql
4534,,b07cgv87sc
4535,,b0741qpzr5
4536,,b0007zk8lo
4537,,b019xcd6pq
4538,,b07rd1d7t3
4539,,b09l3q9pkv
4540,,b01nc3b1nx
4541,,b07l8n3486
4542,,b07c97dxxl
4543,,b06ww7brty
4544,,b07smxf9f8
4545,,b0bd7ycw65
4546,,b00hefiw3q
4547,,b095cm1mrh
4548,,b07jj4wdj7
4549,,b08qmfzpvv
4550,,b07cpjskqh
4551,,b09nb7gql8
4552,,b01lxpkecn
4553,,b00dqyxq6w
4554,,b0bc47qr8h
4555,,b08fdl7843
4556,,b00nlfo9ey
4557,,b09fqrwj5c
4558,,b0743lmr6h
4559,,b01mszkh97
4560,,b07t84vmhw
4561,,b0bgkm6866
4562,,b019qu7o6w
4563,,b086vb9wzf
4564,,b09lrgjyn5
4565,,b07tnwh4zz
4566,,b0bg5cbwfm
4567,,b08dn8c23j
4568,,b0b613bb8h
4569,,b0c27ql5wz
4570,,b085s21rcz
4571,,b0bg996rnb
4572,,b07zv2w8tg
4573,,b07kdyjdth
4574,,b08dl8crm2
4575,,b0747thqbd
4576,,b08171qpjf
4577,,b098vyx9w1
4578,,b07cnpbs7t
4579,,b002j6fa5s
4580,,b01706tzaw
4581,,b076yv7v1g
4582,,b09f8cq164
4583,,b09q49tbtm
4584,,b0b4sqhmct
4585,,b09zvjdxc7
4586,,b08h4jsq63
4587,,b08bzk4xqw
4588,,b017u6u8jo
4589,,b07vpljc6l
4590,,b01laobk7q
4591,,b01fqnrf9y
4592,,b071rw9rys
4593,,b07gyztwp5
4594,,b081gn55dy
4595,,b017o5z6km
4596,,b003lrxz42
4597,,b07qgdy8lv
4598,,b08tn2y6m1
4599,,b08bcqbthl
4600,,b09g6kb92p
4601,,b07yq96zpd
4602,,b0bkf8rdwp
4603,,b08p7s6p9s
4604,,b0764gz4kw
4605,,b088qz1ydl
4606,,b09x6cdcjn
4607,,b01nai31to
4608,,b019xe6r28
4609,,b09k7779yy
4610,,b081g7cq25
4611,,b071ctc4xc
4612,,b07j16h8q7
4613,,b074mj65p7
4614,,b003llbj64
4615,,b074kz83q5
4616,,b073gch39h
4617,,b00ceilvay
4618,,b0778lszvt
4619,,b078j1n2r6
4620,,b08v35j6c5
4621,,b00kre4tss
4622,,b0bfsymrtr
4623,,b01gvgxbaw
4624,,b00vq2sj4u
4625,,b014wax5f0
4626,,b0byfncfsb
4627,,b08r22sgr5
4628,,b0bz8ctt9j
4629,,b0cdjgcdbg
4630,,b099d6pz8d
4631,,b09t67yp4z
4632,,b06xz4wxdb
4633,,b07wx1tlg2
4634,,b08qsz1v71
4635,,b0bfj6n275
4636,,b07fsdcqbh
4637,,b09x5bvrcz
4638,,b09yjhgk16
4639,,b07mc7xvy3
4640,,b00sa6drg0
4641,,b0bqypwd9k
4642,,b0042u1sbe
4643,,b06xqp4jnc
4644,,b074295rq5
4645,,b082dzsvx7
4646,,b07hrth5s4
4647,,b0cfcmgm89
4648,,b078kx94hb
4649,,b0cb237cjd
4650,,b01bdy5rke
4651,,b076mtbtmd
4652,,b00te93u2i
4653,,b088nhfcm1
4654,,b00fz4vv86
4655,,b0bbfklnbz
4656,,b00a48ytxm
4657,,b097y9xg5z
4658,,b07br5mvjs
4659,,b07jy8b2hx
4660,,b08l7nmscm
4661,,b093hddzgb
4662,,b0009f3s0k
4663,,b081cyjxtk
4664,,b00xj932rc
4665,,b0cb7xdjkj
4666,,b08gwvz4nn
4667,,b006gdrcho
4668,,b0bhr19zrj
4669,,b004q7ejim
4670,,b00arsc1mk
4671,,b0b3n5jtlj
4672,,b08fnywvyp
4673,,b01k4pgvnk
4674,,b008tmfpem
4675,,b0bg7z2hjp
4676,,b00t2vwc5o
4677,,b09r96s1p4
4678,,b087tckgjy
4679,,b01napynif
4680,,b07xdvkwnh
4681,,b01d0ujo9e
4682,,b07ckgbp6d
4683,,b00pcfghh8
4684,,b00rzuj81u
4685,,b08kzrnlwf
4686,,b012xy60gs
4687,,b00xxs14jw
4688,,b01n766hr2
4689,,b07cfwdn5w
4690,,b08cmshb5s
4691,,b0005ymefk
4692,,b0064oljga
4693,,b082vhrrpz
4694,,b082kx4r55
4695,,b08lqqj9p8
4696,,b076vc3xmh
4697,,b09syxw8hv
4698,,b00kr0ibh2
4699,,b07p6n12p3
4700,,b0099x7w0u
4701,,b00enotm94
4702,,b0951jqgnw
4703,,b09mvkm32m
4704,,b0cbs3fj39
4705,,b0b565w76r
4706,,b09qyxzrhn
4707,,b077ndx9xt
4708,,b0c4v8m8cx
4709,,b07jy6hcy5
4710,,b07r1wr876
4711,,b0b7hd6gtg
4712,,b00ouhr2i2
4713,,b07cnylr1f
4714,,b09rvsnz19
4715,,b01msxz1n1
4716,,b0bjd2xmj3
4717,,b08w3tn4qr
4718,,b079vy1sm3
4719,,b07j3cwjnq
4720,,b07n4byw5z
4721,,b00avwe7d8
4722,,b0bj7zc41d
4723,,b01agzd3x4
4724,,b099dzzr1f
4725,,b0byp1tsb6
4726,,b01n3p49xd
4727,,b0b5ng34yk
4728,,b07p63jrpy
4729,,b00w9piua6
4730,,b0bxfjf4vq
4731,,b072bhb84f
4732,,b08dhlhxwn
4733,,b086tzq3pb
4734,,b0c3vx7kyg
4735,,b09mcycym4
4736,,b00mwtjwxs
4737,,b000g2qw7m
4738,,b07ml3cqdj
4739,,b076h1t9yd
4740,,b08p3fswbt
4741,,b01illbdq4
4742,,b013j7yccw
4743,,b08hlk9sc3
4744,,b00vckpei0
4745,,b0bn8cz3cl
4746,,b0c7zdwf9p
4747,,b07jvjxfdc
4748,,b008eyp5hc
4749,,b07z1rvd3s
4750,,b08l9twymy
4751,,b09swhk2tk
4752,,b01crhmfg0
4753,,b005w6ffu2
4754,,b0b6vk8bqh
4755,,b0bg1yzcnh
4756,,b06xszhn9s
4757,,b089jpnkct
4758,,b07hffdr2n
4759,,b071z8xtgx
4760,,b0cdg5ncbl
4761,,b0c9mzj7fg
4762,,b01mromp85
4763,,b01b7d45li
4764,,b089rf2mgn
4765,,b08c5l5qxb
4766,,b08c6zbhsm
4767,,b0c6mk1bmw
4768,,b08pz8gxzj
4769,,b01ncrrz6d
4770,,b00jpcwds6
4771,,b01c2g1llg
4772,,b086x78xq7
4773,,b018wqxmoe
4774,,b07jx7dfkn
4775,,b0015tuxt8
4776,,b00nx93bho
4777,,b07497p7mn
4778,,b07mzsjcgk
4779,,b07zk2mp14
4780,,b07h443qws
4781,,b098n71bnm
4782,,b092jtqgyq
4783,,b07crq75jg
4784,,b00lxul6hw
4785,,b07k2b784p
4786,,b01k5g0cyc
4787,,b00158n7x8
4788,,b081g5ymgw
4789,,b09r1xm7sy
4790,,b091ghp65c
4791,,b07snvsvzn
4792,,b00whciepw
4793,,b0097c42i8
4794,,b075qc64ps
4795,,b00qucf1n8
4796,,b0c78tcg78
4797,,b00jyraq4a
4798,,b09s5yb4mn
4799,,b0c56z5l9s
4800,,b06x41wcnm
4801,,b07zq8j1w4
4802,,b07p3j12xr
4803,,b0c8jffvdx
4804,,b086w3ph1c
4805,,b07bycpt7g
4806,,b09j1nzxd1
4807,,b09r6kz9b2
4808,,b001u1w18m
4809,,b09wty82t7
4810,,b00flm79r4
4811,,b07ydk14gq
4812,,b06vvqr9zj
4813,,b07wrsr2bk
4814,,b099d2mpxz
4815,,b0002knq9a
4816,,b07vlj1l7s
4817,,b08l4w69ff
4818,,b08ckcvqft
4819,,b08g4htr4v
4820,,b07scj5s9y
4821,,b0925rbq1h
4822,,b07lfbn829
4823,,b004wxq5b4
4824,,b00uff99am
4825,,b01bkbwbou
4826,,b08zcfzlkj
4827,,b003bhv0x0
4828,,b08fr5ywjq
4829,,b003l0oom6
4830,,b09jnt1m5d
4831,,b0b76dh5wt
4832,,b072f55s8m
4833,,b01fyc469o
4834,,b08138ycj3
4835,,b0c6r9qdgn
4836,,b0bnnwzdqq
4837,,b0032z4v00
4838,,b06xctr54w
4839,,b07x56hcjv
4840,,b0brr7wzm8
4841,,b0b2kshty4
4842,,b00hi0j8rq
4843,,b096kjgh2l
4844,,b00ucl5ul6
4845,,b07m6pswkv
4846,,b00o9ciqvu
4847,,b07h4v2qvt
4848,,b07g9jnmds
4849,,b012ovjoqi
4850,,b08qftylvh
4851,,b00r208dku
4852,,b00j40ed82
4853,,b06zxz3g6s
4854,,b095k481w4
4855,,b00d6vfuvy
4856,,b00y35wyo8
4857,,b0bkkm47vx
4858,,b0915131r4
4859,,b079ynxjr3
4860,,b073xbymdx
4861,,b07knx397q
4862,,b01ghjsqqw
4863,,b09p7yr37w
4864,,b0bgnk36t1
4865,,b07vz785ds
4866,,b0c7kqs8gy
4867,,b000wekllm
4868,,b00napbt3e
4869,,b0bkszxg3j
4870,,b07fpp1ht7
4871,,b07vytvhdz
4872,,b07sj81mwx
4873,,b09l44rytr
4874,,b00ywam12e
4875,,b09gkthbph
4876,,b0bfjqttv7
4877,,b0bnpp6n69
4878,,b093grkhm8
4879,,b09g29x41f
4880,,b09yhc9n5q
4881,,b0b5321txn
4882,,b08twfnmbq
4883,,b0bwdyfwjt
4884,,b07ftpy73r
4885,,b07h9ds5jp
4886,,b0cflz5f9m
4887,,b07cjwwgw4
4888,,b071gy3r42
4889,,b00tw0n2vi
4890,,b09lyndgfy
4891,,b07gxq6p7y
4892,,b074f3d296
4893,,b07c4515jd
4894,,b07bmpgpk1
4895,,b0brd9rm4w
4896,,b0888jjw43
4897,,b07457cbct
4898,,b0992njryh
4899,,b08gd347vh
4900,,b0bp835xm8
4901,,b014evu0t6
4902,,b00k6irsxi
4903,,b000abhixg
4904,,b004wsj40s
4905,,b09sdtnj9z
4906,,b084x1f36p
4907,,b07c93p79k
4908,,b08jx8vs5f
4909,,b086plw943
4910,,b079q33qs6
4911,,b0965ntcn1
4912,,b07tb4yj1s
4913,,b0by8v3hsd
4914,,b00phgw5o6
4915,,b01e9woftq
4916,,b0bvwnxmc2
4917,,b0b5gt6cnz
4918,,b0b24k78k5
4919,,b09nh67g3z
4920,,b0051jshzk
4921,,b08d61cy2p
4922,,b01n4bb346
4923,,b01l8fz1d6
4924,,b00ntt4znc
4925,,b0c7kkx3l8
4926,,b0b888ywwg
4927,,b0brcr9msq
4928,,b01avz86rc
4929,,b0bm5nrcgl
4930,,b079zp54g3
4931,,b00mugc5ci
4932,,b081mvytk6
4933,,b00hnts1pm
4934,,b091gr2fc3
4935,,b09f6vjt19
4936,,b08gyfcv6p
4937,,b0c473ys88
4938,,b07ckmfd6s
4939,,b093315rpc
4940,,b00014w9qs
4941,,b000b8l6li
4942,,b00ena4b9y
4943,,b07gxjm4hl
4944,,b0c2hpd4rx
4945,,b091szqcpb
4946,,b094csmpj6
4947,,b07y6g3vwz
4948,,b004sq1zec
4949,,b08f5d8817
4950,,b0bcntypl7
4951,,b017858kwy
4952,,b07d59srv8
4953,,b0bzwmrpsx
4954,,b019pav21g
4955,,b000b2wome
4956,,b07mdlfkk9
4957,,b00tbpdcci
4958,,b07m7swybr
4959,,b004s7spxk
4960,,b01dps97do
4961,,b07fwg1l7w
4962,,b0bwjlhys7
4963,,b00079prvq
4964,,b076dwyj82
4965,,b010rh2jz4
4966,,b07phrh6tl
4967,,b001gctus4
4968,,b0bksw65bp
4969,,b06x9p11y5
4970,,b07zr2tzdd
4971,,b07w37pjny
4972,,b000i5q1ic
4973,,b07sn596db
4974,,b017htanx0
4975,,b005150zcw
4976,,b0cbk67mr6
4977,,b099mwtsq8
4978,,b008yq505w
4979,,b0b324hz62
4980,,b07rmt3ttd
4981,,b006u1alkw
4982,,b00vnnjhwu
4983,,b07cxwhtv4
4984,,b08xqmjpb4
4985,,b09ncn5yst
4986,,b088b6kswp
4987,,b07xxvcykz
4988,,b07491n7bv
4989,,b0c7rgxnm2
4990,,b00nkb6gay
4991,,b09p14ytqp
4992,,b07s8ymypx
4993,,b007p5830m
4994,,b07h6cdlxm
4995,,b01by9upsc
4996,,b012h7bm2i
4997,,b0bp7yclfm
4998,,b0037xa1om
4999,,b07wd79ny8
