query_basename,method,T_true,T_hat,Qerror,AbsRelativeError,SuccessRate,Cost,Trials
query_cycle_4_0.graph,WJ_uniform_multi,375950.0,588873.2923649907,0.5663606659528945,0.5663606659528945,0.1973929236499069,1000,537
query_cycle_4_0.graph,WJ_importance_multi,375950.0,761668.2953546339,1.0259829641032956,1.0259829641032956,0.27137546468401486,1000,538
query_cycle_4_1.graph,WJ_uniform_multi,375950.0,1023351.7836812144,1.7220422494512952,1.7220422494512952,0.1840607210626186,1001,527
query_cycle_4_1.graph,WJ_importance_multi,375950.0,473514.4492499482,0.2595144281153031,0.2595144281153031,0.2518248175182482,1001,548
query_cycle_4_10.graph,WJ_uniform_multi,93742.0,150950.0524379025,0.6102713024887723,0.6102713024887723,0.027598896044158234,1001,2174
query_cycle_4_10.graph,WJ_importance_multi,93742.0,53756.245855793706,-0.42655110989957856,0.42655110989957856,0.03775563712637651,1000,1907
query_cycle_4_11.graph,WJ_uniform_multi,11634.0,33968.94273255814,1.919799100271458,1.919799100271458,0.008648255813953488,1000,13760
query_cycle_4_11.graph,WJ_importance_multi,11634.0,10204.825519686252,-0.1228446347183899,0.1228446347183899,0.00892204183121252,1001,13674
query_cycle_4_12.graph,WJ_uniform_multi,12558.0,8729.653719008264,-0.3048531837069387,0.3048531837069387,0.024380165289256198,1001,4840
query_cycle_4_12.graph,WJ_importance_multi,12558.0,19160.676857262322,0.5257745546474217,0.5257745546474217,0.028012358393408855,1001,4855
query_cycle_4_13.graph,WJ_uniform_multi,283607.0,944737.0294659301,2.331148488809973,2.331148488809973,0.356353591160221,1000,1086
query_cycle_4_13.graph,WJ_importance_multi,283607.0,1133467.1677078577,2.996612099517493,2.996612099517493,0.4116022099447514,1000,1086
query_cycle_4_14.graph,WJ_uniform_multi,283607.0,1263614.0731261426,3.4555108764104645,3.4555108764104645,0.37294332723948814,1000,1094
query_cycle_4_14.graph,WJ_importance_multi,283607.0,859843.8691964553,2.0318146914443416,2.0318146914443416,0.36663611365719523,1000,1091
query_cycle_4_2.graph,WJ_uniform_multi,296183.0,119055.5564581641,-0.5980337951261075,0.5980337951261075,0.07229894394800974,1001,1231
query_cycle_4_2.graph,WJ_importance_multi,296183.0,2779489.622396488,8.384365822469514,8.384365822469514,0.10271646859083192,1001,1178
query_cycle_4_3.graph,WJ_uniform_multi,2440.0,4981.604412209127,1.0416411525447242,1.0416411525447242,0.0029465095194922937,1000,13236
query_cycle_4_3.graph,WJ_importance_multi,2440.0,4893.727804410806,1.005626149348691,1.005626149348691,0.005162827640984908,1000,10072
query_cycle_4_4.graph,WJ_uniform_multi,2636.0,7667.677155282681,1.908830483794644,1.908830483794644,0.02916346891788181,1000,3909
query_cycle_4_4.graph,WJ_importance_multi,2636.0,6292.35272869954,1.3870837362289608,1.3870837362289608,0.030865746549560855,1001,3985
query_cycle_4_5.graph,WJ_uniform_multi,296183.0,317648.52582159627,0.07247386184080878,0.07247386184080878,0.07847082494969819,1000,1491
query_cycle_4_5.graph,WJ_importance_multi,296183.0,1521290.7927163914,4.13632042594069,4.13632042594069,0.08419023136246787,1001,1556
query_cycle_4_6.graph,WJ_uniform_multi,2636.0,5437.316192830655,1.062714792424376,1.062714792424376,0.032138442521631644,1001,4045
query_cycle_4_6.graph,WJ_importance_multi,2636.0,6151.367807185916,1.333599319873261,1.333599319873261,0.033988316516197555,1001,3766
query_cycle_4_7.graph,WJ_uniform_multi,70146.0,148064.63016459523,1.1108064631567764,1.1108064631567764,0.03728585824655694,1000,2977
query_cycle_4_7.graph,WJ_importance_multi,70146.0,81514.3105497595,0.16206641219398818,0.16206641219398818,0.040354631611128094,1000,3271
query_cycle_4_8.graph,WJ_uniform_multi,93742.0,52723.90532544379,-0.4375636819627937,0.4375636819627937,0.016011138183083886,1002,2873
query_cycle_4_8.graph,WJ_importance_multi,93742.0,88996.29326113188,-0.05062519189763518,0.05062519189763518,0.02409217877094972,1002,2864
query_cycle_4_9.graph,WJ_uniform_multi,900.0,5048.585415912109,4.609539351013455,4.609539351013455,0.006941929252686225,1000,16566
query_cycle_4_9.graph,WJ_importance_multi,900.0,3051.242228011257,2.3902691422347297,2.3902691422347297,0.007691313340227508,1001,15472
query_cycle_6_104.graph,WJ_uniform_multi,81954.0,40322.64811553364,-0.5079843800725573,0.5079843800725573,0.019020781965480803,1002,2839
query_cycle_6_104.graph,WJ_importance_multi,81954.0,51404.29293865609,-0.3727665161107927,0.3727665161107927,0.018175338560228082,1002,2806
query_cycle_6_106.graph,WJ_uniform_multi,81954.0,61215.07621247113,-0.2530556627806924,0.2530556627806924,0.016166281755196306,1000,3031
query_cycle_6_106.graph,WJ_importance_multi,81954.0,1286273.776965929,14.69507012428837,14.69507012428837,0.017857142857142856,1002,3248
query_cycle_6_109.graph,WJ_uniform_multi,81954.0,86701.68707482993,0.057931120809599605,0.057931120809599605,0.014901198574667962,1000,3087
query_cycle_6_109.graph,WJ_importance_multi,81954.0,30443.740878938796,-0.6285264797454816,0.6285264797454816,0.016,1000,3000
query_cycle_6_112.graph,WJ_uniform_multi,3999965.0,2334187.7687626774,-0.41644795172890825,0.41644795172890825,0.0486815415821501,1001,493
query_cycle_6_112.graph,WJ_importance_multi,3999965.0,2109680.9043801418,-0.47257515893760527,0.47257515893760527,0.11,1001,500
query_cycle_6_113.graph,WJ_uniform_multi,561906.0,4618.72824,-0.991780247514709,0.991780247514709,0.00024,861,50000
query_cycle_6_113.graph,WJ_importance_multi,561906.0,112241.10182535269,-0.8002493267106016,0.8002493267106016,0.00038,912,50000
query_cycle_6_116.graph,WJ_uniform_multi,380975.0,288408.376583661,-0.2429729599483929,0.2429729599483929,0.001310615989515072,1002,16023
query_cycle_6_116.graph,WJ_importance_multi,380975.0,378253.4382320037,-0.007143675485258321,0.007143675485258321,0.0013754257270107413,1000,15268
query_cycle_6_118.graph,WJ_uniform_multi,380975.0,8925.498559832417,-0.9765719573204741,0.9765719573204741,0.0013092432573972245,1001,15276
query_cycle_6_118.graph,WJ_importance_multi,380975.0,10549534.454689315,26.690883797333985,26.690883797333985,0.0020805369127516776,1001,14900
query_cycle_6_119.graph,WJ_uniform_multi,702727.0,218314.77192982455,-0.6893320280424339,0.6893320280424339,0.0167973124300112,1002,2679
query_cycle_6_119.graph,WJ_importance_multi,702727.0,90827.97115171411,-0.8707492793763238,0.8707492793763238,0.017864231838030965,1001,2519
query_cycle_6_120.graph,WJ_uniform_multi,236262.0,103562.23404010141,-0.5616636021023211,0.5616636021023211,0.0020742106476146576,1001,17356
query_cycle_6_120.graph,WJ_importance_multi,236262.0,339389.01184384874,0.436494281111007,0.436494281111007,0.0027191206248192074,1001,17285
query_cycle_6_121.graph,WJ_uniform_multi,71286.0,884992.3571845605,11.414672687267633,11.414672687267633,0.002530003243593902,1000,15415
query_cycle_6_121.graph,WJ_importance_multi,71286.0,105599.14489137093,0.4813447926853931,0.4813447926853931,0.0025650233417124097,1002,19493
query_cycle_6_122.graph,WJ_uniform_multi,1643774.0,265706.09990791895,-0.8383560636024667,0.8383560636024667,0.0050644567219152855,1000,4344
query_cycle_6_122.graph,WJ_importance_multi,1643774.0,229192.7772858277,-0.860569167485416,0.860569167485416,0.005523731587561375,1000,4888
query_cycle_6_123.graph,WJ_uniform_multi,380975.0,335042.1834237685,-0.12056648487756809,0.12056648487756809,0.0012235344185551654,1003,18798
query_cycle_6_123.graph,WJ_importance_multi,380975.0,251061.98763086594,-0.34100141051022786,0.34100141051022786,0.0013684210526315789,1001,19000
query_cycle_6_124.graph,WJ_uniform_multi,1657561.0,844520.918135716,-0.4905038679507324,0.4905038679507324,0.0026563631972953395,1000,4141
query_cycle_6_124.graph,WJ_importance_multi,1657561.0,324004.98961349897,-0.8045290703548774,0.8045290703548774,0.0058679706601467,1001,4090
query_cycle_6_125.graph,WJ_uniform_multi,3999965.0,53943111.37552743,12.485895845470505,12.485895845470505,0.06329113924050633,1001,474
query_cycle_6_125.graph,WJ_importance_multi,3999965.0,4203256.888977576,0.05082341694929232,0.05082341694929232,0.08928571428571429,1000,504
query_cycle_6_126.graph,WJ_uniform_multi,380975.0,186848.22575736616,-0.5095525277055813,0.5095525277055813,0.001936644072485821,1002,14458
query_cycle_6_126.graph,WJ_importance_multi,380975.0,211834.33115959348,-0.44396789511229484,0.44396789511229484,0.0015625,1001,16000
query_cycle_6_127.graph,WJ_uniform_multi,483.0,475.433,-0.015666666666666683,0.015666666666666683,0.0004,366,50000
query_cycle_6_127.graph,WJ_importance_multi,483.0,1055.5249767832559,1.1853519188059127,1.1853519188059127,0.0003,443,50000
query_cycle_6_128.graph,WJ_uniform_multi,3999965.0,34633357.39805825,7.65841511064678,7.65841511064678,0.05631067961165048,1001,515
query_cycle_6_128.graph,WJ_importance_multi,3999965.0,20952964.45904313,4.238286949771593,4.238286949771593,0.087890625,1002,512
query_cycle_6_129.graph,WJ_uniform_multi,1509704.0,709806.6189833558,-0.5298372270436087,0.5298372270436087,0.0038236617183985606,1002,4446
query_cycle_6_129.graph,WJ_importance_multi,1509704.0,475331.15721323236,-0.685149435112292,0.685149435112292,0.00942095588235294,1003,4352
query_cycle_6_130.graph,WJ_uniform_multi,31196.0,7269.762315270936,-0.7669649212953285,0.7669649212953285,0.003254750175932442,1002,11368
query_cycle_6_130.graph,WJ_importance_multi,31196.0,11722.98456683573,-0.6242151376190623,0.6242151376190623,0.0030858906223212757,1001,11666
query_cycle_6_132.graph,WJ_uniform_multi,48378.0,11722.191884398891,-0.7576958145355557,0.7576958145355557,0.005124758464252709,1002,11903
query_cycle_6_132.graph,WJ_importance_multi,48378.0,138103.11130554168,1.8546676444983603,1.8546676444983603,0.005772005772005772,1000,11781
query_cycle_6_133.graph,WJ_uniform_multi,1643774.0,128348.62198391421,-0.9219183281984542,0.9219183281984542,0.003485254691689008,1002,3730
query_cycle_6_133.graph,WJ_importance_multi,1643774.0,2178720.2042084686,0.3254378060539153,0.3254378060539153,0.0050661412890515055,1001,3553
query_cycle_6_135.graph,WJ_uniform_multi,1657561.0,1164644.1824686942,-0.29737476782532035,0.29737476782532035,0.005111167901865576,1000,3913
query_cycle_6_135.graph,WJ_importance_multi,1657561.0,9776736.402337084,4.898266430217098,4.898266430217098,0.005898255099533055,1003,4069
query_cycle_6_136.graph,WJ_uniform_multi,482985.0,91701.0083234245,-0.8101369435418813,0.8101369435418813,0.0008493290300662477,1001,17661
query_cycle_6_136.graph,WJ_importance_multi,482985.0,241064.69178510839,-0.5008857588018087,0.5008857588018087,0.001604308714834126,1000,17453
query_cycle_6_138.graph,WJ_uniform_multi,81954.0,56288.16564417178,-0.31317366273553726,0.31317366273553726,0.003140520011685656,1001,13692
query_cycle_6_138.graph,WJ_importance_multi,81954.0,85424.97271021249,0.04235269431891658,0.04235269431891658,0.004250876277127303,1002,13409
query_cycle_6_140.graph,WJ_uniform_multi,236262.0,129002.52149346333,-0.4539853150592845,0.4539853150592845,0.0022712164857079547,1002,18052
query_cycle_6_140.graph,WJ_importance_multi,236262.0,833679.0728201047,2.5286210766864947,2.5286210766864947,0.0021767297227260948,1001,19295
query_cycle_6_142.graph,WJ_uniform_multi,702727.0,2530940.020460358,2.601597804638726,2.601597804638726,0.014249177932042383,1000,2737
query_cycle_6_142.graph,WJ_importance_multi,702727.0,4732460.413203468,5.7344223478014476,5.7344223478014476,0.019461077844311378,1000,2672
query_cycle_6_143.graph,WJ_uniform_multi,373882.0,226564.21276595743,-0.3940221439760207,0.3940221439760207,0.0011309818336042977,1003,14147
query_cycle_6_143.graph,WJ_importance_multi,373882.0,649100.0346823678,0.7361093464846337,0.7361093464846337,0.0014649190439475714,1003,12970
query_cycle_6_145.graph,WJ_uniform_multi,1643774.0,323915.50112612615,-0.8029440171665168,0.8029440171665168,0.0045045045045045045,1003,3552
query_cycle_6_145.graph,WJ_importance_multi,1643774.0,2034813.9010690935,0.23789152345096923,0.23789152345096923,0.005782017924255565,1003,3459
query_cycle_6_147.graph,WJ_uniform_multi,1657561.0,387630.285889195,-0.7661441805826784,0.7661441805826784,0.004897459442913988,1003,3267
query_cycle_6_147.graph,WJ_importance_multi,1657561.0,11374298.238888288,5.862069172047537,5.862069172047537,0.00985545335085414,1003,3044
query_cycle_6_153.graph,WJ_uniform_multi,81954.0,57460.458333333336,-0.29886938607836916,0.29886938607836916,0.017195767195767195,1001,3024
query_cycle_6_153.graph,WJ_importance_multi,81954.0,53972.35722439508,-0.34143108055256516,0.34143108055256516,0.019634860489149156,1000,2903
query_cycle_6_154.graph,WJ_uniform_multi,373882.0,811115.1231207469,1.1694414898838321,1.1694414898838321,0.0013451495489792689,1002,12638
query_cycle_6_154.graph,WJ_importance_multi,373882.0,736457.2474602343,0.9697584999016651,0.9697584999016651,0.0017630206420333504,1001,13613
query_cycle_6_155.graph,WJ_uniform_multi,70965.0,908776.7402921597,11.805985208090744,11.805985208090744,0.0003467085798816568,1001,43264
query_cycle_6_155.graph,WJ_importance_multi,70965.0,31106.701664598255,-0.5616613589149827,0.5616613589149827,0.00040121781407094476,1001,42371
query_cycle_6_156.graph,WJ_uniform_multi,1509704.0,5104.96015823679,-0.9966185688332039,0.9966185688332039,0.003390788358293303,1000,3539
query_cycle_6_156.graph,WJ_importance_multi,1509704.0,65048.670732204235,-0.956912963910671,0.956912963910671,0.005558643690939411,1002,3598
query_cycle_6_157.graph,WJ_uniform_multi,81954.0,23706.15455950541,-0.7107382853856382,0.7107382853856382,0.004148702513625641,1000,12293
query_cycle_6_157.graph,WJ_importance_multi,81954.0,176100.20291924867,1.148768857154607,1.148768857154607,0.005379321256229729,1000,12641
query_cycle_6_160.graph,WJ_uniform_multi,3999965.0,1042708.6856435643,-0.7393205476439008,0.7393205476439008,0.04084158415841584,1002,808
query_cycle_6_160.graph,WJ_importance_multi,3999965.0,1481157.581630321,-0.6297073645318594,0.6297073645318594,0.056578947368421055,1002,760
query_cycle_6_161.graph,WJ_uniform_multi,1179.0,453.93516,-0.6149829007633588,0.6149829007633588,0.00032,386,50000
query_cycle_6_161.graph,WJ_importance_multi,1179.0,888.3695320935072,-0.24650591001398878,0.24650591001398878,0.00052,385,50000
query_cycle_6_164.graph,WJ_uniform_multi,31196.0,22595.090470930816,-0.2757055240758169,0.2757055240758169,0.004618937644341801,1001,9959
query_cycle_6_164.graph,WJ_importance_multi,31196.0,28768.45045021888,-0.07781605173038597,0.07781605173038597,0.0032507887943398033,1002,10459
query_cycle_6_165.graph,WJ_uniform_multi,989027.0,174393.98006517155,-0.8236711636131555,0.8236711636131555,0.005175388154111558,1001,5217
query_cycle_6_165.graph,WJ_importance_multi,989027.0,157318.92175140698,-0.8409356653039736,0.8409356653039736,0.008490930142802007,1001,5182
query_cycle_6_167.graph,WJ_uniform_multi,71286.0,7169.232326032714,-0.8994300097349731,0.8994300097349731,0.001709638665557712,1001,21642
query_cycle_6_167.graph,WJ_importance_multi,71286.0,16404.160939375222,-0.7698824321833849,0.7698824321833849,0.002552183027982864,1002,21942
query_cycle_6_172.graph,WJ_uniform_multi,70965.0,234319.4166085136,2.3019011711197574,2.3019011711197574,0.0004361479413817167,1001,45856
query_cycle_6_172.graph,WJ_importance_multi,70965.0,104103.33201943205,0.4669672658272677,0.4669672658272677,0.0007021144446544787,1001,37031
query_cycle_6_173.graph,WJ_uniform_multi,31196.0,14634.968053876706,-0.530870366268858,0.530870366268858,0.003108271455707132,1000,11582
query_cycle_6_173.graph,WJ_importance_multi,31196.0,30413.73515095044,-0.025075806162634936,0.025075806162634936,0.005248868778280543,1002,11050
query_cycle_6_174.graph,WJ_uniform_multi,3999965.0,3035413.871101871,-0.24113989219858895,0.24113989219858895,0.06444906444906445,1000,481
query_cycle_6_174.graph,WJ_importance_multi,3999965.0,3585568.4697537604,-0.1036000390619017,0.1036000390619017,0.08928571428571429,1001,504
query_cycle_6_175.graph,WJ_uniform_multi,917724.0,222128.98740970073,-0.7579566542776469,0.7579566542776469,0.00784313725490196,1000,4845
query_cycle_6_175.graph,WJ_importance_multi,917724.0,215867.3776021702,-0.764779631346494,0.764779631346494,0.010505581089954037,1002,4569
query_cycle_6_176.graph,WJ_uniform_multi,71286.0,223654.62592754257,2.1374270674121507,2.1374270674121507,0.0033173286774334353,1000,11455
query_cycle_6_176.graph,WJ_importance_multi,71286.0,449926.3634389325,5.31156697582881,5.31156697582881,0.005267459812914359,1000,11011
query_cycle_6_178.graph,WJ_uniform_multi,1509704.0,50899307.366257496,32.714759559660365,32.714759559660365,0.007136739937196689,1002,3503
query_cycle_6_178.graph,WJ_importance_multi,1509704.0,90826.89698924687,-0.9398379437364895,0.9398379437364895,0.007311129163281885,1000,3693
query_cycle_6_180.graph,WJ_uniform_multi,38944.0,8127.8372,-0.7912942378800328,0.7912942378800328,0.00032,851,50000
query_cycle_6_180.graph,WJ_importance_multi,38944.0,18504.925889018632,-0.5248324288974262,0.5248324288974262,0.00028,733,50000
query_cycle_6_181.graph,WJ_uniform_multi,70965.0,44543.43886414528,-0.3723182010266289,0.3723182010266289,0.00017224833288220675,1002,40639
query_cycle_6_181.graph,WJ_importance_multi,70965.0,138282.78248046892,0.9486054037972087,0.9486054037972087,0.0006344694566403573,1002,39403
query_cycle_6_182.graph,WJ_uniform_multi,3999965.0,1246137.2952612394,-0.6884629502355046,0.6884629502355046,0.04495747266099635,1002,823
query_cycle_6_182.graph,WJ_importance_multi,3999965.0,1640068.9011093527,-0.5899791870405484,0.5899791870405484,0.049429657794676805,1002,789
query_cycle_6_184.graph,WJ_uniform_multi,2679.0,2731.4728039593338,0.019586712937414617,0.019586712937414617,0.0011214862130336201,1000,41017
query_cycle_6_184.graph,WJ_importance_multi,2679.0,9116.608091927987,2.4029892093796144,2.4029892093796144,0.0014312096029547553,1001,43320
query_cycle_6_186.graph,WJ_uniform_multi,483.0,2737.66724,4.668048115942029,4.668048115942029,0.00074,663,50000
query_cycle_6_186.graph,WJ_importance_multi,483.0,742.620566959357,0.5375167017792071,0.5375167017792071,0.00056,657,50000
query_cycle_6_187.graph,WJ_uniform_multi,71286.0,12871.675461511668,-0.8194361380704253,0.8194361380704253,0.001959247648902821,1000,22968
query_cycle_6_187.graph,WJ_importance_multi,71286.0,190291.84225841495,1.6694139418457334,1.6694139418457334,0.003002238957866884,1002,19652
query_cycle_6_190.graph,WJ_uniform_multi,3999965.0,1293401.6958333333,-0.6766467467007004,0.6766467467007004,0.06458333333333334,1000,480
query_cycle_6_190.graph,WJ_importance_multi,3999965.0,2432516.834698276,-0.39186547014829476,0.39186547014829476,0.09656652360515021,1000,466
query_cycle_6_202.graph,WJ_uniform_multi,373882.0,230449.4932150044,-0.38363041490362093,0.38363041490362093,0.000773953872349208,1003,19381
query_cycle_6_202.graph,WJ_importance_multi,373882.0,306778.3789116227,-0.17947807353223028,0.17947807353223028,0.0007553685119240316,1000,18534
query_cycle_6_39.graph,WJ_uniform_multi,3999965.0,109473386.74676526,26.36858616182023,26.36858616182023,0.026802218114602587,1000,1082
query_cycle_6_39.graph,WJ_importance_multi,3999965.0,2237780.3720010463,-0.44055001181234177,0.44055001181234177,0.050682261208576995,1002,1026
query_cycle_6_45.graph,WJ_uniform_multi,1509704.0,543796.6999767604,-0.6397991262017187,0.6397991262017187,0.004415524052986289,1003,4303
query_cycle_6_45.graph,WJ_importance_multi,1509704.0,147109.20038347458,-0.9025575871935991,0.9025575871935991,0.007466401194624191,1000,4018
query_cycle_6_54.graph,WJ_uniform_multi,1509704.0,60811.899177500665,-0.9597193230080197,0.9597193230080197,0.003183868400106129,1003,3769
query_cycle_6_54.graph,WJ_importance_multi,1509704.0,37290.79349906354,-0.9752992682677774,0.9752992682677774,0.006182795698924731,1001,3720
query_cycle_6_58.graph,WJ_uniform_multi,581304.0,940044.9395973154,0.6171313797897751,0.6171313797897751,0.015396762731938412,1001,2533
query_cycle_6_58.graph,WJ_importance_multi,581304.0,394326.6013226419,-0.3216516636344462,0.3216516636344462,0.018140589569160998,1001,2646
query_cycle_6_59.graph,WJ_uniform_multi,71286.0,141901.16167320762,0.9905894800270407,0.9905894800270407,0.004307456686129989,1001,10447
query_cycle_6_59.graph,WJ_importance_multi,71286.0,172238.29407903345,1.416158770011411,1.416158770011411,0.0059629761480954075,1002,11236
query_cycle_6_60.graph,WJ_uniform_multi,537440.0,6771.817869847248,-0.987399862552383,0.987399862552383,0.0005021971123666039,1003,23895
query_cycle_6_60.graph,WJ_importance_multi,537440.0,293543.62791627395,-0.4538113502599845,0.4538113502599845,0.0009231053263177328,1000,21666
query_cycle_6_61.graph,WJ_uniform_multi,373882.0,206098.94233572972,-0.44875938842808766,0.44875938842808766,0.0011060278517922679,1003,19891
query_cycle_6_61.graph,WJ_importance_multi,373882.0,22624.694846096976,-0.939487071198675,0.939487071198675,0.0008058883575995272,1002,18613
query_cycle_6_62.graph,WJ_uniform_multi,249806.0,81598.344333661,-0.6733531447056474,0.6733531447056474,0.0017787763890839301,1002,21363
query_cycle_6_62.graph,WJ_importance_multi,249806.0,23764.84110617111,-0.9048668122215995,0.9048668122215995,0.001859579100145138,1001,22048
query_cycle_6_63.graph,WJ_uniform_multi,218958.0,457742.51455858373,1.0905493955853804,1.0905493955853804,0.004658746797111577,1000,8586
query_cycle_6_63.graph,WJ_importance_multi,218958.0,101479.72227785445,-0.5365333886962137,0.5365333886962137,0.004831911175079675,1002,9727
query_cycle_6_65.graph,WJ_uniform_multi,79225.0,57610.51883745963,-0.2728239970027184,0.2728239970027184,0.005997232046747655,1000,6503
query_cycle_6_65.graph,WJ_importance_multi,79225.0,51149.39931956813,-0.3543780458243215,0.3543780458243215,0.0069691172451489475,1001,7318
query_cycle_6_66.graph,WJ_uniform_multi,356812.0,156687.75193916349,-0.5608674822058578,0.5608674822058578,0.0006844106463878327,1003,13150
query_cycle_6_66.graph,WJ_importance_multi,356812.0,237406.71532007674,-0.3346448120576754,0.3346448120576754,0.0014852535539995756,1002,14139
query_cycle_6_68.graph,WJ_uniform_multi,3999965.0,38123963.4248366,8.531074253108864,8.531074253108864,0.028944911297852476,1000,1071
query_cycle_6_68.graph,WJ_importance_multi,3999965.0,10253520.111705506,1.5634024576978813,1.5634024576978813,0.037606837606837605,1002,1170
query_cycle_6_72.graph,WJ_uniform_multi,2679.0,2754.3401431359794,0.028122487172817977,0.028122487172817977,0.002277163305139883,1001,30740
query_cycle_6_72.graph,WJ_importance_multi,2679.0,3581.264230330616,0.3367914260285988,0.3367914260285988,0.0022671133218285793,1000,29553
query_cycle_6_73.graph,WJ_uniform_multi,434.0,1041.8184,1.4005032258064518,1.4005032258064518,0.00022,382,50000
query_cycle_6_73.graph,WJ_importance_multi,434.0,273.49819534563613,-0.36981982639254346,0.36981982639254346,0.00034,348,50000
query_cycle_6_76.graph,WJ_uniform_multi,3999965.0,399012.1248374512,-0.9002460959439768,0.9002460959439768,0.0377113133940182,1002,769
query_cycle_6_76.graph,WJ_importance_multi,3999965.0,1358210.5172682542,-0.6604443995714326,0.6604443995714326,0.05269461077844311,1001,835
query_cycle_6_82.graph,WJ_uniform_multi,33346.0,154808.76425554382,3.642498778130625,3.642498778130625,0.004454857444561774,1001,30304
query_cycle_6_82.graph,WJ_importance_multi,33346.0,212798.97715802133,5.381544327896039,5.381544327896039,0.003782246072282925,1000,30934
query_cycle_6_87.graph,WJ_uniform_multi,3999965.0,1225303.9235294117,-0.693671338741861,0.693671338741861,0.0392156862745098,1001,1020
query_cycle_6_87.graph,WJ_importance_multi,3999965.0,1133323.5361167886,-0.7166666368038749,0.7166666368038749,0.0364963503649635,1002,1096
query_cycle_6_88.graph,WJ_uniform_multi,1179.0,3590.13928,2.0450714843087363,2.0450714843087363,0.0004,459,50000
query_cycle_6_88.graph,WJ_importance_multi,1179.0,972.1886033878158,-0.17541255013756085,0.17541255013756085,0.00048,444,50000
query_cycle_6_89.graph,WJ_uniform_multi,2679.0,2397.5219533369504,-0.10506832648863365,0.10506832648863365,0.0011285946825827454,1001,46075
query_cycle_6_89.graph,WJ_importance_multi,2679.0,2417.727171531969,-0.0975262517611165,0.0975262517611165,0.0011727729042548202,1000,42634
query_cycle_6_92.graph,WJ_uniform_multi,3999965.0,11250823.478957916,1.8127304811311888,1.8127304811311888,0.07214428857715431,1002,499
query_cycle_6_92.graph,WJ_importance_multi,3999965.0,31127872.286893245,6.782036164539751,6.782036164539751,0.08519269776876268,1000,493
query_cycle_6_96.graph,WJ_uniform_multi,33346.0,27189.41193181818,-0.18462748360168596,0.18462748360168596,0.004362824675324675,1000,29568
query_cycle_6_96.graph,WJ_importance_multi,33346.0,37998.27898963125,0.1395153538544729,0.1395153538544729,0.0037038209503308115,1000,31589
query_cycle_8_222.graph,WJ_uniform_multi,1745210.0,4314793.232467211,1.4723633445070856,1.4723633445070856,0.00014847809948032666,1000,40410
query_cycle_8_222.graph,WJ_importance_multi,1745210.0,1216204.348908632,-0.3031186224530962,0.3031186224530962,0.0002841379963535624,1004,42233
query_cycle_8_223.graph,WJ_uniform_multi,17340.0,0.0,-1.0,1.0,0.0,55,50000
query_cycle_8_223.graph,WJ_importance_multi,17340.0,0.0,-1.0,1.0,0.0,69,50000
query_cycle_8_225.graph,WJ_uniform_multi,1542731.0,22015.91329135733,-0.9857292598052693,0.9857292598052693,0.000281928390188892,1003,31923
query_cycle_8_225.graph,WJ_importance_multi,1542731.0,865497.2827197562,-0.4389836706984197,0.4389836706984197,0.0010344034939851353,1002,26102
query_cycle_8_232.graph,WJ_uniform_multi,88626.0,60556.10792,-0.31672299415521404,0.31672299415521404,8e-05,184,50000
query_cycle_8_232.graph,WJ_importance_multi,88626.0,90.5975914819598,-0.9989777538026995,0.9989777538026995,4e-05,170,50000
query_cycle_8_249.graph,WJ_uniform_multi,396355.0,73753.30116,-0.8139211031524769,0.8139211031524769,0.0001,600,50000
query_cycle_8_249.graph,WJ_importance_multi,396355.0,947189.5244013655,1.3897504116293866,1.3897504116293866,0.00034,584,50000
query_cycle_8_250.graph,WJ_uniform_multi,396355.0,2296.96152,-0.9942047873244945,0.9942047873244945,8e-05,552,50000
query_cycle_8_250.graph,WJ_importance_multi,396355.0,314.56408477117253,-0.9992063577228213,0.9992063577228213,8e-05,446,50000
query_cycle_8_251.graph,WJ_uniform_multi,1330345.0,878658.2521526718,-0.33952602358585793,0.33952602358585793,0.0004885496183206107,1002,32750
query_cycle_8_251.graph,WJ_importance_multi,1330345.0,1276813.0101881525,-0.04023917841751384,0.04023917841751384,0.00034070582890888956,1001,35221
query_cycle_8_254.graph,WJ_uniform_multi,346202.0,157624.61481586003,-0.544703338467542,0.544703338467542,0.0003668689149146324,1000,35435
query_cycle_8_254.graph,WJ_importance_multi,346202.0,2894.123288156499,-0.9916403623082578,0.9916403623082578,0.00044496710421765246,1001,31463
query_cycle_8_261.graph,WJ_uniform_multi,224284.0,59394.88044814865,-0.7351800375945291,0.7351800375945291,0.0007173111080748736,1003,29276
query_cycle_8_261.graph,WJ_importance_multi,224284.0,35417.683692982915,-0.8420855536151357,0.8420855536151357,0.0005956517422813462,1000,30219
query_cycle_8_262.graph,WJ_uniform_multi,809416.0,1059076.351800414,0.3084450416107589,0.3084450416107589,0.0009595474976011312,1001,19801
query_cycle_8_262.graph,WJ_importance_multi,809416.0,154569.26125141536,-0.8090360689047222,0.8090360689047222,0.0008068854222700376,1002,22308
query_cycle_8_264.graph,WJ_uniform_multi,396355.0,9164.69456,-0.9768775603688613,0.9768775603688613,8e-05,589,50000
query_cycle_8_264.graph,WJ_importance_multi,396355.0,67200.5955467548,-0.8304535188233912,0.8304535188233912,0.00016,538,50000
query_cycle_8_265.graph,WJ_uniform_multi,1330345.0,579031.471970665,-0.564750893963096,0.564750893963096,0.0008333796322017889,1000,17999
query_cycle_8_265.graph,WJ_importance_multi,1330345.0,121427.97046230336,-0.9087244508286922,0.9087244508286922,0.0007605007605007605,1002,17094
query_cycle_8_268.graph,WJ_uniform_multi,250957.0,59364.56422128203,-0.7634472669768844,0.7634472669768844,0.0005587930071046539,1001,25054
query_cycle_8_268.graph,WJ_importance_multi,250957.0,131342.56734662174,-0.4766331788050473,0.4766331788050473,0.0008459860189678971,1000,22459
query_cycle_8_270.graph,WJ_uniform_multi,438248.0,0.0,-1.0,1.0,0.0,296,50000
query_cycle_8_270.graph,WJ_importance_multi,438248.0,101.91587720164937,-0.9997674470226866,0.9997674470226866,2e-05,310,50000
query_cycle_8_274.graph,WJ_uniform_multi,694230.0,581957.8750224457,-0.16172179965941302,0.16172179965941302,0.001481414975758664,1002,22276
query_cycle_8_274.graph,WJ_importance_multi,694230.0,24555.045176266827,-0.9646298126323166,0.9646298126323166,0.0009587328053355565,1001,23990
query_cycle_8_281.graph,WJ_uniform_multi,417444.0,1779.3368916492796,-0.9957375434988902,0.9957375434988902,0.00019408996069678297,1003,41218
query_cycle_8_281.graph,WJ_importance_multi,417444.0,258767.2702868666,-0.3801150087511939,0.3801150087511939,0.0004304015393184465,1000,39498
query_cycle_8_292.graph,WJ_uniform_multi,45134.0,56278.03776,0.24691004032436742,0.24691004032436742,0.00028,872,50000
query_cycle_8_292.graph,WJ_importance_multi,45134.0,22992.92201401483,-0.49056316714639003,0.49056316714639003,0.00042,815,50000
query_cycle_8_302.graph,WJ_uniform_multi,1330345.0,52444.87376087396,-0.9605779900996554,0.9605779900996554,0.000303459437588509,1004,19772
query_cycle_8_302.graph,WJ_importance_multi,1330345.0,659180.1332466222,-0.5045043704853838,0.5045043704853838,0.0008798944126704796,1000,18184
query_cycle_8_304.graph,WJ_uniform_multi,20293.0,58016.88228,1.8589603449465333,1.8589603449465333,0.00028,451,50000
query_cycle_8_304.graph,WJ_importance_multi,20293.0,21905.097598366203,0.07944106826818129,0.07944106826818129,0.00024,515,50000
query_cycle_8_309.graph,WJ_uniform_multi,412368.0,17153.62264,-0.9584021489543321,0.9584021489543321,6e-05,644,50000
query_cycle_8_309.graph,WJ_importance_multi,412368.0,7305.133019607296,-0.9822849177928276,0.9822849177928276,0.0001,467,50000
query_cycle_8_314.graph,WJ_uniform_multi,3952096.0,20785.369832855362,-0.9947406718275935,0.9947406718275935,0.00023174299701630893,1002,34521
query_cycle_8_314.graph,WJ_importance_multi,3952096.0,154810.31820212616,-0.9608283001723322,0.9608283001723322,0.0006119742970795227,1002,29413
query_cycle_8_316.graph,WJ_uniform_multi,694230.0,97536.08579088472,-0.8595046514975085,0.8595046514975085,0.0008511000468105026,1000,23499
query_cycle_8_316.graph,WJ_importance_multi,694230.0,289781.12877093855,-0.5825862772122516,0.5825862772122516,0.0014753742677370363,1002,23045
query_cycle_8_318.graph,WJ_uniform_multi,1330345.0,5440894.615415617,3.089837309431476,3.089837309431476,0.0005541561712846348,1004,19850
query_cycle_8_318.graph,WJ_importance_multi,1330345.0,1416486.9171500087,0.06475156230151481,0.06475156230151481,0.0006493155132298036,1000,18481
query_cycle_8_326.graph,WJ_uniform_multi,888985.0,48119.682015899205,-0.9458712104074881,0.9458712104074881,0.0014999250037498126,1003,6667
query_cycle_8_326.graph,WJ_importance_multi,888985.0,125772.08798324161,-0.858521698360218,0.858521698360218,0.0028192371475953566,1001,6030
query_cycle_8_329.graph,WJ_uniform_multi,1330345.0,464915.3214669114,-0.6505302598446934,0.6505302598446934,0.00020777781625515117,1004,28877
query_cycle_8_329.graph,WJ_importance_multi,1330345.0,6207133.258282541,3.6658071840631874,3.6658071840631874,0.0005446623093681918,1003,33048
query_cycle_8_332.graph,WJ_uniform_multi,7857.0,0.0,-1.0,1.0,0.0,120,50000
query_cycle_8_332.graph,WJ_importance_multi,7857.0,33112.935940159936,3.2144502914802007,3.2144502914802007,6e-05,137,50000
query_cycle_8_335.graph,WJ_uniform_multi,888985.0,1205509.5757409441,0.35605164962394653,0.35605164962394653,0.0052140504939626785,1003,3644
query_cycle_8_335.graph,WJ_importance_multi,888985.0,2408878.6936424645,1.7096955445170217,1.7096955445170217,0.00766384778012685,1000,3784
query_cycle_8_337.graph,WJ_uniform_multi,470730.0,62371.84856,-0.8674997375140738,0.8674997375140738,0.00014,709,50000
query_cycle_8_337.graph,WJ_importance_multi,470730.0,46036.35417401809,-0.902202208964761,0.902202208964761,0.00018,561,50000
query_cycle_8_342.graph,WJ_uniform_multi,694230.0,22979.126204808796,-0.9668998369347207,0.9668998369347207,0.0009046939698667317,1001,28739
query_cycle_8_342.graph,WJ_importance_multi,694230.0,4756620.317282787,5.8516490461126525,5.8516490461126525,0.0009723572718433116,1000,28796
query_cycle_8_347.graph,WJ_uniform_multi,2334314.0,0.0,-1.0,1.0,0.0,590,50000
query_cycle_8_347.graph,WJ_importance_multi,2334314.0,12300.387810928838,-0.9947306198690798,0.9947306198690798,0.00012,667,50000
query_cycle_8_355.graph,WJ_uniform_multi,694230.0,38424.253511235955,-0.9446519834763177,0.9446519834763177,0.0008778089887640449,1002,22784
query_cycle_8_355.graph,WJ_importance_multi,694230.0,26875.265433229197,-0.96128766340661,0.96128766340661,0.0011759764804703905,1000,23810
query_cycle_8_362.graph,WJ_uniform_multi,417444.0,316512.42730543547,-0.24178470092890192,0.24178470092890192,0.0004346461256127303,1001,41413
query_cycle_8_362.graph,WJ_importance_multi,417444.0,129490.2670667064,-0.6898020643087304,0.6898020643087304,0.0004429801489520751,1001,36119
query_cycle_8_372.graph,WJ_uniform_multi,360868.0,80976.37697901517,-0.7756066567858186,0.7756066567858186,0.0004570953667151465,1002,24065
query_cycle_8_372.graph,WJ_importance_multi,360868.0,264223.1722003953,-0.26781213019609573,0.26781213019609573,0.0010109364948074626,1000,21762
query_cycle_8_375.graph,WJ_uniform_multi,438248.0,1835.5848,-0.9958115386721673,0.9958115386721673,6e-05,253,50000
query_cycle_8_375.graph,WJ_importance_multi,438248.0,0.0,-1.0,1.0,0.0,295,50000
query_cycle_8_376.graph,WJ_uniform_multi,694230.0,81239.71045003814,-0.8829786807685664,0.8829786807685664,0.0021357742181540807,1003,13110
query_cycle_8_376.graph,WJ_importance_multi,694230.0,214412.3630685449,-0.6911508245559183,0.6911508245559183,0.0019163417696425032,1001,15133
query_cycle_8_378.graph,WJ_uniform_multi,406518.0,159532.93479473633,-0.6075624331647398,0.6075624331647398,0.00022971154792767368,1004,30473
query_cycle_8_378.graph,WJ_importance_multi,406518.0,57654.87096787067,-0.8581738792184584,0.8581738792184584,0.00045770399034660676,1001,24033
query_cycle_8_383.graph,WJ_uniform_multi,363155.0,90079.26584403592,-0.751953667596382,0.751953667596382,0.0009233610341643582,1001,11913
query_cycle_8_383.graph,WJ_importance_multi,363155.0,406925.9917218163,0.12052977852932302,0.12052977852932302,0.0015017520440513933,1002,11986
query_cycle_8_387.graph,WJ_uniform_multi,150678.0,5897.02288,-0.9608634115132932,0.9608634115132932,0.0001,653,50000
query_cycle_8_387.graph,WJ_importance_multi,150678.0,21131.273934686706,-0.8597587309714311,0.8597587309714311,0.00026,784,50000
query_cycle_8_543.graph,WJ_uniform_multi,694230.0,32013.806392274088,-0.9538858787544847,0.9538858787544847,0.000722662024110633,1001,30443
query_cycle_8_543.graph,WJ_importance_multi,694230.0,51311.63671196297,-0.9260884192386342,0.9260884192386342,0.001172124742487746,1000,28154
query_cycle_8_592.graph,WJ_uniform_multi,1256144.0,67840.56832,-0.9459930005477079,0.9459930005477079,0.00022,910,50000
query_cycle_8_592.graph,WJ_importance_multi,1256144.0,3486267.2655095793,1.7753723024665797,1.7753723024665797,0.00016,844,50000
query_path_4_0.graph,WJ_uniform_multi,2612357.0,5045349.808988764,0.9313400921040899,0.9313400921040899,0.19288389513108614,1001,534
query_path_4_0.graph,WJ_importance_multi,2612357.0,7841663.071231357,2.001757826832763,2.001757826832763,0.3364485981308411,1001,535
query_path_4_1.graph,WJ_uniform_multi,2612357.0,47629384.08971962,17.232341173017172,17.232341173017172,0.19626168224299065,1001,535
query_path_4_1.graph,WJ_importance_multi,2612357.0,4061883.994703389,0.5548732407949559,0.5548732407949559,0.3104089219330855,1000,538
query_path_4_10.graph,WJ_uniform_multi,375950.0,756223.8154425612,1.0115010385491718,1.0115010385491718,0.224105461393597,1000,531
query_path_4_10.graph,WJ_importance_multi,375950.0,796805.1500426404,1.1194444741126224,1.1194444741126224,0.33153153153153153,1001,555
query_path_4_11.graph,WJ_uniform_multi,93742.0,31954.96153846154,-0.6591179883247473,0.6591179883247473,0.018200549450549452,1001,2912
query_path_4_11.graph,WJ_importance_multi,93742.0,49722.33064878803,-0.4695832108469199,0.4695832108469199,0.02150158618258724,1000,2837
query_path_4_12.graph,WJ_uniform_multi,46734.0,85728.65632054176,0.8343958642645989,0.8343958642645989,0.029345372460496615,1000,3544
query_path_4_12.graph,WJ_importance_multi,46734.0,2127968.3021136047,44.53362224747731,44.53362224747731,0.03657908294693457,1000,3882
query_path_4_13.graph,WJ_uniform_multi,296183.0,378065.46206896554,0.2764590205007227,0.2764590205007227,0.08017241379310344,1000,1160
query_path_4_13.graph,WJ_importance_multi,296183.0,787115.5286578063,1.6575310826678316,1.6575310826678316,0.13780918727915195,1000,1132
query_path_4_14.graph,WJ_uniform_multi,1836474.0,6704256.681238616,2.6506134479652945,2.6506134479652945,0.3843351548269581,1000,1098
query_path_4_14.graph,WJ_importance_multi,1836474.0,9404242.594132321,4.120814448847259,4.120814448847259,0.4217749313815188,1000,1093
query_path_4_15.graph,WJ_uniform_multi,283607.0,1539379.6659003831,4.427862027031713,4.427862027031713,0.31340996168582375,1000,1305
query_path_4_15.graph,WJ_importance_multi,283607.0,1096393.9875608308,2.865891841741673,2.865891841741673,0.48621745788667686,1000,1306
query_path_4_16.graph,WJ_uniform_multi,93742.0,222836.33155893537,1.3771237178525675,1.3771237178525675,0.02167300380228137,1001,2630
query_path_4_16.graph,WJ_importance_multi,93742.0,361557.8629354445,2.8569463307316307,2.8569463307316307,0.022619481940897482,1000,2741
query_path_4_17.graph,WJ_uniform_multi,70146.0,99149.56792577865,0.41347429540927,0.41347429540927,0.03412856196156395,1000,3018
query_path_4_17.graph,WJ_importance_multi,70146.0,128800.65693397287,0.8361796386675345,0.8361796386675345,0.04432734035957842,1000,3226
query_path_4_18.graph,WJ_uniform_multi,296183.0,136084.08333333334,-0.5405405329362815,0.5405405329362815,0.07725694444444445,1001,1152
query_path_4_18.graph,WJ_importance_multi,296183.0,246417.8585803999,-0.16802159955027843,0.16802159955027843,0.11634103019538189,1001,1126
query_path_4_19.graph,WJ_uniform_multi,70146.0,80675.21943573668,0.15010434573228243,0.15010434573228243,0.025391849529780564,1000,3190
query_path_4_19.graph,WJ_importance_multi,70146.0,130361.49935745404,0.8584309776388396,0.8584309776388396,0.042143090493302844,1001,3061
query_path_4_2.graph,WJ_uniform_multi,46734.0,88598.04632152588,0.8957942038243223,0.8957942038243223,0.03514986376021798,1001,3670
query_path_4_2.graph,WJ_importance_multi,46734.0,330062.7996912622,6.062583979356832,6.062583979356832,0.0376285868976719,1001,3694
query_path_4_20.graph,WJ_uniform_multi,93742.0,32240.12491513917,-0.6560759860559924,0.6560759860559924,0.021045485403937542,1001,2946
query_path_4_20.graph,WJ_importance_multi,93742.0,204743.62170632105,1.1841183429660243,1.1841183429660243,0.02775721687638786,1002,2702
query_path_4_21.graph,WJ_uniform_multi,2636.0,8836.458015267175,2.3522223123168344,2.3522223123168344,0.03258954785672343,1000,3406
query_path_4_21.graph,WJ_importance_multi,2636.0,11936.660467035535,3.528323394171296,3.528323394171296,0.03566047212456052,1001,3982
query_path_4_3.graph,WJ_uniform_multi,1836474.0,7650429.939505042,3.165825347652644,3.165825347652644,0.37396883593033914,1000,1091
query_path_4_3.graph,WJ_importance_multi,1836474.0,9782080.891248856,4.326555612139815,4.326555612139815,0.51183970856102,1000,1098
query_path_4_9.graph,WJ_uniform_multi,375950.0,1267770.3881700553,2.372178183721387,2.372178183721387,0.2088724584103512,1000,541
query_path_4_9.graph,WJ_importance_multi,375950.0,1371971.8215730977,2.649346513028588,2.649346513028588,0.32532347504621073,1000,541
query_path_6_100.graph,WJ_uniform_multi,998754.0,321951.83235867444,-0.6776465151992639,0.6776465151992639,0.0024366471734892786,1001,12312
query_path_6_100.graph,WJ_importance_multi,998754.0,692215.3869133684,-0.3069210366983578,0.3069210366983578,0.005288810536140206,1001,9643
query_path_6_101.graph,WJ_uniform_multi,581304.0,89490.91525423729,-0.8460514373645506,0.8460514373645506,0.016142050040355124,1002,2478
query_path_6_101.graph,WJ_importance_multi,581304.0,1429039.5149918946,1.4583342192585886,1.4583342192585886,0.02217125382262997,1002,2616
query_path_6_102.graph,WJ_uniform_multi,3999965.0,9914570.774451097,1.4786643819261163,1.4786643819261163,0.06387225548902195,1001,501
query_path_6_102.graph,WJ_importance_multi,3999965.0,2506046.2319772947,-0.37348295998157616,0.37348295998157616,0.10578842315369262,1001,501
query_path_6_103.graph,WJ_uniform_multi,1643774.0,62685.227642276426,-0.9618650570928386,0.9618650570928386,0.0040650406504065045,1003,3444
query_path_6_103.graph,WJ_importance_multi,1643774.0,195959.87989327556,-0.8807866045494847,0.8807866045494847,0.005895924122019995,1002,3901
query_path_6_104.graph,WJ_uniform_multi,1509704.0,405789.8881987578,-0.7312122851905024,0.7312122851905024,0.006211180124223602,1001,3381
query_path_6_104.graph,WJ_importance_multi,1509704.0,11797717.98489176,6.814590134815672,6.814590134815672,0.008802816901408451,1003,3408
query_path_6_105.graph,WJ_uniform_multi,3999965.0,13614129.397979798,2.403562130663593,2.403562130663593,0.06060606060606061,1000,495
query_path_6_105.graph,WJ_importance_multi,3999965.0,10216749.509285582,1.5542097266565038,1.5542097266565038,0.15020576131687244,1002,486
query_path_6_107.graph,WJ_uniform_multi,1643774.0,164712.12480169223,-0.8997963681128353,0.8997963681128353,0.005817028027498678,1002,3782
query_path_6_107.graph,WJ_importance_multi,1643774.0,693648.4387214587,-0.5780147156960393,0.5780147156960393,0.004613297150610584,1003,3685
query_path_6_110.graph,WJ_uniform_multi,1509704.0,185258.4167832168,-0.8772882520128337,0.8772882520128337,0.007692307692307693,1003,2860
query_path_6_110.graph,WJ_importance_multi,1509704.0,444975.83408564696,-0.7052562395769986,0.7052562395769986,0.011818181818181818,1001,3300
query_path_6_113.graph,WJ_uniform_multi,581304.0,175546.1522401044,-0.6980131699762872,0.6980131699762872,0.013049151805132666,1001,2299
query_path_6_113.graph,WJ_importance_multi,581304.0,1275637.0206563517,1.1944404660149452,1.1944404660149452,0.01870503597122302,1000,2780
query_path_6_114.graph,WJ_uniform_multi,1972571.0,50221503.55378909,24.45992187545548,24.45992187545548,0.013248542660307366,1002,3774
query_path_6_114.graph,WJ_importance_multi,1972571.0,1301826.737090087,-0.3400355489916018,0.3400355489916018,0.01488833746898263,1002,4030
query_path_6_115.graph,WJ_uniform_multi,917724.0,1094320.480874317,0.1924287485936044,0.1924287485936044,0.006652411499168448,1000,4209
query_path_6_115.graph,WJ_importance_multi,917724.0,286836.7647356185,-0.6874476806364239,0.6874476806364239,0.013440165417420522,1002,3869
query_path_6_116.graph,WJ_uniform_multi,702727.0,187720.66686460807,-0.7328682875930368,0.7328682875930368,0.01157957244655582,1000,3368
query_path_6_116.graph,WJ_importance_multi,702727.0,251453.168072931,-0.6421751717623899,0.6421751717623899,0.015086206896551725,1000,3248
query_path_6_117.graph,WJ_uniform_multi,1972571.0,6236948.369651205,2.1618372011203677,2.1618372011203677,0.00719165767709457,1000,5562
query_path_6_117.graph,WJ_importance_multi,1972571.0,38279972.349216,18.40613156596949,18.40613156596949,0.010659297275957363,1000,5066
query_path_6_118.graph,WJ_uniform_multi,544536.0,171466.0650406504,-0.6851152815596206,0.6851152815596206,0.007200929152148664,1001,4305
query_path_6_118.graph,WJ_importance_multi,544536.0,5074117.928235774,8.318241453706962,8.318241453706962,0.0176342919153554,1001,3686
query_path_6_119.graph,WJ_uniform_multi,1657561.0,517640.04017408774,-0.6877098096696967,0.6877098096696967,0.006695681285570807,1001,2987
query_path_6_119.graph,WJ_importance_multi,1657561.0,535976.0811429247,-0.676647748624078,0.676647748624078,0.007731958762886598,1000,3492
query_path_6_120.graph,WJ_uniform_multi,3999965.0,2034227.8449612404,-0.4914385888473423,0.4914385888473423,0.029900332225913623,1001,903
query_path_6_120.graph,WJ_importance_multi,3999965.0,1134377.8116442985,-0.7164030656157495,0.7164030656157495,0.08037825059101655,1000,846
query_path_6_122.graph,WJ_uniform_multi,581304.0,320444.795,-0.4487483399391713,0.4487483399391713,0.013928571428571429,1000,2800
query_path_6_122.graph,WJ_importance_multi,581304.0,1478945.1610537497,1.5441854194255498,1.5441854194255498,0.016556291390728478,1000,2718
query_path_6_123.graph,WJ_uniform_multi,1657561.0,189424.7672413793,-0.8857207866006866,0.8857207866006866,0.0049261083743842365,1001,3248
query_path_6_123.graph,WJ_importance_multi,1657561.0,579596.8404032383,-0.6503315169678592,0.6503315169678592,0.008583690987124463,1002,3262
query_path_6_124.graph,WJ_uniform_multi,3999965.0,2597133.2948255115,-0.3507109950148285,0.3507109950148285,0.049338146811071,1000,831
query_path_6_124.graph,WJ_importance_multi,3999965.0,2428420.3419215064,-0.39288960230364356,0.39288960230364356,0.07793764988009592,1000,834
query_path_6_125.graph,WJ_uniform_multi,3999965.0,4065227.4170854273,0.01631574703414338,0.01631574703414338,0.05025125628140704,1000,796
query_path_6_125.graph,WJ_importance_multi,3999965.0,2238985.8523978526,-0.44024863907612877,0.44024863907612877,0.06995412844036697,1001,872
query_path_6_127.graph,WJ_uniform_multi,364997.0,487269.31786988745,0.3349954050852129,0.3349954050852129,0.014548449080428218,1001,7286
query_path_6_127.graph,WJ_importance_multi,364997.0,5102512.725054701,12.97960181879495,12.97960181879495,0.021638561408744962,1000,6701
query_path_6_128.graph,WJ_uniform_multi,702727.0,1110121.7587301587,0.5797340343122702,0.5797340343122702,0.014965986394557823,1001,2205
query_path_6_128.graph,WJ_importance_multi,702727.0,770628.4631842207,0.09662566428246064,0.09662566428246064,0.02561837455830389,1001,2264
query_path_6_129.graph,WJ_uniform_multi,544536.0,4368078.791025965,7.021652913720975,7.021652913720975,0.011091504915553314,1000,3967
query_path_6_129.graph,WJ_importance_multi,544536.0,174526.92988932182,-0.6794942301531546,0.6794942301531546,0.015297717109908213,1002,4249
query_path_6_130.graph,WJ_uniform_multi,1657561.0,631993.9894366197,-0.6187205240491181,0.6187205240491181,0.004694835680751174,1000,3408
query_path_6_130.graph,WJ_importance_multi,1657561.0,180574.0397422415,-0.8910603955195364,0.8910603955195364,0.008168822328114363,1001,2938
query_path_6_131.graph,WJ_uniform_multi,364997.0,290718.0456059441,-0.203505657290487,0.203505657290487,0.0156290033307712,1001,7806
query_path_6_131.graph,WJ_importance_multi,364997.0,305684.1890227597,-0.1625021876268581,0.1625021876268581,0.01770748851040822,1000,7398
query_path_6_132.graph,WJ_uniform_multi,1657561.0,636874.699787943,-0.6157760107845545,0.6157760107845545,0.004241139048773099,1001,3301
query_path_6_132.graph,WJ_importance_multi,1657561.0,33079408.910306603,18.956676653412213,18.956676653412213,0.008610086100861008,1001,3252
query_path_6_22.graph,WJ_uniform_multi,989027.0,2274374.903272204,1.2996085074241694,1.2996085074241694,0.011147069399496584,1001,2781
query_path_6_22.graph,WJ_importance_multi,989027.0,1322824.411990321,0.3375008083604603,0.3375008083604603,0.026041666666666668,1000,2880
query_path_6_27.graph,WJ_uniform_multi,1430349.0,125120.63037492057,-0.9125244046208858,0.9125244046208858,0.0018004660029654735,1001,9442
query_path_6_27.graph,WJ_importance_multi,1430349.0,885659.2881593307,-0.3808089577023994,0.3808089577023994,0.0022453561951418658,1003,9798
query_path_6_28.graph,WJ_uniform_multi,3999965.0,4282191.183266932,0.07055716319191097,0.07055716319191097,0.05776892430278884,1002,502
query_path_6_28.graph,WJ_importance_multi,3999965.0,10937478.310043534,1.7343935034540388,1.7343935034540388,0.16533864541832669,1000,502
query_path_6_29.graph,WJ_uniform_multi,1430349.0,532551.301369863,-0.6276773700894935,0.6276773700894935,0.0015220700152207,1001,9198
query_path_6_29.graph,WJ_importance_multi,1430349.0,353310.643834858,-0.7529899039780795,0.7529899039780795,0.0027400672561962883,1003,8029
query_path_6_30.graph,WJ_uniform_multi,1509704.0,2013007.8807984255,0.33337917949374546,0.33337917949374546,0.003654765251616531,1003,3557
query_path_6_30.graph,WJ_importance_multi,1509704.0,142786.6076531509,-0.9054207926499825,0.9054207926499825,0.008686936184430337,1002,2993
query_path_6_31.graph,WJ_uniform_multi,1430349.0,505022.7894310589,-0.6469233806357337,0.6469233806357337,0.0015185260174124316,1003,9878
query_path_6_31.graph,WJ_importance_multi,1430349.0,33902.53050088488,-0.9762977213946492,0.9762977213946492,0.0019062570082978246,1002,8918
query_path_6_32.graph,WJ_uniform_multi,1643774.0,64381.01350675338,-0.9608334153559106,0.9608334153559106,0.0030015007503751876,1003,3998
query_path_6_32.graph,WJ_importance_multi,1643774.0,288632.9217521658,-0.8244083908419492,0.8244083908419492,0.006903353057199211,1000,3042
query_path_6_34.graph,WJ_uniform_multi,1509704.0,150719.554082555,-0.9001661556950534,0.9001661556950534,0.005122024706236818,1001,3319
query_path_6_34.graph,WJ_importance_multi,1509704.0,378764.48946126545,-0.7491134093429801,0.7491134093429801,0.008635578583765112,1003,3474
query_path_6_36.graph,WJ_uniform_multi,989027.0,364788.9748127978,-0.6311637854044453,0.6311637854044453,0.007261175402768323,1001,4407
query_path_6_36.graph,WJ_importance_multi,989027.0,319593.3267007389,-0.6768608675994296,0.6768608675994296,0.010606808090774543,1000,4054
query_path_6_37.graph,WJ_uniform_multi,581304.0,117692.02898550725,-0.7975378992996655,0.7975378992996655,0.02236024844720497,1000,2415
query_path_6_37.graph,WJ_importance_multi,581304.0,398848.49319467356,-0.3138727873975174,0.3138727873975174,0.02217125382262997,1002,2616
query_path_6_38.graph,WJ_uniform_multi,1643774.0,1184423.3511922285,-0.27944878603005735,0.27944878603005735,0.004415660877244628,1003,3397
query_path_6_38.graph,WJ_importance_multi,1643774.0,300469.1234538709,-0.817207764903283,0.817207764903283,0.007170435741864313,1001,3626
query_path_6_39.graph,WJ_uniform_multi,1509704.0,1318217.6827231855,-0.1268369940576527,0.1268369940576527,0.007385998715478484,1003,3114
query_path_6_39.graph,WJ_importance_multi,1509704.0,1203374.588204367,-0.2029069352638881,0.2029069352638881,0.009753298909925417,1003,3486
query_path_6_40.graph,WJ_uniform_multi,1657561.0,248720.5456442358,-0.8499478778493004,0.8499478778493004,0.003129890453834116,1002,3834
query_path_6_40.graph,WJ_importance_multi,1657561.0,76547.61041990893,-0.9538191291784079,0.9538191291784079,0.008138020833333334,1000,3072
query_path_6_42.graph,WJ_uniform_multi,1509704.0,113926.31274346133,-0.9245373180812522,0.9245373180812522,0.0047301057317751805,1003,3594
query_path_6_42.graph,WJ_importance_multi,1509704.0,512851.2159444644,-0.6602968423316993,0.6602968423316993,0.00935399006138556,1001,3421
query_path_6_45.graph,WJ_uniform_multi,1509704.0,245828.608668143,-0.8371676774598578,0.8371676774598578,0.004112622587788674,1001,3161
query_path_6_45.graph,WJ_importance_multi,1509704.0,215179.61660573943,-0.8574690027940978,0.8574690027940978,0.007703281027104137,1003,3505
query_path_6_48.graph,WJ_uniform_multi,544536.0,400798.76442307694,-0.2639627785434261,0.2639627785434261,0.011057692307692308,1002,4160
query_path_6_48.graph,WJ_importance_multi,544536.0,5456969.811084085,9.02132055747294,9.02132055747294,0.01692126909518214,1001,4255
query_path_6_49.graph,WJ_uniform_multi,1643774.0,330382.74392523366,-0.7990096303231262,0.7990096303231262,0.003471295060080107,1003,3745
query_path_6_49.graph,WJ_importance_multi,1643774.0,284135.4585086055,-0.8271444502050734,0.8271444502050734,0.008565310492505354,1003,3736
query_path_6_5.graph,WJ_uniform_multi,544536.0,128884.09466076008,-0.7633139137526994,0.7633139137526994,0.010725110748426206,1000,4289
query_path_6_5.graph,WJ_importance_multi,544536.0,4505776.731112489,7.274524973762044,7.274524973762044,0.016148183329375444,1001,4211
query_path_6_50.graph,WJ_uniform_multi,537440.0,3594682.8862135923,5.688528740349792,5.688528740349792,0.002524271844660194,1000,5150
query_path_6_50.graph,WJ_importance_multi,537440.0,42028.43771342372,-0.9217988283093485,0.9217988283093485,0.0027803521779425394,1002,5395
query_path_6_51.graph,WJ_uniform_multi,1657561.0,525083.1915034848,-0.6832193858907849,0.6832193858907849,0.004978426817125788,1001,3013
query_path_6_51.graph,WJ_importance_multi,1657561.0,3709910.7131876843,1.2381744703137225,1.2381744703137225,0.008623344625808438,1003,3247
query_path_6_52.graph,WJ_uniform_multi,1430349.0,673164.3267945678,-0.5293705754367866,0.5293705754367866,0.0014011640439749945,1000,9278
query_path_6_52.graph,WJ_importance_multi,1430349.0,636721.9351394923,-0.5548485473548818,0.5548485473548818,0.0018482153170844404,1000,8657
query_path_6_53.graph,WJ_uniform_multi,702727.0,2364538.6168922074,2.364803994854627,2.364803994854627,0.018665422305179653,1002,2143
query_path_6_53.graph,WJ_importance_multi,702727.0,630569.0708634233,-0.10268273331831097,0.10268273331831097,0.03007181328545781,1002,2228
query_path_6_54.graph,WJ_uniform_multi,537440.0,3631351.2460040417,5.756756560739881,5.756756560739881,0.003858166452324086,1000,5443
query_path_6_54.graph,WJ_importance_multi,537440.0,94654.76475007676,-0.8238784520131052,0.8238784520131052,0.004354379500921119,1000,5971
query_path_6_55.graph,WJ_uniform_multi,989027.0,1219115.1928089887,0.23264096208595794,0.23264096208595794,0.0071910112359550565,1001,4450
query_path_6_55.graph,WJ_importance_multi,989027.0,9152881.474282824,8.254430338385932,8.254430338385932,0.010228509249183896,1001,4595
query_path_6_57.graph,WJ_uniform_multi,702727.0,640590.548642534,-0.08842189265172115,0.08842189265172115,0.013857466063348416,1002,3536
query_path_6_57.graph,WJ_importance_multi,702727.0,108064.0566219343,-0.8462218519824423,0.8462218519824423,0.016159105034182723,1000,3218
query_path_6_58.graph,WJ_uniform_multi,1509704.0,2785835.6455142233,0.8452859934889377,0.8452859934889377,0.0057439824945295405,1000,3656
query_path_6_58.graph,WJ_importance_multi,1509704.0,1594882.2877293248,0.05642052198929378,0.05642052198929378,0.00925096985974336,1002,3351
query_path_6_59.graph,WJ_uniform_multi,537440.0,1426769.722072799,1.6547516412488816,1.6547516412488816,0.0016137708445400753,1002,5577
query_path_6_59.graph,WJ_importance_multi,537440.0,8588.242497185804,-0.9840200906200025,0.9840200906200025,0.001770196330865787,1002,6214
query_path_6_60.graph,WJ_uniform_multi,1643774.0,24201.92618025751,-0.98527660969193,0.98527660969193,0.004005722460658083,1002,3495
query_path_6_60.graph,WJ_importance_multi,1643774.0,73026453.13623317,43.42609089584892,43.42609089584892,0.00922893718368562,1002,3359
query_path_6_62.graph,WJ_uniform_multi,1657561.0,93720.82574068174,-0.9434585962503451,0.9434585962503451,0.004460019114367633,1003,3139
query_path_6_62.graph,WJ_importance_multi,1657561.0,426670.9979029234,-0.7425910733282677,0.7425910733282677,0.008400537634408602,1001,2976
query_path_6_63.graph,WJ_uniform_multi,3999965.0,6821267.874509804,0.7053318902814909,0.7053318902814909,0.06862745098039216,1000,510
query_path_6_63.graph,WJ_importance_multi,3999965.0,7142327.063324515,0.7855973898082895,0.7855973898082895,0.13995943204868155,1001,493
query_path_6_66.graph,WJ_uniform_multi,537440.0,85004.6050389033,-0.8418342418895071,0.8418342418895071,0.0035198221563542053,1001,5398
query_path_6_66.graph,WJ_importance_multi,537440.0,1280084.3033948916,1.381818069728512,1.381818069728512,0.004632203075782842,1002,5397
query_path_6_67.graph,WJ_uniform_multi,537440.0,288251.3244886678,-0.4636585953991743,0.4636585953991743,0.002579694121982679,1001,5427
query_path_6_67.graph,WJ_importance_multi,537440.0,277827.27480534796,-0.4830543413118712,0.4830543413118712,0.004306477660147138,1000,5573
query_path_6_68.graph,WJ_uniform_multi,702727.0,106509.76947637292,-0.8484336456741053,0.8484336456741053,0.011174968071519796,1000,3132
query_path_6_68.graph,WJ_importance_multi,702727.0,714951.0595385447,0.017395175563973974,0.017395175563973974,0.021512838306731435,1001,2882
query_path_6_69.graph,WJ_uniform_multi,1509704.0,327214.91244788567,-0.7832588954868732,0.7832588954868732,0.003275759380583681,1002,3358
query_path_6_69.graph,WJ_importance_multi,1509704.0,2527880.86401226,0.6744215183984807,0.6744215183984807,0.009009009009009009,1003,3108
query_path_6_70.graph,WJ_uniform_multi,1643774.0,543715.6533637401,-0.6692272457383193,0.6692272457383193,0.003135689851767389,1002,3508
query_path_6_70.graph,WJ_importance_multi,1643774.0,122886.127800335,-0.9252414700558989,0.9252414700558989,0.006810133478616181,1002,3671
query_path_6_71.graph,WJ_uniform_multi,1509704.0,426298.0392393601,-0.7176280653430341,0.7176280653430341,0.005433142167220043,1002,3313
query_path_6_71.graph,WJ_importance_multi,1509704.0,712527.1015778222,-0.528035229702099,0.528035229702099,0.007557436517533253,1002,3308
query_path_6_73.graph,WJ_uniform_multi,1430349.0,184518.65290047898,-0.870997460829155,0.870997460829155,0.0015965939329430547,1001,9395
query_path_6_73.graph,WJ_importance_multi,1430349.0,83195.25705492026,-0.9418356939076266,0.9418356939076266,0.0025099351600083664,1002,9562
query_path_6_75.graph,WJ_uniform_multi,3999965.0,288761032.9917355,71.19088991822066,71.19088991822066,0.03896103896103896,1001,847
query_path_6_75.graph,WJ_importance_multi,3999965.0,608017.3738372708,-0.8479943264910391,0.8479943264910391,0.06729634002361275,1000,847
query_path_6_76.graph,WJ_uniform_multi,998754.0,411520.3590227175,-0.587966246920946,0.587966246920946,0.003343334762108873,1002,11665
query_path_6_76.graph,WJ_importance_multi,998754.0,848916.0930839486,-0.15002483786402998,0.15002483786402998,0.004803616840915513,1000,10617
query_path_6_77.graph,WJ_uniform_multi,537440.0,136802.37698630136,-0.7454555355271261,0.7454555355271261,0.0031050228310502285,1001,5475
query_path_6_77.graph,WJ_importance_multi,537440.0,245589.97774920662,-0.5430374037116579,0.5430374037116579,0.004035216434336023,1001,5452
query_path_6_78.graph,WJ_uniform_multi,537440.0,13164.812737470598,-0.9755045907683265,0.9755045907683265,0.002894879681563235,1000,5527
query_path_6_78.graph,WJ_importance_multi,537440.0,2068882.7149941649,2.849513834091554,2.849513834091554,0.004060734463276836,1001,5664
query_path_6_80.graph,WJ_uniform_multi,989027.0,110977.91795730431,-0.8877908106074918,0.8877908106074918,0.007325240686479699,1000,4778
query_path_6_80.graph,WJ_importance_multi,989027.0,861530.6581197835,-0.1289108809771791,0.1289108809771791,0.01172144334635716,1000,4351
query_path_6_81.graph,WJ_uniform_multi,1430349.0,391024.35369261476,-0.7266231152728357,0.7266231152728357,0.0012974051896207585,1002,10020
query_path_6_81.graph,WJ_importance_multi,1430349.0,185642.91775302144,-0.870211453461343,0.870211453461343,0.0015076459185871204,1002,9286
query_path_6_83.graph,WJ_uniform_multi,917724.0,210056.27011764707,-0.7711117175559896,0.7711117175559896,0.007294117647058823,1001,4250
query_path_6_83.graph,WJ_importance_multi,917724.0,2404322.729226682,1.6198756153556864,1.6198756153556864,0.0121699196326062,1001,4355
query_path_6_84.graph,WJ_uniform_multi,989027.0,210452.79138181065,-0.7872122890661117,0.7872122890661117,0.00725088046405635,1002,4827
query_path_6_84.graph,WJ_importance_multi,989027.0,191534.470711894,-0.8063405036344873,0.8063405036344873,0.01051018173855923,1002,4567
query_path_6_85.graph,WJ_uniform_multi,233850.0,514306.1567209162,1.1992993659222417,1.1992993659222417,0.0021527598381124603,1000,11613
query_path_6_85.graph,WJ_importance_multi,233850.0,108812.0536695299,-0.5346929498844135,0.5346929498844135,0.003009328919650918,1001,9969
query_path_6_86.graph,WJ_uniform_multi,998754.0,722253.6995665635,-0.2768452496144561,0.2768452496144561,0.005572755417956657,1000,8075
query_path_6_86.graph,WJ_importance_multi,998754.0,914910.0460090161,-0.08394855388912975,0.08394855388912975,0.00825082508250825,1000,6666
query_path_6_87.graph,WJ_uniform_multi,537440.0,21518.90204158082,-0.9599603638702352,0.9599603638702352,0.001311106948866829,1000,5339
query_path_6_87.graph,WJ_importance_multi,537440.0,40105.1435998886,-0.9253774493899066,0.9253774493899066,0.004471771939631079,1000,5367
query_path_6_89.graph,WJ_uniform_multi,3999965.0,7162168.096774193,0.7905576915733497,0.7905576915733497,0.07862903225806452,1001,496
query_path_6_89.graph,WJ_importance_multi,3999965.0,4105103.595662754,0.026284878908378956,0.026284878908378956,0.11494252873563218,1000,522
query_path_6_90.graph,WJ_uniform_multi,917724.0,145560.3590974556,-0.8413898306054374,0.8413898306054374,0.01128180508881421,1002,4166
query_path_6_90.graph,WJ_importance_multi,917724.0,1731650.1551813933,0.8868964472776055,0.8868964472776055,0.011488970588235295,1000,4352
query_path_6_91.graph,WJ_uniform_multi,1972571.0,10822222.351529988,4.486353774606839,4.486353774606839,0.012239902080783354,1001,4085
query_path_6_91.graph,WJ_importance_multi,1972571.0,2180587.55877767,0.105454535617562,0.105454535617562,0.013945119208277103,1001,4446
query_path_6_92.graph,WJ_uniform_multi,1509704.0,541347.6043557168,-0.6414213618327057,0.6414213618327057,0.007259528130671506,1003,3306
query_path_6_92.graph,WJ_importance_multi,1509704.0,562536.6740413992,-0.6273861140717656,0.6273861140717656,0.01185647425897036,1000,3205
query_path_6_93.graph,WJ_uniform_multi,1430349.0,28851.418383518227,-0.9798291057752211,0.9798291057752211,0.001697985057731492,1000,8834
query_path_6_93.graph,WJ_importance_multi,1430349.0,24458.607704975406,-0.9829002518231736,0.9829002518231736,0.002104097452934662,1002,9030
query_path_6_94.graph,WJ_uniform_multi,1657561.0,37770.414331118176,-0.9772132583168173,0.9772132583168173,0.004911875180583647,1003,3461
query_path_6_94.graph,WJ_importance_multi,1657561.0,222751.5079910381,-0.865614895626141,0.865614895626141,0.008656716417910448,1001,3350
query_path_6_95.graph,WJ_uniform_multi,1643774.0,51165.60023584906,-0.9688730931162988,0.9688730931162988,0.003242924528301887,1003,3392
query_path_6_95.graph,WJ_importance_multi,1643774.0,105567.3189293883,-0.9357774737102618,0.9357774737102618,0.007191994996873046,1001,3198
query_path_6_96.graph,WJ_uniform_multi,3999965.0,695094.932416953,-0.8262247463622924,0.8262247463622924,0.05154639175257732,1001,873
query_path_6_96.graph,WJ_importance_multi,3999965.0,741618.9834707757,-0.8145936318265846,0.8145936318265846,0.09183673469387756,1000,784
query_path_6_98.graph,WJ_uniform_multi,581304.0,130726.53972055888,-0.7751150177522279,0.7751150177522279,0.012375249500998005,1002,2505
query_path_6_98.graph,WJ_importance_multi,581304.0,369297.1414928524,-0.3647090997260428,0.3647090997260428,0.022005772005772004,1001,2772
query_path_6_99.graph,WJ_uniform_multi,1657561.0,139858.8379615502,-0.9156237158321473,0.9156237158321473,0.004882514494964907,1003,3277
query_path_6_99.graph,WJ_importance_multi,1657561.0,505850.2598040507,-0.6948225375693259,0.6948225375693259,0.009442870632672332,1000,3177
query_path_8_169.graph,WJ_uniform_multi,116918.0,107556.49039729917,-0.08006901933578085,0.08006901933578085,0.000268294318867798,1001,44727
query_path_8_169.graph,WJ_importance_multi,116918.0,219306.4245600649,0.8757284982642953,0.8757284982642953,0.0004987779939149084,1003,40098
query_path_8_179.graph,WJ_uniform_multi,809416.0,58561.26056833015,-0.9276499839781642,0.9276499839781642,0.0005522642835626067,1001,19918
query_path_8_179.graph,WJ_importance_multi,809416.0,256400.93973285006,-0.6832272407107717,0.6832272407107717,0.0010804386580951866,1000,18511
query_path_8_185.graph,WJ_uniform_multi,809416.0,258936.89206014748,-0.6800941764677898,0.6800941764677898,0.001436643999616895,1001,10441
query_path_8_185.graph,WJ_importance_multi,809416.0,492248.93734389456,-0.3918467915831976,0.3918467915831976,0.003938375999073323,1002,8633
query_path_8_209.graph,WJ_uniform_multi,1970878.0,34683045.50624688,16.5977637916943,16.5977637916943,0.001285071749839366,1002,14007
query_path_8_209.graph,WJ_importance_multi,1970878.0,1724540.3238350227,-0.12498879999927812,0.12498879999927812,0.002191742081447964,1002,14144
query_path_8_221.graph,WJ_uniform_multi,1970878.0,19390.293007031727,-0.9901615965031667,0.9901615965031667,0.0009412546370632856,1002,18061
query_path_8_221.graph,WJ_importance_multi,1970878.0,1469138.9043007728,-0.25457643532437174,0.25457643532437174,0.0022384800174710634,1002,18316
query_path_8_254.graph,WJ_uniform_multi,470730.0,50851.388921539816,-0.8919733415725791,0.8919733415725791,0.000257126065236556,1001,27224
query_path_8_254.graph,WJ_importance_multi,470730.0,1375011.8815291314,1.9210202908867746,1.9210202908867746,0.0006839394914708722,1004,24856
query_path_8_275.graph,WJ_uniform_multi,1322596.0,1720471.8762505436,0.300829487047098,0.300829487047098,0.0013049151805132667,1004,9196
query_path_8_275.graph,WJ_importance_multi,1322596.0,96838.0707058935,-0.9267818209748907,0.9267818209748907,0.0013401232913428035,1001,11193
query_path_8_280.graph,WJ_uniform_multi,1970878.0,429500.7913910996,-0.7820764190421226,0.7820764190421226,0.0011769980943840378,1000,17842
query_path_8_280.graph,WJ_importance_multi,1970878.0,421330.51093719597,-0.7862219219367226,0.7862219219367226,0.0017212659633536924,1000,18010
query_path_8_295.graph,WJ_uniform_multi,406518.0,4338.439815026784,-0.9893278038979165,0.9893278038979165,0.0003662835950734856,1003,21841
query_path_8_295.graph,WJ_importance_multi,406518.0,1867276.1279993895,3.593341815121076,3.593341815121076,0.0008091433195104683,1002,19774
query_path_8_7.graph,WJ_uniform_multi,609320.0,388421.4945519941,-0.362532832416474,0.362532832416474,0.0006611657674812229,1003,37812
query_path_8_7.graph,WJ_importance_multi,609320.0,18124.480591130607,-0.9702545779046633,0.9702545779046633,0.000774477227871187,1000,40027
query_star_4_10.graph,WJ_uniform_multi,2440.0,4549.8533504602865,0.8646939960902813,0.8646939960902813,0.002943695140226932,1000,18684
query_star_4_10.graph,WJ_importance_multi,2440.0,3225.4430605516486,0.32190289366870845,0.32190289366870845,0.003588087549336204,1002,22296
query_star_4_6.graph,WJ_uniform_multi,2636.0,4438.200871124775,0.6836877356315536,0.6836877356315536,0.027671022290545733,1001,3903
query_star_4_6.graph,WJ_importance_multi,2636.0,7241.94070733402,1.7473219678808876,1.7473219678808876,0.03836930455635491,1000,3753
query_star_4_7.graph,WJ_uniform_multi,2636.0,6429.983770624831,1.4392958158667795,1.4392958158667795,0.027589937787395186,1001,3697
query_star_4_7.graph,WJ_importance_multi,2636.0,16881.92202628564,5.404371026663748,5.404371026663748,0.038364603752450294,1001,3571
query_star_4_8.graph,WJ_uniform_multi,2440.0,1769.006213936973,-0.2749974533045193,0.2749974533045193,0.002330226364846871,1001,18024
query_star_4_8.graph,WJ_importance_multi,2440.0,3503.269630620056,0.4357662420574,0.4357662420574,0.0035784420685140736,1000,22915
query_star_4_9.graph,WJ_uniform_multi,2440.0,6517.723505931298,1.6711981581685647,1.6711981581685647,0.0026423792657558893,1002,17787
query_star_4_9.graph,WJ_importance_multi,2440.0,7609.527967751861,2.118659003176992,2.118659003176992,0.003494706547435502,1000,19458
query_tree_6_6.graph,WJ_uniform_multi,1117700.0,224676.67368421052,-0.7989830243498162,0.7989830243498162,0.0010651629072681705,1000,15960
query_tree_6_6.graph,WJ_importance_multi,1117700.0,93237.1190319753,-0.9165812659640554,0.9165812659640554,0.0017613903240958197,1002,17032
